-- phpMyAdmin SQL Dump
-- version 5.2.1
-- https://www.phpmyadmin.net/
--
-- Host: 127.0.0.1
-- Generation Time: Jul 24, 2025 at 10:31 AM
-- Server version: 10.4.32-MariaDB
-- PHP Version: 8.2.12

SET SQL_MODE = "NO_AUTO_VALUE_ON_ZERO";
START TRANSACTION;
SET time_zone = "+00:00";


/*!40101 SET @OLD_CHARACTER_SET_CLIENT=@@CHARACTER_SET_CLIENT */;
/*!40101 SET @OLD_CHARACTER_SET_RESULTS=@@CHARACTER_SET_RESULTS */;
/*!40101 SET @OLD_COLLATION_CONNECTION=@@COLLATION_CONNECTION */;
/*!40101 SET NAMES utf8mb4 */;

--
-- Database: `warehouse_st`
--

-- --------------------------------------------------------

--
-- Table structure for table `layout`
--

CREATE TABLE `layout` (
  `jalur` varchar(30) NOT NULL,
  `jumlah_box` double NOT NULL,
  `keterangan` text NOT NULL,
  `gd_setting` varchar(30) NOT NULL,
  `status` varchar(30) NOT NULL
) ENGINE=InnoDB DEFAULT CHARSET=utf8mb4 COLLATE=utf8mb4_general_ci;

--
-- Dumping data for table `layout`
--

INSERT INTO `layout` (`jalur`, `jumlah_box`, `keterangan`, `gd_setting`, `status`) VALUES
('A.1.01', 100, '', 'GD SETTING', ''),
('A.1.02', 100, '', 'GD SETTING', ''),
('A.1.03', 100, '', 'GD SETTING', ''),
('A.1.04', 100, '', 'GD SETTING', ''),
('A.1.05', 100, '', 'GD SETTING', ''),
('A.1.06', 100, '', 'GD SETTING', ''),
('A.1.07', 100, '', 'GD SETTING', ''),
('A.1.08', 100, '', 'GD SETTING', ''),
('A.1.09', 100, '', 'GD SETTING', ''),
('A.1.10', 100, '', 'GD SETTING', ''),
('A.2.01', 100, '', 'GD SETTING', ''),
('A.2.02', 100, '', 'GD SETTING', ''),
('A.2.03', 100, '', 'GD SETTING', ''),
('A.2.04', 100, '', 'GD SETTING', ''),
('A.2.05', 100, '', 'GD SETTING', ''),
('A.2.06', 100, '', 'GD SETTING', ''),
('A.2.07', 100, '', 'GD SETTING', ''),
('A.2.08', 100, '', 'GD SETTING', ''),
('A.2.09', 100, '', 'GD SETTING', ''),
('A.2.10', 100, '', 'GD SETTING', ''),
('B.1.01', 100, '', 'GD SETTING', ''),
('B.1.02', 100, '', 'GD SETTING', ''),
('B.1.03', 100, '', 'GD SETTING', ''),
('B.1.04', 100, '', 'GD SETTING', ''),
('B.1.05', 100, '', 'GD SETTING', ''),
('B.1.06', 100, '', 'GD SETTING', ''),
('B.1.07', 100, '', 'GD SETTING', ''),
('B.1.08', 100, '', 'GD SETTING', ''),
('B.1.09', 100, '', 'GD SETTING', ''),
('B.1.10', 100, '', 'GD SETTING', ''),
('B.2.01', 100, '', 'GD SETTING', ''),
('B.2.02', 100, '', 'GD SETTING', ''),
('B.2.03', 100, '', 'GD SETTING', ''),
('B.2.04', 100, '', 'GD SETTING', ''),
('B.2.05', 100, '', 'GD SETTING', ''),
('B.2.06', 100, '', 'GD SETTING', ''),
('B.2.07', 100, '', 'GD SETTING', ''),
('B.2.08', 100, '', 'GD SETTING', ''),
('B.2.09', 100, '', 'GD SETTING', ''),
('B.2.10', 100, '', 'GD SETTING', ''),
('C.1.01', 100, '', 'GD SETTING', ''),
('C.1.02', 100, '', 'GD SETTING', ''),
('C.1.03', 100, '', 'GD SETTING', ''),
('C.1.04', 100, '', 'GD SETTING', ''),
('C.1.05', 100, '', 'GD SETTING', ''),
('C.1.06', 100, '', 'GD SETTING', ''),
('C.1.07', 100, '', 'GD SETTING', ''),
('C.1.08', 100, '', 'GD SETTING', ''),
('C.1.09', 100, '', 'GD SETTING', ''),
('C.1.10', 100, '', 'GD SETTING', ''),
('C.2.01', 100, '', 'GD SETTING', ''),
('C.2.02', 100, '', 'GD SETTING', ''),
('C.2.03', 100, '', 'GD SETTING', ''),
('C.2.04', 100, '', 'GD SETTING', ''),
('C.2.05', 100, '', 'GD SETTING', ''),
('C.2.06', 100, '', 'GD SETTING', ''),
('C.2.07', 100, '', 'GD SETTING', ''),
('C.2.08', 100, '', 'GD SETTING', ''),
('C.2.09', 100, '', 'GD SETTING', ''),
('C.2.10', 100, '', 'GD SETTING', '');

-- --------------------------------------------------------

--
-- Table structure for table `migrations`
--

CREATE TABLE `migrations` (
  `id` bigint(20) UNSIGNED NOT NULL,
  `version` varchar(255) NOT NULL,
  `class` varchar(255) NOT NULL,
  `group` varchar(255) NOT NULL,
  `namespace` varchar(255) NOT NULL,
  `time` int(11) NOT NULL,
  `batch` int(11) UNSIGNED NOT NULL
) ENGINE=InnoDB DEFAULT CHARSET=utf8mb4 COLLATE=utf8mb4_general_ci;

--
-- Dumping data for table `migrations`
--

INSERT INTO `migrations` (`id`, `version`, `class`, `group`, `namespace`, `time`, `batch`) VALUES
(1, '2024-09-02-151156', 'App\\Database\\Migrations\\User', 'default', 'App', 1751255685, 1),
(2, '2024-09-02-151630', 'App\\Database\\Migrations\\TabelInduk', 'default', 'App', 1751255685, 1),
(3, '2024-09-02-152934', 'App\\Database\\Migrations\\TabelAnak', 'default', 'App', 1751255685, 1),
(4, '2024-09-02-154818', 'App\\Database\\Migrations\\Layout', 'default', 'App', 1751255685, 1),
(5, '2024-09-02-155547', 'App\\Database\\Migrations\\Pemasukan', 'default', 'App', 1751255685, 1),
(6, '2024-09-02-160630', 'App\\Database\\Migrations\\Permintaan', 'default', 'App', 1751255685, 1),
(7, '2024-09-02-161626', 'App\\Database\\Migrations\\Pengeluaran', 'default', 'App', 1751255685, 1),
(8, '2024-09-02-162327', 'App\\Database\\Migrations\\Stock', 'default', 'App', 1751255685, 1),
(9, '2024-09-02-162812', 'App\\Database\\Migrations\\Pesan', 'default', 'App', 1751255685, 1);

-- --------------------------------------------------------

--
-- Table structure for table `pemasukan`
--

CREATE TABLE `pemasukan` (
  `id_masuk` int(11) UNSIGNED NOT NULL,
  `id_anak` int(11) UNSIGNED NOT NULL,
  `created_at` datetime NOT NULL,
  `updated_at` datetime NOT NULL,
  `qty_masuk` double NOT NULL,
  `box_masuk` double NOT NULL,
  `jalur` varchar(30) NOT NULL,
  `gd_setting` varchar(30) NOT NULL,
  `note` varchar(50) NOT NULL,
  `hapus_jalur` varchar(10) NOT NULL,
  `ket_masuk` text NOT NULL,
  `admin` varchar(30) NOT NULL
) ENGINE=InnoDB DEFAULT CHARSET=utf8mb4 COLLATE=utf8mb4_general_ci;

--
-- Dumping data for table `pemasukan`
--

INSERT INTO `pemasukan` (`id_masuk`, `id_anak`, `created_at`, `updated_at`, `qty_masuk`, `box_masuk`, `jalur`, `gd_setting`, `note`, `hapus_jalur`, `ket_masuk`, `admin`) VALUES
(1, 879, '2025-07-23 11:04:08', '0000-00-00 00:00:00', 832.53, 70, 'A.1.01', '', '', '', '', 'gudang'),
(2, 831, '2025-07-23 11:04:08', '0000-00-00 00:00:00', 260.51, 25, 'B.1.01', '', '', '', '', 'gudang'),
(3, 313, '2025-07-23 11:04:08', '0000-00-00 00:00:00', 56.01, 10, 'A.1.01', '', '', '', '', 'gudang'),
(4, 246, '2025-07-23 11:04:08', '0000-00-00 00:00:00', 5.29, 1, 'B.1.01', '', '', '', '', 'gudang'),
(5, 250, '2025-07-23 11:04:08', '0000-00-00 00:00:00', 5.75, 1, 'B.1.01', '', '', '', '', 'gudang'),
(6, 253, '2025-07-23 11:04:08', '0000-00-00 00:00:00', 4.88, 1, 'B.1.01', '', '', '', '', 'gudang'),
(7, 247, '2025-07-23 11:04:08', '0000-00-00 00:00:00', 3.29, 1, 'B.1.01', '', '', '', '', 'gudang'),
(8, 235, '2025-07-23 11:04:08', '0000-00-00 00:00:00', 4.63, 1, 'B.1.01', '', '', '', '', 'gudang'),
(9, 241, '2025-07-23 11:04:08', '0000-00-00 00:00:00', 6.71, 2, 'B.1.01', '', '', '', '', 'gudang'),
(10, 309, '2025-07-23 11:04:08', '0000-00-00 00:00:00', 42.01, 5, 'A.1.01', '', '', '', '', 'gudang'),
(11, 644, '2025-07-23 11:04:08', '0000-00-00 00:00:00', 2.63, 1, 'B.1.01', '', '', '', '', 'gudang'),
(12, 698, '2025-07-23 11:04:08', '0000-00-00 00:00:00', 18.88, 2, 'A.1.01', '', '', '', '', 'gudang'),
(13, 705, '2025-07-23 11:04:08', '0000-00-00 00:00:00', 15.5, 3, 'B.1.01', '', '', '', '', 'gudang'),
(14, 834, '2025-07-23 11:04:08', '0000-00-00 00:00:00', 28.54, 2, 'A.1.01', '', '', '', '', 'gudang'),
(15, 243, '2025-07-23 11:04:08', '0000-00-00 00:00:00', 12.87, 2, 'B.1.01', '', '', '', '', 'gudang'),
(16, 281, '2025-07-23 11:04:08', '0000-00-00 00:00:00', 7.88, 2, 'B.1.01', '', '', '', '', 'gudang'),
(17, 637, '2025-07-23 11:04:08', '0000-00-00 00:00:00', 2, 1, 'C.1.01', '', '', '', '', 'gudang'),
(18, 251, '2025-07-23 11:04:08', '0000-00-00 00:00:00', 9.92, 1, 'B.1.01', '', '', '', '', 'gudang'),
(19, 172, '2025-07-23 11:04:08', '0000-00-00 00:00:00', 56.41, 6, 'A.1.01', '', '', '', '', 'gudang'),
(20, 636, '2025-07-23 11:04:08', '0000-00-00 00:00:00', 42.12, 5, 'C.1.01', '', '', '', '', 'gudang'),
(21, 841, '2025-07-23 11:04:08', '0000-00-00 00:00:00', 30.63, 6, 'A.1.02', '', '', '', '', 'gudang'),
(22, 845, '2025-07-23 11:04:08', '0000-00-00 00:00:00', 8.92, 1, 'A.1.01', '', '', '', '', 'gudang'),
(23, 846, '2025-07-23 11:04:08', '0000-00-00 00:00:00', 7.67, 1, 'A.1.01', '', '', '', '', 'gudang'),
(24, 643, '2025-07-23 11:04:08', '0000-00-00 00:00:00', 229.72, 28, 'B.1.01', '', '', '', '', 'gudang'),
(25, 638, '2025-07-23 11:04:08', '0000-00-00 00:00:00', 13.54, 2, 'C.1.01', '', '', '', '', 'gudang'),
(26, 623, '2025-07-23 11:04:08', '0000-00-00 00:00:00', 18.91, 3, 'A.1.01', '', '', '', '', 'gudang'),
(27, 173, '2025-07-23 11:04:08', '0000-00-00 00:00:00', 27.92, 3, 'A.1.02', '', '', '', '', 'gudang'),
(28, 840, '2025-07-23 11:04:08', '0000-00-00 00:00:00', 5.08, 2, 'A.1.02', '', '', '', '', 'gudang'),
(29, 633, '2025-07-23 11:04:08', '0000-00-00 00:00:00', 16.88, 2, 'C.1.01', '', '', '', '', 'gudang'),
(30, 311, '2025-07-23 11:04:08', '0000-00-00 00:00:00', 15.17, 2, 'A.1.02', '', '', '', '', 'gudang'),
(31, 165, '2025-07-23 11:04:08', '0000-00-00 00:00:00', 54.21, 6, 'A.1.02', '', '', '', '', 'gudang'),
(32, 164, '2025-07-23 11:04:08', '0000-00-00 00:00:00', 35.21, 4, 'A.1.02', '', '', '', '', 'gudang'),
(33, 842, '2025-07-23 11:04:08', '0000-00-00 00:00:00', 1.42, 1, 'A.1.02', '', '', '', '', 'gudang'),
(34, 635, '2025-07-23 11:04:08', '0000-00-00 00:00:00', 1.79, 1, 'C.1.01', '', '', '', '', 'gudang'),
(35, 711, '2025-07-23 11:04:08', '0000-00-00 00:00:00', 1.96, 1, 'C.1.01', '', '', '', '', 'gudang'),
(36, 685, '2025-07-23 11:04:08', '0000-00-00 00:00:00', 11, 2, 'C.1.01', '', '', '', '', 'gudang'),
(37, 682, '2025-07-23 11:04:08', '0000-00-00 00:00:00', 8, 2, 'B.1.01', '', '', '', '', 'gudang'),
(38, 689, '2025-07-23 11:04:08', '0000-00-00 00:00:00', 6.79, 1, 'A.1.02', '', '', '', '', 'gudang'),
(39, 690, '2025-07-23 11:04:08', '0000-00-00 00:00:00', 4.38, 1, 'A.1.02', '', '', '', '', 'gudang'),
(40, 684, '2025-07-23 11:04:08', '0000-00-00 00:00:00', 7.92, 2, 'B.1.01', '', '', '', '', 'gudang'),
(41, 678, '2025-07-23 11:04:08', '0000-00-00 00:00:00', 10.04, 2, 'B.1.01', '', '', '', '', 'gudang'),
(42, 704, '2025-07-23 11:04:08', '0000-00-00 00:00:00', 7, 1, 'B.1.01', '', '', '', '', 'gudang'),
(43, 676, '2025-07-23 11:04:08', '0000-00-00 00:00:00', 8.83, 1, 'B.1.01', '', '', '', '', 'gudang'),
(44, 699, '2025-07-23 11:04:08', '0000-00-00 00:00:00', 8.75, 1, 'A.1.02', '', '', '', '', 'gudang'),
(45, 677, '2025-07-23 11:04:08', '0000-00-00 00:00:00', 5.92, 1, 'B.1.01', '', '', '', '', 'gudang'),
(46, 683, '2025-07-23 11:04:08', '0000-00-00 00:00:00', 7.75, 1, 'B.1.01', '', '', '', '', 'gudang'),
(47, 664, '2025-07-23 11:04:08', '0000-00-00 00:00:00', 4.83, 1, 'A.1.02', '', '', '', '', 'gudang'),
(48, 666, '2025-07-23 11:04:08', '0000-00-00 00:00:00', 8.75, 1, 'A.1.02', '', '', '', '', 'gudang'),
(49, 168, '2025-07-23 11:04:08', '0000-00-00 00:00:00', 2.46, 1, 'A.1.02', '', '', '', '', 'gudang'),
(50, 835, '2025-07-23 11:04:08', '0000-00-00 00:00:00', 14, 1, 'A.1.02', '', '', '', '', 'gudang'),
(51, 631, '2025-07-23 11:04:08', '0000-00-00 00:00:00', 12, 1, 'A.1.02', '', '', '', '', 'gudang'),
(52, 252, '2025-07-23 11:04:08', '0000-00-00 00:00:00', 5.63, 1, 'B.1.01', '', '', '', '', 'gudang'),
(53, 242, '2025-07-23 11:04:08', '0000-00-00 00:00:00', 3.75, 1, 'B.1.01', '', '', '', '', 'gudang'),
(54, 879, '2025-07-23 11:04:20', '0000-00-00 00:00:00', 14.96, 1, 'A.1.01', '', '', '', '', 'gudang'),
(55, 835, '2025-07-23 11:04:20', '0000-00-00 00:00:00', 11, 1, 'A.1.02', '', '', '', '', 'gudang'),
(56, 643, '2025-07-23 11:04:20', '0000-00-00 00:00:00', 9, 1, 'B.1.01', '', '', '', '', 'gudang'),
(57, 643, '2025-07-23 11:04:20', '0000-00-00 00:00:00', 7, 1, 'B.1.01', '', '', '', '', 'gudang'),
(58, 643, '2025-07-23 11:04:20', '0000-00-00 00:00:00', 7, 1, 'B.1.01', '', '', '', '', 'gudang'),
(59, 643, '2025-07-23 11:04:20', '0000-00-00 00:00:00', 8, 1, 'B.1.01', '', '', '', '', 'gudang'),
(60, 643, '2025-07-23 11:04:20', '0000-00-00 00:00:00', 8, 1, 'B.1.01', '', '', '', '', 'gudang'),
(61, 643, '2025-07-23 11:04:20', '0000-00-00 00:00:00', 6, 1, 'B.1.01', '', '', '', '', 'gudang'),
(62, 643, '2025-07-23 11:04:20', '0000-00-00 00:00:00', 8, 1, 'B.1.01', '', '', '', '', 'gudang'),
(63, 879, '2025-07-23 11:04:20', '0000-00-00 00:00:00', 6.63, 1, 'A.1.01', '', '', '', '', 'gudang'),
(64, 643, '2025-07-23 11:04:20', '0000-00-00 00:00:00', 9, 1, 'B.1.01', '', '', '', '', 'gudang'),
(65, 643, '2025-07-23 11:04:20', '0000-00-00 00:00:00', 9, 1, 'B.1.01', '', '', '', '', 'gudang'),
(66, 643, '2025-07-23 11:04:20', '0000-00-00 00:00:00', 6, 1, 'B.1.01', '', '', '', '', 'gudang'),
(67, 879, '2025-07-23 11:04:20', '0000-00-00 00:00:00', 12, 1, 'A.1.01', '', '', '', '', 'gudang'),
(68, 879, '2025-07-23 11:04:20', '0000-00-00 00:00:00', 12, 1, 'A.1.01', '', '', '', '', 'gudang'),
(69, 879, '2025-07-23 11:04:20', '0000-00-00 00:00:00', 12.79, 1, 'A.1.01', '', '', '', '', 'gudang'),
(70, 879, '2025-07-23 11:04:20', '0000-00-00 00:00:00', 15, 1, 'A.1.01', '', '', '', '', 'gudang'),
(71, 831, '2025-07-23 11:04:20', '0000-00-00 00:00:00', 12.5, 1, 'B.1.01', '', '', '', '', 'gudang'),
(72, 879, '2025-07-23 11:04:20', '0000-00-00 00:00:00', 2.63, 1, 'A.1.01', '', '', '', '', 'gudang'),
(73, 879, '2025-07-23 11:04:20', '0000-00-00 00:00:00', 13, 1, 'A.1.01', '', '', '', '', 'gudang'),
(74, 879, '2025-07-23 11:04:20', '0000-00-00 00:00:00', 13.88, 1, 'A.1.01', '', '', '', '', 'gudang'),
(75, 313, '2025-07-23 11:04:20', '0000-00-00 00:00:00', 3.71, 1, 'A.1.01', '', '', '', '', 'gudang'),
(76, 879, '2025-07-23 11:04:20', '0000-00-00 00:00:00', 13, 1, 'A.1.01', '', '', '', '', 'gudang'),
(77, 313, '2025-07-23 11:04:20', '0000-00-00 00:00:00', 5, 1, 'A.1.01', '', '', '', '', 'gudang'),
(78, 164, '2025-07-23 11:04:20', '0000-00-00 00:00:00', 0.25, 1, 'A.1.02', '', '', '', '', 'gudang'),
(79, 879, '2025-07-23 11:04:20', '0000-00-00 00:00:00', 0.13, 1, 'A.1.01', '', '', '', '', 'gudang'),
(80, 636, '2025-07-23 11:04:20', '0000-00-00 00:00:00', 0.08, 1, 'C.1.01', '', '', '', '', 'gudang'),
(81, 638, '2025-07-23 11:04:20', '0000-00-00 00:00:00', 0.38, 1, 'C.1.01', '', '', '', '', 'gudang'),
(82, 879, '2025-07-23 11:04:20', '0000-00-00 00:00:00', 4.17, 1, 'A.1.01', '', '', '', '', 'gudang'),
(83, 846, '2025-07-23 11:04:20', '0000-00-00 00:00:00', 0.75, 1, 'A.1.01', '', '', '', '', 'gudang'),
(84, 172, '2025-07-23 11:04:20', '0000-00-00 00:00:00', 1, 1, 'A.1.01', '', '', '', '', 'gudang'),
(85, 173, '2025-07-23 11:04:20', '0000-00-00 00:00:00', 1.96, 1, 'A.1.02', '', '', '', '', 'gudang'),
(86, 165, '2025-07-23 11:04:20', '0000-00-00 00:00:00', 1.96, 1, 'A.1.02', '', '', '', '', 'gudang'),
(87, 879, '2025-07-23 11:04:20', '0000-00-00 00:00:00', 0.5, 1, 'A.1.01', '', '', '', '', 'gudang'),
(88, 643, '2025-07-23 11:04:20', '0000-00-00 00:00:00', 3.83, 1, 'B.1.01', '', '', '', '', 'gudang'),
(89, 643, '2025-07-23 11:04:20', '0000-00-00 00:00:00', 4.71, 1, 'B.1.01', '', '', '', '', 'gudang'),
(90, 879, '2025-07-23 11:04:20', '0000-00-00 00:00:00', 11.29, 1, 'A.1.01', '', '', '', '', 'gudang'),
(91, 879, '2025-07-23 11:04:20', '0000-00-00 00:00:00', 12, 1, 'A.1.01', '', '', '', '', 'gudang'),
(92, 879, '2025-07-23 11:04:20', '0000-00-00 00:00:00', 12.08, 1, 'A.1.01', '', '', '', '', 'gudang'),
(93, 842, '2025-07-23 11:04:20', '0000-00-00 00:00:00', 7.54, 1, 'A.1.02', '', '', '', '', 'gudang'),
(94, 643, '2025-07-23 11:04:20', '0000-00-00 00:00:00', 2.46, 1, 'B.1.01', '', '', '', '', 'gudang'),
(95, 281, '2025-07-23 11:04:20', '0000-00-00 00:00:00', 0.67, 1, 'B.1.01', '', '', '', '', 'gudang'),
(96, 643, '2025-07-23 11:04:20', '0000-00-00 00:00:00', 2.29, 1, 'B.1.01', '', '', '', '', 'gudang'),
(97, 879, '2025-07-23 11:04:20', '0000-00-00 00:00:00', 12.25, 1, 'A.1.01', '', '', '', '', 'gudang'),
(98, 846, '2025-07-23 11:04:20', '0000-00-00 00:00:00', 0.88, 1, 'A.1.01', '', '', '', '', 'gudang'),
(99, 831, '2025-07-23 11:04:20', '0000-00-00 00:00:00', 1.29, 1, 'B.1.01', '', '', '', '', 'gudang'),
(100, 841, '2025-07-23 11:04:20', '0000-00-00 00:00:00', 3.54, 1, 'A.1.02', '', '', '', '', 'gudang'),
(101, 831, '2025-07-23 11:04:20', '0000-00-00 00:00:00', 13, 1, 'B.1.01', '', '', '', '', 'gudang'),
(102, 643, '2025-07-23 11:04:20', '0000-00-00 00:00:00', 1.92, 1, 'B.1.01', '', '', '', '', 'gudang'),
(103, 879, '2025-07-23 11:04:20', '0000-00-00 00:00:00', 3.83, 1, 'A.1.01', '', '', '', '', 'gudang'),
(104, 835, '2025-07-23 11:04:20', '0000-00-00 00:00:00', 2.58, 1, 'A.1.02', '', '', '', '', 'gudang'),
(105, 845, '2025-07-23 11:04:20', '0000-00-00 00:00:00', 0.79, 1, 'A.1.01', '', '', '', '', 'gudang'),
(106, 831, '2025-07-23 11:04:20', '0000-00-00 00:00:00', 2.83, 1, 'B.1.01', '', '', '', '', 'gudang'),
(107, 636, '2025-07-23 11:04:20', '0000-00-00 00:00:00', 1.04, 1, 'C.1.01', '', '', '', '', 'gudang'),
(108, 879, '2025-07-23 11:04:20', '0000-00-00 00:00:00', 4.46, 1, 'A.1.01', '', '', '', '', 'gudang'),
(109, 831, '2025-07-23 11:04:20', '0000-00-00 00:00:00', 5.42, 1, 'B.1.01', '', '', '', '', 'gudang'),
(110, 636, '2025-07-23 11:04:20', '0000-00-00 00:00:00', 10, 1, 'C.1.01', '', '', '', '', 'gudang'),
(111, 636, '2025-07-23 11:04:20', '0000-00-00 00:00:00', 7, 1, 'C.1.01', '', '', '', '', 'gudang'),
(112, 636, '2025-07-23 11:04:20', '0000-00-00 00:00:00', 4, 1, 'C.1.01', '', '', '', '', 'gudang'),
(113, 636, '2025-07-23 11:04:20', '0000-00-00 00:00:00', 10, 1, 'C.1.01', '', '', '', '', 'gudang'),
(114, 636, '2025-07-23 11:04:20', '0000-00-00 00:00:00', 12, 1, 'C.1.01', '', '', '', '', 'gudang'),
(115, 879, '2025-07-23 11:04:20', '0000-00-00 00:00:00', 11.83, 1, 'A.1.01', '', '', '', '', 'gudang'),
(116, 834, '2025-07-23 11:04:20', '0000-00-00 00:00:00', 14, 1, 'A.1.01', '', '', '', '', 'gudang'),
(117, 834, '2025-07-23 11:04:20', '0000-00-00 00:00:00', 15, 1, 'A.1.01', '', '', '', '', 'gudang'),
(118, 879, '2025-07-23 11:04:20', '0000-00-00 00:00:00', 5, 1, 'A.1.01', '', '', '', '', 'gudang'),
(119, 879, '2025-07-23 11:04:20', '0000-00-00 00:00:00', 10.71, 1, 'A.1.01', '', '', '', '', 'gudang'),
(120, 643, '2025-07-23 11:04:20', '0000-00-00 00:00:00', 6.79, 1, 'B.1.01', '', '', '', '', 'gudang'),
(121, 643, '2025-07-23 11:04:20', '0000-00-00 00:00:00', 0.42, 1, 'B.1.01', '', '', '', '', 'gudang'),
(122, 831, '2025-07-23 11:04:20', '0000-00-00 00:00:00', 12.75, 1, 'B.1.01', '', '', '', '', 'gudang'),
(123, 638, '2025-07-23 11:04:20', '0000-00-00 00:00:00', 4.46, 1, 'C.1.01', '', '', '', '', 'gudang'),
(124, 636, '2025-07-23 11:04:20', '0000-00-00 00:00:00', 9.33, 1, 'C.1.01', '', '', '', '', 'gudang'),
(125, 638, '2025-07-23 11:04:20', '0000-00-00 00:00:00', 4, 1, 'C.1.01', '', '', '', '', 'gudang'),
(126, 638, '2025-07-23 11:04:20', '0000-00-00 00:00:00', 0.13, 1, 'C.1.01', '', '', '', '', 'gudang'),
(127, 835, '2025-07-23 11:04:20', '0000-00-00 00:00:00', 0.92, 1, 'A.1.02', '', '', '', '', 'gudang'),
(128, 638, '2025-07-23 11:04:20', '0000-00-00 00:00:00', 2.54, 1, 'C.1.01', '', '', '', '', 'gudang'),
(129, 879, '2025-07-23 11:04:20', '0000-00-00 00:00:00', 13, 1, 'A.1.01', '', '', '', '', 'gudang'),
(130, 633, '2025-07-23 11:04:20', '0000-00-00 00:00:00', 0.92, 1, 'C.1.01', '', '', '', '', 'gudang'),
(131, 281, '2025-07-23 11:04:20', '0000-00-00 00:00:00', 0.13, 1, 'B.1.01', '', '', '', '', 'gudang'),
(132, 638, '2025-07-23 11:04:20', '0000-00-00 00:00:00', 0.04, 1, 'C.1.01', '', '', '', '', 'gudang'),
(133, 644, '2025-07-23 11:04:20', '0000-00-00 00:00:00', 0.25, 1, 'B.1.01', '', '', '', '', 'gudang'),
(134, 879, '2025-07-23 11:04:20', '0000-00-00 00:00:00', 14, 1, 'A.1.01', '', '', '', '', 'gudang'),
(135, 879, '2025-07-23 11:04:20', '0000-00-00 00:00:00', 10.83, 1, 'A.1.01', '', '', '', '', 'gudang'),
(136, 841, '2025-07-23 11:04:20', '0000-00-00 00:00:00', 7.88, 1, 'A.1.02', '', '', '', '', 'gudang'),
(137, 845, '2025-07-23 11:04:20', '0000-00-00 00:00:00', 5.63, 1, 'A.1.01', '', '', '', '', 'gudang'),
(138, 251, '2025-07-23 11:04:20', '0000-00-00 00:00:00', 2.83, 1, 'B.1.01', '', '', '', '', 'gudang'),
(139, 841, '2025-07-23 11:04:20', '0000-00-00 00:00:00', 9.96, 1, 'A.1.02', '', '', '', '', 'gudang'),
(140, 841, '2025-07-23 11:04:20', '0000-00-00 00:00:00', 11.92, 1, 'A.1.02', '', '', '', '', 'gudang'),
(141, 841, '2025-07-23 11:04:20', '0000-00-00 00:00:00', 5.42, 1, 'A.1.02', '', '', '', '', 'gudang'),
(142, 831, '2025-07-23 11:04:20', '0000-00-00 00:00:00', 12.25, 1, 'B.1.01', '', '', '', '', 'gudang'),
(143, 879, '2025-07-23 11:04:20', '0000-00-00 00:00:00', 14, 1, 'A.1.01', '', '', '', '', 'gudang'),
(144, 879, '2025-07-23 11:04:20', '0000-00-00 00:00:00', 11, 1, 'A.1.01', '', '', '', '', 'gudang'),
(145, 879, '2025-07-23 11:04:20', '0000-00-00 00:00:00', 14, 1, 'A.1.01', '', '', '', '', 'gudang'),
(146, 879, '2025-07-23 11:04:20', '0000-00-00 00:00:00', 14.75, 1, 'A.1.01', '', '', '', '', 'gudang'),
(147, 879, '2025-07-23 11:04:20', '0000-00-00 00:00:00', 14.04, 1, 'A.1.01', '', '', '', '', 'gudang'),
(148, 879, '2025-07-23 11:04:20', '0000-00-00 00:00:00', 13, 1, 'A.1.01', '', '', '', '', 'gudang'),
(149, 879, '2025-07-23 11:04:20', '0000-00-00 00:00:00', 8, 1, 'A.1.01', '', '', '', '', 'gudang'),
(150, 879, '2025-07-23 11:04:20', '0000-00-00 00:00:00', 13, 1, 'A.1.01', '', '', '', '', 'gudang'),
(151, 879, '2025-07-23 11:04:20', '0000-00-00 00:00:00', 13, 1, 'A.1.01', '', '', '', '', 'gudang'),
(152, 879, '2025-07-23 11:04:20', '0000-00-00 00:00:00', 14, 1, 'A.1.01', '', '', '', '', 'gudang'),
(153, 834, '2025-07-23 11:04:20', '0000-00-00 00:00:00', 17, 1, 'A.1.01', '', '', '', '', 'gudang'),
(154, 834, '2025-07-23 11:04:20', '0000-00-00 00:00:00', 15, 1, 'A.1.01', '', '', '', '', 'gudang'),
(155, 834, '2025-07-23 11:04:20', '0000-00-00 00:00:00', 16, 1, 'A.1.01', '', '', '', '', 'gudang'),
(156, 831, '2025-07-23 11:04:20', '0000-00-00 00:00:00', 13, 1, 'B.1.01', '', '', '', '', 'gudang'),
(157, 879, '2025-07-23 11:04:20', '0000-00-00 00:00:00', 13, 1, 'A.1.01', '', '', '', '', 'gudang'),
(158, 879, '2025-07-23 11:04:20', '0000-00-00 00:00:00', 12, 1, 'A.1.01', '', '', '', '', 'gudang'),
(159, 879, '2025-07-23 11:04:20', '0000-00-00 00:00:00', 5, 1, 'A.1.01', '', '', '', '', 'gudang'),
(160, 842, '2025-07-23 11:04:20', '0000-00-00 00:00:00', 4.96, 1, 'A.1.02', '', '', '', '', 'gudang'),
(161, 879, '2025-07-23 11:04:20', '0000-00-00 00:00:00', 13, 1, 'A.1.01', '', '', '', '', 'gudang'),
(162, 834, '2025-07-23 11:04:20', '0000-00-00 00:00:00', 15, 1, 'A.1.01', '', '', '', '', 'gudang'),
(163, 879, '2025-07-23 11:04:20', '0000-00-00 00:00:00', 10.25, 1, 'A.1.01', '', '', '', '', 'gudang'),
(164, 879, '2025-07-23 11:04:20', '0000-00-00 00:00:00', 12, 1, 'A.1.01', '', '', '', '', 'gudang'),
(165, 311, '2025-07-23 11:04:20', '0000-00-00 00:00:00', 6.96, 1, 'A.1.02', '', '', '', '', 'gudang'),
(166, 879, '2025-07-23 11:04:20', '0000-00-00 00:00:00', 9.83, 1, 'A.1.01', '', '', '', '', 'gudang'),
(167, 879, '2025-07-23 11:04:20', '0000-00-00 00:00:00', 1.58, 1, 'A.1.01', '', '', '', '', 'gudang'),
(168, 879, '2025-07-23 11:04:20', '0000-00-00 00:00:00', 12.96, 1, 'A.1.01', '', '', '', '', 'gudang'),
(169, 879, '2025-07-23 11:04:20', '0000-00-00 00:00:00', 14, 1, 'A.1.01', '', '', '', '', 'gudang'),
(170, 879, '2025-07-23 11:04:20', '0000-00-00 00:00:00', 14, 1, 'A.1.01', '', '', '', '', 'gudang'),
(171, 879, '2025-07-23 11:04:20', '0000-00-00 00:00:00', 12, 1, 'A.1.01', '', '', '', '', 'gudang'),
(172, 879, '2025-07-23 11:04:20', '0000-00-00 00:00:00', 14, 1, 'A.1.01', '', '', '', '', 'gudang'),
(173, 831, '2025-07-23 11:04:20', '0000-00-00 00:00:00', 13, 1, 'B.1.01', '', '', '', '', 'gudang'),
(174, 831, '2025-07-23 11:04:20', '0000-00-00 00:00:00', 12.13, 1, 'B.1.01', '', '', '', '', 'gudang'),
(175, 879, '2025-07-23 11:04:20', '0000-00-00 00:00:00', 14.17, 1, 'A.1.01', '', '', '', '', 'gudang'),
(176, 879, '2025-07-23 11:04:20', '0000-00-00 00:00:00', 13.04, 1, 'A.1.01', '', '', '', '', 'gudang'),
(177, 879, '2025-07-23 11:04:20', '0000-00-00 00:00:00', 9, 1, 'A.1.01', '', '', '', '', 'gudang'),
(178, 879, '2025-07-23 11:04:20', '0000-00-00 00:00:00', 11.83, 1, 'A.1.01', '', '', '', '', 'gudang'),
(179, 879, '2025-07-23 11:04:20', '0000-00-00 00:00:00', 13.92, 1, 'A.1.01', '', '', '', '', 'gudang'),
(180, 250, '2025-07-23 11:04:20', '0000-00-00 00:00:00', 7.92, 1, 'B.1.01', '', '', '', '', 'gudang'),
(181, 834, '2025-07-23 11:04:20', '0000-00-00 00:00:00', 14.75, 1, 'A.1.01', '', '', '', '', 'gudang'),
(182, 834, '2025-07-23 11:04:20', '0000-00-00 00:00:00', 16, 1, 'A.1.01', '', '', '', '', 'gudang'),
(183, 879, '2025-07-23 11:04:20', '0000-00-00 00:00:00', 7.83, 1, 'A.1.01', '', '', '', '', 'gudang'),
(184, 879, '2025-07-23 11:04:20', '0000-00-00 00:00:00', 12, 1, 'A.1.01', '', '', '', '', 'gudang'),
(185, 879, '2025-07-23 11:04:20', '0000-00-00 00:00:00', 13, 1, 'A.1.01', '', '', '', '', 'gudang'),
(186, 831, '2025-07-23 11:04:20', '0000-00-00 00:00:00', 13.88, 1, 'B.1.01', '', '', '', '', 'gudang'),
(187, 879, '2025-07-23 11:04:20', '0000-00-00 00:00:00', 14, 1, 'A.1.01', '', '', '', '', 'gudang'),
(188, 684, '2025-07-23 11:04:20', '0000-00-00 00:00:00', 8, 1, 'B.1.01', '', '', '', '', 'gudang'),
(189, 684, '2025-07-23 11:04:20', '0000-00-00 00:00:00', 7.67, 1, 'B.1.01', '', '', '', '', 'gudang'),
(190, 683, '2025-07-23 11:04:20', '0000-00-00 00:00:00', 9.33, 1, 'B.1.01', '', '', '', '', 'gudang'),
(191, 690, '2025-07-23 11:04:20', '0000-00-00 00:00:00', 7.5, 1, 'A.1.02', '', '', '', '', 'gudang'),
(192, 689, '2025-07-23 11:04:20', '0000-00-00 00:00:00', 8.83, 1, 'A.1.02', '', '', '', '', 'gudang'),
(193, 664, '2025-07-23 11:04:20', '0000-00-00 00:00:00', 7.67, 1, 'A.1.02', '', '', '', '', 'gudang'),
(194, 666, '2025-07-23 11:04:20', '0000-00-00 00:00:00', 6.54, 1, 'A.1.02', '', '', '', '', 'gudang'),
(195, 685, '2025-07-23 11:04:20', '0000-00-00 00:00:00', 11, 1, 'C.1.01', '', '', '', '', 'gudang'),
(196, 678, '2025-07-23 11:04:20', '0000-00-00 00:00:00', 7, 1, 'B.1.01', '', '', '', '', 'gudang'),
(197, 678, '2025-07-23 11:04:20', '0000-00-00 00:00:00', 8.04, 1, 'B.1.01', '', '', '', '', 'gudang'),
(198, 676, '2025-07-23 11:04:20', '0000-00-00 00:00:00', 11.71, 1, 'B.1.01', '', '', '', '', 'gudang'),
(199, 698, '2025-07-23 11:04:20', '0000-00-00 00:00:00', 10.38, 1, 'A.1.01', '', '', '', '', 'gudang'),
(200, 699, '2025-07-23 11:04:20', '0000-00-00 00:00:00', 4, 1, 'A.1.02', '', '', '', '', 'gudang'),
(201, 711, '2025-07-23 11:04:20', '0000-00-00 00:00:00', 5.46, 1, 'C.1.01', '', '', '', '', 'gudang'),
(202, 879, '2025-07-23 11:04:20', '0000-00-00 00:00:00', 4, 1, 'A.1.01', '', '', '', '', 'gudang'),
(203, 879, '2025-07-23 11:04:20', '0000-00-00 00:00:00', 14, 1, 'A.1.01', '', '', '', '', 'gudang'),
(204, 879, '2025-07-23 11:04:20', '0000-00-00 00:00:00', 4, 1, 'A.1.01', '', '', '', '', 'gudang'),
(205, 879, '2025-07-23 11:04:20', '0000-00-00 00:00:00', 13, 1, 'A.1.01', '', '', '', '', 'gudang'),
(206, 831, '2025-07-23 11:04:21', '0000-00-00 00:00:00', 14, 1, 'B.1.01', '', '', '', '', 'gudang'),
(207, 879, '2025-07-23 11:04:21', '0000-00-00 00:00:00', 14, 1, 'A.1.01', '', '', '', '', 'gudang'),
(208, 879, '2025-07-23 11:04:21', '0000-00-00 00:00:00', 10, 1, 'A.1.01', '', '', '', '', 'gudang'),
(209, 879, '2025-07-23 11:04:21', '0000-00-00 00:00:00', 14, 1, 'A.1.01', '', '', '', '', 'gudang'),
(210, 879, '2025-07-23 11:04:21', '0000-00-00 00:00:00', 12, 1, 'A.1.01', '', '', '', '', 'gudang'),
(211, 879, '2025-07-23 11:04:21', '0000-00-00 00:00:00', 15, 1, 'A.1.01', '', '', '', '', 'gudang'),
(212, 879, '2025-07-23 11:04:21', '0000-00-00 00:00:00', 11, 1, 'A.1.01', '', '', '', '', 'gudang'),
(213, 643, '2025-07-23 11:04:21', '0000-00-00 00:00:00', 10.92, 1, 'B.1.01', '', '', '', '', 'gudang'),
(214, 643, '2025-07-23 11:04:21', '0000-00-00 00:00:00', 9, 1, 'B.1.01', '', '', '', '', 'gudang'),
(215, 643, '2025-07-23 11:04:21', '0000-00-00 00:00:00', 9.25, 1, 'B.1.01', '', '', '', '', 'gudang'),
(216, 643, '2025-07-23 11:04:21', '0000-00-00 00:00:00', 9, 1, 'B.1.01', '', '', '', '', 'gudang'),
(217, 643, '2025-07-23 11:04:21', '0000-00-00 00:00:00', 7, 1, 'B.1.01', '', '', '', '', 'gudang'),
(218, 643, '2025-07-23 11:04:21', '0000-00-00 00:00:00', 9.88, 1, 'B.1.01', '', '', '', '', 'gudang'),
(219, 643, '2025-07-23 11:04:21', '0000-00-00 00:00:00', 7, 1, 'B.1.01', '', '', '', '', 'gudang'),
(220, 643, '2025-07-23 11:04:21', '0000-00-00 00:00:00', 10.54, 1, 'B.1.01', '', '', '', '', 'gudang'),
(221, 643, '2025-07-23 11:04:21', '0000-00-00 00:00:00', 10, 1, 'B.1.01', '', '', '', '', 'gudang'),
(222, 643, '2025-07-23 11:04:21', '0000-00-00 00:00:00', 10.29, 1, 'B.1.01', '', '', '', '', 'gudang'),
(223, 643, '2025-07-23 11:04:21', '0000-00-00 00:00:00', 6.46, 1, 'B.1.01', '', '', '', '', 'gudang'),
(224, 879, '2025-07-23 11:04:21', '0000-00-00 00:00:00', 10, 1, 'A.1.01', '', '', '', '', 'gudang'),
(225, 879, '2025-07-23 11:04:21', '0000-00-00 00:00:00', 15, 1, 'A.1.01', '', '', '', '', 'gudang'),
(226, 879, '2025-07-23 11:04:21', '0000-00-00 00:00:00', 15, 1, 'A.1.01', '', '', '', '', 'gudang'),
(227, 879, '2025-07-23 11:04:21', '0000-00-00 00:00:00', 13, 1, 'A.1.01', '', '', '', '', 'gudang'),
(228, 879, '2025-07-23 11:04:21', '0000-00-00 00:00:00', 9, 1, 'A.1.01', '', '', '', '', 'gudang'),
(229, 879, '2025-07-23 11:04:21', '0000-00-00 00:00:00', 10, 1, 'A.1.01', '', '', '', '', 'gudang'),
(230, 879, '2025-07-23 11:04:21', '0000-00-00 00:00:00', 14, 1, 'A.1.01', '', '', '', '', 'gudang'),
(231, 879, '2025-07-23 11:04:21', '0000-00-00 00:00:00', 13, 1, 'A.1.01', '', '', '', '', 'gudang'),
(232, 706, '2025-07-23 11:04:21', '0000-00-00 00:00:00', 5.5, 1, 'A.1.02', '', '', '', '', 'gudang'),
(233, 491, '2025-07-23 11:04:21', '0000-00-00 00:00:00', 20.92, 4, 'B.1.02', '', '', '', '', 'gudang'),
(234, 485, '2025-07-23 11:04:21', '0000-00-00 00:00:00', 12.75, 3, 'B.1.02', '', '', '', '', 'gudang'),
(235, 300, '2025-07-23 11:04:21', '0000-00-00 00:00:00', 3.59, 2, 'A.1.02', '', '', '', '', 'gudang'),
(236, 289, '2025-07-23 11:04:21', '0000-00-00 00:00:00', 0.17, 1, 'A.1.02', '', '', '', '', 'gudang'),
(237, 236, '2025-07-23 11:04:21', '0000-00-00 00:00:00', 0.5, 2, 'A.1.02', '', '', '', '', 'gudang'),
(238, 229, '2025-07-23 11:04:21', '0000-00-00 00:00:00', 0.25, 2, 'A.1.02', '', '', '', '', 'gudang'),
(239, 221, '2025-07-23 11:04:21', '0000-00-00 00:00:00', 0.88, 1, 'A.1.02', '', '', '', '', 'gudang'),
(240, 282, '2025-07-23 11:04:21', '0000-00-00 00:00:00', 2.42, 2, 'A.1.02', '', '', '', '', 'gudang'),
(241, 167, '2025-07-23 11:04:21', '0000-00-00 00:00:00', 81.88, 7, 'B.1.02', '', '', '', '', 'gudang'),
(242, 170, '2025-07-23 11:04:21', '0000-00-00 00:00:00', 0.79, 1, 'B.1.02', '', '', '', '', 'gudang'),
(243, 232, '2025-07-23 11:04:21', '0000-00-00 00:00:00', 0.33, 1, 'A.1.02', '', '', '', '', 'gudang'),
(244, 634, '2025-07-23 11:04:21', '0000-00-00 00:00:00', 0.25, 1, 'C.1.01', '', '', '', '', 'gudang'),
(245, 171, '2025-07-23 11:04:21', '0000-00-00 00:00:00', 21.67, 3, 'B.1.02', '', '', '', '', 'gudang'),
(246, 488, '2025-07-23 11:04:21', '0000-00-00 00:00:00', 22.92, 4, 'B.1.02', '', '', '', '', 'gudang'),
(247, 482, '2025-07-23 11:04:21', '0000-00-00 00:00:00', 22.59, 4, 'B.1.02', '', '', '', '', 'gudang'),
(248, 301, '2025-07-23 11:04:21', '0000-00-00 00:00:00', 0.46, 1, 'A.1.02', '', '', '', '', 'gudang'),
(249, 314, '2025-07-23 11:04:21', '0000-00-00 00:00:00', 30.92, 8, 'B.1.02', '', '', '', '', 'gudang'),
(250, 283, '2025-07-23 11:04:21', '0000-00-00 00:00:00', 0.33, 1, 'A.1.02', '', '', '', '', 'gudang'),
(251, 299, '2025-07-23 11:04:21', '0000-00-00 00:00:00', 1.42, 2, 'A.1.02', '', '', '', '', 'gudang'),
(252, 688, '2025-07-23 11:04:21', '0000-00-00 00:00:00', 6, 1, 'B.1.02', '', '', '', '', 'gudang'),
(253, 712, '2025-07-23 11:04:21', '0000-00-00 00:00:00', 10.67, 2, 'C.1.01', '', '', '', '', 'gudang'),
(254, 700, '2025-07-23 11:04:21', '0000-00-00 00:00:00', 7.21, 1, 'B.1.02', '', '', '', '', 'gudang'),
(255, 487, '2025-07-23 11:04:21', '0000-00-00 00:00:00', 10.34, 3, 'B.1.02', '', '', '', '', 'gudang'),
(256, 481, '2025-07-23 11:04:21', '0000-00-00 00:00:00', 5.29, 2, 'B.1.02', '', '', '', '', 'gudang'),
(257, 619, '2025-07-23 11:04:21', '0000-00-00 00:00:00', 0.83, 1, 'B.1.02', '', '', '', '', 'gudang'),
(258, 627, '2025-07-23 11:04:21', '0000-00-00 00:00:00', 9.34, 2, 'B.1.02', '', '', '', '', 'gudang'),
(259, 310, '2025-07-23 11:04:21', '0000-00-00 00:00:00', 29.14, 4, 'B.1.02', '', '', '', '', 'gudang'),
(260, 308, '2025-07-23 11:04:21', '0000-00-00 00:00:00', 6.29, 2, 'A.1.02', '', '', '', '', 'gudang'),
(261, 642, '2025-07-23 11:04:21', '0000-00-00 00:00:00', 0.79, 1, 'A.1.02', '', '', '', '', 'gudang'),
(262, 228, '2025-07-23 11:04:21', '0000-00-00 00:00:00', 0.04, 1, 'A.1.02', '', '', '', '', 'gudang'),
(263, 240, '2025-07-23 11:04:21', '0000-00-00 00:00:00', 0.04, 1, 'A.1.02', '', '', '', '', 'gudang'),
(264, 616, '2025-07-23 11:04:21', '0000-00-00 00:00:00', 2.71, 1, 'B.1.02', '', '', '', '', 'gudang'),
(265, 617, '2025-07-23 11:04:21', '0000-00-00 00:00:00', 14.96, 2, 'B.1.02', '', '', '', '', 'gudang'),
(266, 486, '2025-07-23 11:04:21', '0000-00-00 00:00:00', 13.21, 3, 'B.1.02', '', '', '', '', 'gudang'),
(267, 492, '2025-07-23 11:04:21', '0000-00-00 00:00:00', 13.63, 3, 'B.1.02', '', '', '', '', 'gudang'),
(268, 489, '2025-07-23 11:04:21', '0000-00-00 00:00:00', 13.22, 3, 'B.1.02', '', '', '', '', 'gudang'),
(269, 483, '2025-07-23 11:04:21', '0000-00-00 00:00:00', 13.26, 3, 'B.1.02', '', '', '', '', 'gudang'),
(270, 22, '2025-07-23 11:04:21', '0000-00-00 00:00:00', 0.83, 1, 'A.1.02', '', '', '', '', 'gudang'),
(271, 30, '2025-07-23 11:04:21', '0000-00-00 00:00:00', 1, 1, 'A.1.02', '', '', '', '', 'gudang'),
(272, 312, '2025-07-23 11:04:21', '0000-00-00 00:00:00', 36.59, 5, 'B.1.02', '', '', '', '', 'gudang'),
(273, 92, '2025-07-23 11:04:21', '0000-00-00 00:00:00', 4.46, 2, 'A.1.02', '', '', '', '', 'gudang'),
(274, 163, '2025-07-23 11:04:21', '0000-00-00 00:00:00', 30.17, 2, 'B.1.02', '', '', '', '', 'gudang'),
(275, 710, '2025-07-23 11:04:21', '0000-00-00 00:00:00', 14.84, 2, 'C.1.01', '', '', '', '', 'gudang'),
(276, 879, '2025-07-23 11:05:03', '0000-00-00 00:00:00', 14.96, 1, 'A.1.01', '', '', '', '', 'gudang'),
(277, 835, '2025-07-23 11:05:03', '0000-00-00 00:00:00', 11, 1, 'A.1.02', '', '', '', '', 'gudang'),
(278, 706, '2025-07-23 11:05:03', '0000-00-00 00:00:00', 5.5, 1, 'A.1.02', '', '', '', '', 'gudang'),
(279, 491, '2025-07-23 11:05:04', '0000-00-00 00:00:00', 3, 1, 'B.1.02', '', '', '', '', 'gudang'),
(280, 485, '2025-07-23 11:05:04', '0000-00-00 00:00:00', 3, 1, 'B.1.02', '', '', '', '', 'gudang'),
(281, 491, '2025-07-23 11:05:04', '0000-00-00 00:00:00', 5, 1, 'B.1.02', '', '', '', '', 'gudang'),
(282, 485, '2025-07-23 11:05:04', '0000-00-00 00:00:00', 5, 1, 'B.1.02', '', '', '', '', 'gudang'),
(283, 643, '2025-07-23 11:05:04', '0000-00-00 00:00:00', 9, 1, 'B.1.01', '', '', '', '', 'gudang'),
(284, 643, '2025-07-23 11:05:04', '0000-00-00 00:00:00', 7, 1, 'B.1.01', '', '', '', '', 'gudang'),
(285, 643, '2025-07-23 11:05:04', '0000-00-00 00:00:00', 7, 1, 'B.1.01', '', '', '', '', 'gudang'),
(286, 643, '2025-07-23 11:05:04', '0000-00-00 00:00:00', 8, 1, 'B.1.01', '', '', '', '', 'gudang'),
(287, 643, '2025-07-23 11:05:04', '0000-00-00 00:00:00', 8, 1, 'B.1.01', '', '', '', '', 'gudang'),
(288, 643, '2025-07-23 11:05:04', '0000-00-00 00:00:00', 6, 1, 'B.1.01', '', '', '', '', 'gudang'),
(289, 643, '2025-07-23 11:05:04', '0000-00-00 00:00:00', 8, 1, 'B.1.01', '', '', '', '', 'gudang'),
(290, 879, '2025-07-23 11:05:04', '0000-00-00 00:00:00', 6.63, 1, 'A.1.01', '', '', '', '', 'gudang'),
(291, 643, '2025-07-23 11:05:04', '0000-00-00 00:00:00', 9, 1, 'B.1.01', '', '', '', '', 'gudang'),
(292, 643, '2025-07-23 11:05:04', '0000-00-00 00:00:00', 9, 1, 'B.1.01', '', '', '', '', 'gudang'),
(293, 643, '2025-07-23 11:05:04', '0000-00-00 00:00:00', 6, 1, 'B.1.01', '', '', '', '', 'gudang'),
(294, 879, '2025-07-23 11:05:04', '0000-00-00 00:00:00', 12, 1, 'A.1.01', '', '', '', '', 'gudang'),
(295, 879, '2025-07-23 11:05:04', '0000-00-00 00:00:00', 12, 1, 'A.1.01', '', '', '', '', 'gudang'),
(296, 879, '2025-07-23 11:05:04', '0000-00-00 00:00:00', 12.79, 1, 'A.1.01', '', '', '', '', 'gudang'),
(297, 879, '2025-07-23 11:05:04', '0000-00-00 00:00:00', 15, 1, 'A.1.01', '', '', '', '', 'gudang'),
(298, 831, '2025-07-23 11:05:04', '0000-00-00 00:00:00', 12.5, 1, 'B.1.01', '', '', '', '', 'gudang'),
(299, 879, '2025-07-23 11:05:04', '0000-00-00 00:00:00', 2.63, 1, 'A.1.01', '', '', '', '', 'gudang'),
(300, 879, '2025-07-23 11:05:04', '0000-00-00 00:00:00', 13, 1, 'A.1.01', '', '', '', '', 'gudang'),
(301, 879, '2025-07-23 11:05:04', '0000-00-00 00:00:00', 13.88, 1, 'A.1.01', '', '', '', '', 'gudang'),
(302, 300, '2025-07-23 11:05:04', '0000-00-00 00:00:00', 1.96, 1, 'A.1.02', '', '', '', '', 'gudang'),
(303, 313, '2025-07-23 11:05:04', '0000-00-00 00:00:00', 3.71, 1, 'A.1.01', '', '', '', '', 'gudang'),
(304, 879, '2025-07-23 11:05:04', '0000-00-00 00:00:00', 13, 1, 'A.1.01', '', '', '', '', 'gudang'),
(305, 313, '2025-07-23 11:05:04', '0000-00-00 00:00:00', 5, 1, 'A.1.01', '', '', '', '', 'gudang'),
(306, 289, '2025-07-23 11:05:04', '0000-00-00 00:00:00', 0.17, 1, 'A.1.02', '', '', '', '', 'gudang'),
(307, 164, '2025-07-23 11:05:04', '0000-00-00 00:00:00', 0.25, 1, 'A.1.02', '', '', '', '', 'gudang'),
(308, 879, '2025-07-23 11:05:04', '0000-00-00 00:00:00', 0.13, 1, 'A.1.01', '', '', '', '', 'gudang'),
(309, 236, '2025-07-23 11:05:04', '0000-00-00 00:00:00', 0.21, 1, 'A.1.02', '', '', '', '', 'gudang'),
(310, 229, '2025-07-23 11:05:04', '0000-00-00 00:00:00', 0.04, 1, 'A.1.02', '', '', '', '', 'gudang'),
(311, 636, '2025-07-23 11:05:04', '0000-00-00 00:00:00', 0.08, 1, 'C.1.01', '', '', '', '', 'gudang'),
(312, 638, '2025-07-23 11:05:04', '0000-00-00 00:00:00', 0.38, 1, 'C.1.01', '', '', '', '', 'gudang'),
(313, 879, '2025-07-23 11:05:04', '0000-00-00 00:00:00', 4.17, 1, 'A.1.01', '', '', '', '', 'gudang'),
(314, 221, '2025-07-23 11:05:04', '0000-00-00 00:00:00', 0.88, 1, 'A.1.02', '', '', '', '', 'gudang'),
(315, 282, '2025-07-23 11:05:04', '0000-00-00 00:00:00', 0.42, 1, 'A.1.02', '', '', '', '', 'gudang'),
(316, 167, '2025-07-23 11:05:04', '0000-00-00 00:00:00', 0.29, 1, 'B.1.02', '', '', '', '', 'gudang'),
(317, 170, '2025-07-23 11:05:04', '0000-00-00 00:00:00', 0.79, 1, 'B.1.02', '', '', '', '', 'gudang'),
(318, 232, '2025-07-23 11:05:04', '0000-00-00 00:00:00', 0.33, 1, 'A.1.02', '', '', '', '', 'gudang'),
(319, 634, '2025-07-23 11:05:04', '0000-00-00 00:00:00', 0.25, 1, 'C.1.01', '', '', '', '', 'gudang'),
(320, 846, '2025-07-23 11:05:04', '0000-00-00 00:00:00', 0.75, 1, 'A.1.01', '', '', '', '', 'gudang'),
(321, 172, '2025-07-23 11:05:04', '0000-00-00 00:00:00', 1, 1, 'A.1.01', '', '', '', '', 'gudang'),
(322, 173, '2025-07-23 11:05:04', '0000-00-00 00:00:00', 1.96, 1, 'A.1.02', '', '', '', '', 'gudang'),
(323, 171, '2025-07-23 11:05:04', '0000-00-00 00:00:00', 2.67, 1, 'B.1.02', '', '', '', '', 'gudang'),
(324, 165, '2025-07-23 11:05:04', '0000-00-00 00:00:00', 1.96, 1, 'A.1.02', '', '', '', '', 'gudang'),
(325, 879, '2025-07-23 11:05:04', '0000-00-00 00:00:00', 0.5, 1, 'A.1.01', '', '', '', '', 'gudang'),
(326, 643, '2025-07-23 11:05:04', '0000-00-00 00:00:00', 3.83, 1, 'B.1.01', '', '', '', '', 'gudang'),
(327, 643, '2025-07-23 11:05:04', '0000-00-00 00:00:00', 4.71, 1, 'B.1.01', '', '', '', '', 'gudang'),
(328, 488, '2025-07-23 11:05:04', '0000-00-00 00:00:00', 6, 1, 'B.1.02', '', '', '', '', 'gudang'),
(329, 482, '2025-07-23 11:05:04', '0000-00-00 00:00:00', 5.67, 1, 'B.1.02', '', '', '', '', 'gudang'),
(330, 301, '2025-07-23 11:05:04', '0000-00-00 00:00:00', 0.46, 1, 'A.1.02', '', '', '', '', 'gudang'),
(331, 879, '2025-07-23 11:05:04', '0000-00-00 00:00:00', 11.29, 1, 'A.1.01', '', '', '', '', 'gudang'),
(332, 314, '2025-07-23 11:05:04', '0000-00-00 00:00:00', 1.25, 1, 'B.1.02', '', '', '', '', 'gudang'),
(333, 879, '2025-07-23 11:05:04', '0000-00-00 00:00:00', 12, 1, 'A.1.01', '', '', '', '', 'gudang'),
(334, 300, '2025-07-23 11:05:04', '0000-00-00 00:00:00', 1.63, 1, 'A.1.02', '', '', '', '', 'gudang'),
(335, 879, '2025-07-23 11:05:04', '0000-00-00 00:00:00', 12.08, 1, 'A.1.01', '', '', '', '', 'gudang'),
(336, 842, '2025-07-23 11:05:04', '0000-00-00 00:00:00', 7.54, 1, 'A.1.02', '', '', '', '', 'gudang'),
(337, 643, '2025-07-23 11:05:04', '0000-00-00 00:00:00', 2.46, 1, 'B.1.01', '', '', '', '', 'gudang'),
(338, 283, '2025-07-23 11:05:04', '0000-00-00 00:00:00', 0.33, 1, 'A.1.02', '', '', '', '', 'gudang'),
(339, 299, '2025-07-23 11:05:04', '0000-00-00 00:00:00', 0.29, 1, 'A.1.02', '', '', '', '', 'gudang'),
(340, 281, '2025-07-23 11:05:04', '0000-00-00 00:00:00', 0.67, 1, 'B.1.01', '', '', '', '', 'gudang'),
(341, 299, '2025-07-23 11:05:04', '0000-00-00 00:00:00', 1.13, 1, 'A.1.02', '', '', '', '', 'gudang'),
(342, 643, '2025-07-23 11:05:04', '0000-00-00 00:00:00', 2.29, 1, 'B.1.01', '', '', '', '', 'gudang'),
(343, 688, '2025-07-23 11:05:04', '0000-00-00 00:00:00', 6, 1, 'B.1.02', '', '', '', '', 'gudang'),
(344, 712, '2025-07-23 11:05:04', '0000-00-00 00:00:00', 3.92, 1, 'C.1.01', '', '', '', '', 'gudang'),
(345, 879, '2025-07-23 11:05:04', '0000-00-00 00:00:00', 12.25, 1, 'A.1.01', '', '', '', '', 'gudang'),
(346, 700, '2025-07-23 11:05:04', '0000-00-00 00:00:00', 7.21, 1, 'B.1.02', '', '', '', '', 'gudang'),
(347, 488, '2025-07-23 11:05:04', '0000-00-00 00:00:00', 5.96, 1, 'B.1.02', '', '', '', '', 'gudang'),
(348, 482, '2025-07-23 11:05:04', '0000-00-00 00:00:00', 5.92, 1, 'B.1.02', '', '', '', '', 'gudang'),
(349, 487, '2025-07-23 11:05:04', '0000-00-00 00:00:00', 3, 1, 'B.1.02', '', '', '', '', 'gudang'),
(350, 481, '2025-07-23 11:05:04', '0000-00-00 00:00:00', 3, 1, 'B.1.02', '', '', '', '', 'gudang'),
(351, 846, '2025-07-23 11:05:04', '0000-00-00 00:00:00', 0.88, 1, 'A.1.01', '', '', '', '', 'gudang'),
(352, 831, '2025-07-23 11:05:04', '0000-00-00 00:00:00', 1.29, 1, 'B.1.01', '', '', '', '', 'gudang'),
(353, 841, '2025-07-23 11:05:04', '0000-00-00 00:00:00', 3.54, 1, 'A.1.02', '', '', '', '', 'gudang'),
(354, 831, '2025-07-23 11:05:04', '0000-00-00 00:00:00', 13, 1, 'B.1.01', '', '', '', '', 'gudang'),
(355, 643, '2025-07-23 11:05:04', '0000-00-00 00:00:00', 1.92, 1, 'B.1.01', '', '', '', '', 'gudang'),
(356, 879, '2025-07-23 11:05:04', '0000-00-00 00:00:00', 3.83, 1, 'A.1.01', '', '', '', '', 'gudang'),
(357, 835, '2025-07-23 11:05:04', '0000-00-00 00:00:00', 2.58, 1, 'A.1.02', '', '', '', '', 'gudang'),
(358, 845, '2025-07-23 11:05:04', '0000-00-00 00:00:00', 0.79, 1, 'A.1.01', '', '', '', '', 'gudang'),
(359, 831, '2025-07-23 11:05:04', '0000-00-00 00:00:00', 2.83, 1, 'B.1.01', '', '', '', '', 'gudang'),
(360, 636, '2025-07-23 11:05:04', '0000-00-00 00:00:00', 1.04, 1, 'C.1.01', '', '', '', '', 'gudang'),
(361, 879, '2025-07-23 11:05:04', '0000-00-00 00:00:00', 4.46, 1, 'A.1.01', '', '', '', '', 'gudang'),
(362, 619, '2025-07-23 11:05:04', '0000-00-00 00:00:00', 0.83, 1, 'B.1.02', '', '', '', '', 'gudang'),
(363, 831, '2025-07-23 11:05:04', '0000-00-00 00:00:00', 5.42, 1, 'B.1.01', '', '', '', '', 'gudang'),
(364, 636, '2025-07-23 11:05:04', '0000-00-00 00:00:00', 10, 1, 'C.1.01', '', '', '', '', 'gudang'),
(365, 636, '2025-07-23 11:05:04', '0000-00-00 00:00:00', 7, 1, 'C.1.01', '', '', '', '', 'gudang'),
(366, 636, '2025-07-23 11:05:04', '0000-00-00 00:00:00', 4, 1, 'C.1.01', '', '', '', '', 'gudang'),
(367, 636, '2025-07-23 11:05:04', '0000-00-00 00:00:00', 10, 1, 'C.1.01', '', '', '', '', 'gudang'),
(368, 636, '2025-07-23 11:05:04', '0000-00-00 00:00:00', 12, 1, 'C.1.01', '', '', '', '', 'gudang'),
(369, 879, '2025-07-23 11:05:04', '0000-00-00 00:00:00', 11.83, 1, 'A.1.01', '', '', '', '', 'gudang'),
(370, 834, '2025-07-23 11:05:04', '0000-00-00 00:00:00', 14, 1, 'A.1.01', '', '', '', '', 'gudang'),
(371, 834, '2025-07-23 11:05:04', '0000-00-00 00:00:00', 15, 1, 'A.1.01', '', '', '', '', 'gudang'),
(372, 879, '2025-07-23 11:05:04', '0000-00-00 00:00:00', 5, 1, 'A.1.01', '', '', '', '', 'gudang'),
(373, 879, '2025-07-23 11:05:04', '0000-00-00 00:00:00', 10.71, 1, 'A.1.01', '', '', '', '', 'gudang'),
(374, 643, '2025-07-23 11:05:04', '0000-00-00 00:00:00', 6.79, 1, 'B.1.01', '', '', '', '', 'gudang'),
(375, 643, '2025-07-23 11:05:04', '0000-00-00 00:00:00', 0.42, 1, 'B.1.01', '', '', '', '', 'gudang'),
(376, 831, '2025-07-23 11:05:04', '0000-00-00 00:00:00', 12.75, 1, 'B.1.01', '', '', '', '', 'gudang'),
(377, 627, '2025-07-23 11:05:04', '0000-00-00 00:00:00', 8.92, 1, 'B.1.02', '', '', '', '', 'gudang'),
(378, 638, '2025-07-23 11:05:04', '0000-00-00 00:00:00', 4.46, 1, 'C.1.01', '', '', '', '', 'gudang'),
(379, 636, '2025-07-23 11:05:04', '0000-00-00 00:00:00', 9.33, 1, 'C.1.01', '', '', '', '', 'gudang'),
(380, 638, '2025-07-23 11:05:04', '0000-00-00 00:00:00', 4, 1, 'C.1.01', '', '', '', '', 'gudang'),
(381, 314, '2025-07-23 11:05:04', '0000-00-00 00:00:00', 3.96, 1, 'B.1.02', '', '', '', '', 'gudang'),
(382, 310, '2025-07-23 11:05:04', '0000-00-00 00:00:00', 10.42, 1, 'B.1.02', '', '', '', '', 'gudang'),
(383, 308, '2025-07-23 11:05:04', '0000-00-00 00:00:00', 3, 1, 'A.1.02', '', '', '', '', 'gudang'),
(384, 638, '2025-07-23 11:05:04', '0000-00-00 00:00:00', 0.13, 1, 'C.1.01', '', '', '', '', 'gudang'),
(385, 835, '2025-07-23 11:05:04', '0000-00-00 00:00:00', 0.92, 1, 'A.1.02', '', '', '', '', 'gudang'),
(386, 308, '2025-07-23 11:05:04', '0000-00-00 00:00:00', 3.29, 1, 'A.1.02', '', '', '', '', 'gudang'),
(387, 638, '2025-07-23 11:05:04', '0000-00-00 00:00:00', 2.54, 1, 'C.1.01', '', '', '', '', 'gudang'),
(388, 879, '2025-07-23 11:05:04', '0000-00-00 00:00:00', 13, 1, 'A.1.01', '', '', '', '', 'gudang'),
(389, 627, '2025-07-23 11:05:04', '0000-00-00 00:00:00', 0.42, 1, 'B.1.02', '', '', '', '', 'gudang'),
(390, 633, '2025-07-23 11:05:04', '0000-00-00 00:00:00', 0.92, 1, 'C.1.01', '', '', '', '', 'gudang'),
(391, 281, '2025-07-23 11:05:04', '0000-00-00 00:00:00', 0.13, 1, 'B.1.01', '', '', '', '', 'gudang'),
(392, 642, '2025-07-23 11:05:04', '0000-00-00 00:00:00', 0.79, 1, 'A.1.02', '', '', '', '', 'gudang'),
(393, 236, '2025-07-23 11:05:04', '0000-00-00 00:00:00', 0.29, 1, 'A.1.02', '', '', '', '', 'gudang'),
(394, 229, '2025-07-23 11:05:04', '0000-00-00 00:00:00', 0.21, 1, 'A.1.02', '', '', '', '', 'gudang'),
(395, 228, '2025-07-23 11:05:04', '0000-00-00 00:00:00', 0.04, 1, 'A.1.02', '', '', '', '', 'gudang'),
(396, 240, '2025-07-23 11:05:04', '0000-00-00 00:00:00', 0.04, 1, 'A.1.02', '', '', '', '', 'gudang'),
(397, 638, '2025-07-23 11:05:04', '0000-00-00 00:00:00', 0.04, 1, 'C.1.01', '', '', '', '', 'gudang'),
(398, 644, '2025-07-23 11:05:04', '0000-00-00 00:00:00', 0.25, 1, 'B.1.01', '', '', '', '', 'gudang'),
(399, 616, '2025-07-23 11:05:04', '0000-00-00 00:00:00', 2.71, 1, 'B.1.02', '', '', '', '', 'gudang'),
(400, 879, '2025-07-23 11:05:04', '0000-00-00 00:00:00', 14, 1, 'A.1.01', '', '', '', '', 'gudang'),
(401, 879, '2025-07-23 11:05:04', '0000-00-00 00:00:00', 10.83, 1, 'A.1.01', '', '', '', '', 'gudang'),
(402, 841, '2025-07-23 11:05:04', '0000-00-00 00:00:00', 7.88, 1, 'A.1.02', '', '', '', '', 'gudang'),
(403, 845, '2025-07-23 11:05:04', '0000-00-00 00:00:00', 5.63, 1, 'A.1.01', '', '', '', '', 'gudang'),
(404, 617, '2025-07-23 11:05:04', '0000-00-00 00:00:00', 8, 1, 'B.1.02', '', '', '', '', 'gudang'),
(405, 251, '2025-07-23 11:05:04', '0000-00-00 00:00:00', 2.83, 1, 'B.1.01', '', '', '', '', 'gudang'),
(406, 841, '2025-07-23 11:05:04', '0000-00-00 00:00:00', 9.96, 1, 'A.1.02', '', '', '', '', 'gudang'),
(407, 841, '2025-07-23 11:05:04', '0000-00-00 00:00:00', 11.92, 1, 'A.1.02', '', '', '', '', 'gudang'),
(408, 841, '2025-07-23 11:05:04', '0000-00-00 00:00:00', 5.42, 1, 'A.1.02', '', '', '', '', 'gudang'),
(409, 831, '2025-07-23 11:05:04', '0000-00-00 00:00:00', 12.25, 1, 'B.1.01', '', '', '', '', 'gudang'),
(410, 879, '2025-07-23 11:05:04', '0000-00-00 00:00:00', 14, 1, 'A.1.01', '', '', '', '', 'gudang'),
(411, 879, '2025-07-23 11:05:04', '0000-00-00 00:00:00', 11, 1, 'A.1.01', '', '', '', '', 'gudang'),
(412, 879, '2025-07-23 11:05:04', '0000-00-00 00:00:00', 14, 1, 'A.1.01', '', '', '', '', 'gudang'),
(413, 879, '2025-07-23 11:05:04', '0000-00-00 00:00:00', 14.75, 1, 'A.1.01', '', '', '', '', 'gudang'),
(414, 879, '2025-07-23 11:05:04', '0000-00-00 00:00:00', 14.04, 1, 'A.1.01', '', '', '', '', 'gudang'),
(415, 879, '2025-07-23 11:05:04', '0000-00-00 00:00:00', 13, 1, 'A.1.01', '', '', '', '', 'gudang'),
(416, 879, '2025-07-23 11:05:04', '0000-00-00 00:00:00', 8, 1, 'A.1.01', '', '', '', '', 'gudang'),
(417, 879, '2025-07-23 11:05:04', '0000-00-00 00:00:00', 13, 1, 'A.1.01', '', '', '', '', 'gudang'),
(418, 486, '2025-07-23 11:05:04', '0000-00-00 00:00:00', 5, 1, 'B.1.02', '', '', '', '', 'gudang'),
(419, 492, '2025-07-23 11:05:04', '0000-00-00 00:00:00', 5, 1, 'B.1.02', '', '', '', '', 'gudang'),
(420, 486, '2025-07-23 11:05:04', '0000-00-00 00:00:00', 6.04, 1, 'B.1.02', '', '', '', '', 'gudang'),
(421, 492, '2025-07-23 11:05:04', '0000-00-00 00:00:00', 6.46, 1, 'B.1.02', '', '', '', '', 'gudang'),
(422, 879, '2025-07-23 11:05:04', '0000-00-00 00:00:00', 13, 1, 'A.1.01', '', '', '', '', 'gudang'),
(423, 879, '2025-07-23 11:05:04', '0000-00-00 00:00:00', 14, 1, 'A.1.01', '', '', '', '', 'gudang'),
(424, 834, '2025-07-23 11:05:04', '0000-00-00 00:00:00', 17, 1, 'A.1.01', '', '', '', '', 'gudang'),
(425, 834, '2025-07-23 11:05:04', '0000-00-00 00:00:00', 15, 1, 'A.1.01', '', '', '', '', 'gudang'),
(426, 834, '2025-07-23 11:05:04', '0000-00-00 00:00:00', 16, 1, 'A.1.01', '', '', '', '', 'gudang'),
(427, 831, '2025-07-23 11:05:04', '0000-00-00 00:00:00', 13, 1, 'B.1.01', '', '', '', '', 'gudang'),
(428, 489, '2025-07-23 11:05:04', '0000-00-00 00:00:00', 3.38, 1, 'B.1.02', '', '', '', '', 'gudang'),
(429, 483, '2025-07-23 11:05:04', '0000-00-00 00:00:00', 3.38, 1, 'B.1.02', '', '', '', '', 'gudang'),
(430, 489, '2025-07-23 11:05:04', '0000-00-00 00:00:00', 4.38, 1, 'B.1.02', '', '', '', '', 'gudang'),
(431, 483, '2025-07-23 11:05:04', '0000-00-00 00:00:00', 4.46, 1, 'B.1.02', '', '', '', '', 'gudang'),
(432, 489, '2025-07-23 11:05:04', '0000-00-00 00:00:00', 5.46, 1, 'B.1.02', '', '', '', '', 'gudang'),
(433, 483, '2025-07-23 11:05:04', '0000-00-00 00:00:00', 5.42, 1, 'B.1.02', '', '', '', '', 'gudang'),
(434, 879, '2025-07-23 11:05:04', '0000-00-00 00:00:00', 13, 1, 'A.1.01', '', '', '', '', 'gudang'),
(435, 22, '2025-07-23 11:05:04', '0000-00-00 00:00:00', 0.83, 1, 'A.1.02', '', '', '', '', 'gudang'),
(436, 30, '2025-07-23 11:05:04', '0000-00-00 00:00:00', 1, 1, 'A.1.02', '', '', '', '', 'gudang'),
(437, 879, '2025-07-23 11:05:04', '0000-00-00 00:00:00', 12, 1, 'A.1.01', '', '', '', '', 'gudang'),
(438, 879, '2025-07-23 11:05:04', '0000-00-00 00:00:00', 5, 1, 'A.1.01', '', '', '', '', 'gudang'),
(439, 617, '2025-07-23 11:05:04', '0000-00-00 00:00:00', 6.96, 1, 'B.1.02', '', '', '', '', 'gudang'),
(440, 842, '2025-07-23 11:05:04', '0000-00-00 00:00:00', 4.96, 1, 'A.1.02', '', '', '', '', 'gudang'),
(441, 879, '2025-07-23 11:05:04', '0000-00-00 00:00:00', 13, 1, 'A.1.01', '', '', '', '', 'gudang'),
(442, 282, '2025-07-23 11:05:04', '0000-00-00 00:00:00', 2, 1, 'A.1.02', '', '', '', '', 'gudang'),
(443, 834, '2025-07-23 11:05:04', '0000-00-00 00:00:00', 15, 1, 'A.1.01', '', '', '', '', 'gudang'),
(444, 879, '2025-07-23 11:05:04', '0000-00-00 00:00:00', 10.25, 1, 'A.1.01', '', '', '', '', 'gudang'),
(445, 879, '2025-07-23 11:05:04', '0000-00-00 00:00:00', 12, 1, 'A.1.01', '', '', '', '', 'gudang'),
(446, 312, '2025-07-23 11:05:04', '0000-00-00 00:00:00', 5.17, 1, 'B.1.02', '', '', '', '', 'gudang'),
(447, 312, '2025-07-23 11:05:04', '0000-00-00 00:00:00', 9, 1, 'B.1.02', '', '', '', '', 'gudang'),
(448, 311, '2025-07-23 11:05:04', '0000-00-00 00:00:00', 6.96, 1, 'A.1.02', '', '', '', '', 'gudang'),
(449, 879, '2025-07-23 11:05:04', '0000-00-00 00:00:00', 9.83, 1, 'A.1.01', '', '', '', '', 'gudang'),
(450, 879, '2025-07-23 11:05:04', '0000-00-00 00:00:00', 1.58, 1, 'A.1.01', '', '', '', '', 'gudang'),
(451, 879, '2025-07-23 11:05:04', '0000-00-00 00:00:00', 12.96, 1, 'A.1.01', '', '', '', '', 'gudang'),
(452, 481, '2025-07-23 11:05:04', '0000-00-00 00:00:00', 2.29, 1, 'B.1.02', '', '', '', '', 'gudang'),
(453, 487, '2025-07-23 11:05:04', '0000-00-00 00:00:00', 2.38, 1, 'B.1.02', '', '', '', '', 'gudang'),
(454, 879, '2025-07-23 11:05:04', '0000-00-00 00:00:00', 14, 1, 'A.1.01', '', '', '', '', 'gudang'),
(455, 879, '2025-07-23 11:05:04', '0000-00-00 00:00:00', 14, 1, 'A.1.01', '', '', '', '', 'gudang'),
(456, 879, '2025-07-23 11:05:04', '0000-00-00 00:00:00', 12, 1, 'A.1.01', '', '', '', '', 'gudang'),
(457, 879, '2025-07-23 11:05:04', '0000-00-00 00:00:00', 14, 1, 'A.1.01', '', '', '', '', 'gudang'),
(458, 482, '2025-07-23 11:05:04', '0000-00-00 00:00:00', 3, 1, 'B.1.02', '', '', '', '', 'gudang'),
(459, 488, '2025-07-23 11:05:04', '0000-00-00 00:00:00', 2.96, 1, 'B.1.02', '', '', '', '', 'gudang'),
(460, 831, '2025-07-23 11:05:04', '0000-00-00 00:00:00', 13, 1, 'B.1.01', '', '', '', '', 'gudang'),
(461, 831, '2025-07-23 11:05:04', '0000-00-00 00:00:00', 12.13, 1, 'B.1.01', '', '', '', '', 'gudang'),
(462, 310, '2025-07-23 11:05:04', '0000-00-00 00:00:00', 7.67, 1, 'B.1.02', '', '', '', '', 'gudang'),
(463, 482, '2025-07-23 11:05:04', '0000-00-00 00:00:00', 8, 1, 'B.1.02', '', '', '', '', 'gudang'),
(464, 488, '2025-07-23 11:05:04', '0000-00-00 00:00:00', 8, 1, 'B.1.02', '', '', '', '', 'gudang'),
(465, 485, '2025-07-23 11:05:04', '0000-00-00 00:00:00', 4.75, 1, 'B.1.02', '', '', '', '', 'gudang'),
(466, 491, '2025-07-23 11:05:04', '0000-00-00 00:00:00', 4.92, 1, 'B.1.02', '', '', '', '', 'gudang'),
(467, 92, '2025-07-23 11:05:04', '0000-00-00 00:00:00', 4.42, 1, 'A.1.02', '', '', '', '', 'gudang'),
(468, 92, '2025-07-23 11:05:04', '0000-00-00 00:00:00', 0.04, 1, 'A.1.02', '', '', '', '', 'gudang'),
(469, 879, '2025-07-23 11:05:04', '0000-00-00 00:00:00', 14.17, 1, 'A.1.01', '', '', '', '', 'gudang'),
(470, 879, '2025-07-23 11:05:04', '0000-00-00 00:00:00', 13.04, 1, 'A.1.01', '', '', '', '', 'gudang'),
(471, 879, '2025-07-23 11:05:04', '0000-00-00 00:00:00', 9, 1, 'A.1.01', '', '', '', '', 'gudang'),
(472, 879, '2025-07-23 11:05:04', '0000-00-00 00:00:00', 11.83, 1, 'A.1.01', '', '', '', '', 'gudang'),
(473, 879, '2025-07-23 11:05:04', '0000-00-00 00:00:00', 13.92, 1, 'A.1.01', '', '', '', '', 'gudang'),
(474, 250, '2025-07-23 11:05:04', '0000-00-00 00:00:00', 7.92, 1, 'B.1.01', '', '', '', '', 'gudang'),
(475, 834, '2025-07-23 11:05:04', '0000-00-00 00:00:00', 14.75, 1, 'A.1.01', '', '', '', '', 'gudang'),
(476, 834, '2025-07-23 11:05:04', '0000-00-00 00:00:00', 16, 1, 'A.1.01', '', '', '', '', 'gudang'),
(477, 879, '2025-07-23 11:05:04', '0000-00-00 00:00:00', 7.83, 1, 'A.1.01', '', '', '', '', 'gudang'),
(478, 879, '2025-07-23 11:05:04', '0000-00-00 00:00:00', 12, 1, 'A.1.01', '', '', '', '', 'gudang'),
(479, 879, '2025-07-23 11:05:04', '0000-00-00 00:00:00', 13, 1, 'A.1.01', '', '', '', '', 'gudang'),
(480, 312, '2025-07-23 11:05:04', '0000-00-00 00:00:00', 7.75, 1, 'B.1.02', '', '', '', '', 'gudang'),
(481, 163, '2025-07-23 11:05:04', '0000-00-00 00:00:00', 16.38, 1, 'B.1.02', '', '', '', '', 'gudang'),
(482, 310, '2025-07-23 11:05:04', '0000-00-00 00:00:00', 8.13, 1, 'B.1.02', '', '', '', '', 'gudang'),
(483, 167, '2025-07-23 11:05:04', '0000-00-00 00:00:00', 15.42, 1, 'B.1.02', '', '', '', '', 'gudang'),
(484, 171, '2025-07-23 11:05:04', '0000-00-00 00:00:00', 8.33, 1, 'B.1.02', '', '', '', '', 'gudang'),
(485, 486, '2025-07-23 11:05:04', '0000-00-00 00:00:00', 2.17, 1, 'B.1.02', '', '', '', '', 'gudang'),
(486, 492, '2025-07-23 11:05:04', '0000-00-00 00:00:00', 2.17, 1, 'B.1.02', '', '', '', '', 'gudang'),
(487, 831, '2025-07-23 11:05:04', '0000-00-00 00:00:00', 13.88, 1, 'B.1.01', '', '', '', '', 'gudang'),
(488, 879, '2025-07-23 11:05:04', '0000-00-00 00:00:00', 14, 1, 'A.1.01', '', '', '', '', 'gudang'),
(489, 684, '2025-07-23 11:05:04', '0000-00-00 00:00:00', 8, 1, 'B.1.01', '', '', '', '', 'gudang'),
(490, 684, '2025-07-23 11:05:04', '0000-00-00 00:00:00', 7.67, 1, 'B.1.01', '', '', '', '', 'gudang'),
(491, 683, '2025-07-23 11:05:04', '0000-00-00 00:00:00', 9.33, 1, 'B.1.01', '', '', '', '', 'gudang'),
(492, 690, '2025-07-23 11:05:04', '0000-00-00 00:00:00', 7.5, 1, 'A.1.02', '', '', '', '', 'gudang'),
(493, 689, '2025-07-23 11:05:04', '0000-00-00 00:00:00', 8.83, 1, 'A.1.02', '', '', '', '', 'gudang'),
(494, 664, '2025-07-23 11:05:04', '0000-00-00 00:00:00', 7.67, 1, 'A.1.02', '', '', '', '', 'gudang'),
(495, 666, '2025-07-23 11:05:04', '0000-00-00 00:00:00', 6.54, 1, 'A.1.02', '', '', '', '', 'gudang'),
(496, 685, '2025-07-23 11:05:04', '0000-00-00 00:00:00', 11, 1, 'C.1.01', '', '', '', '', 'gudang'),
(497, 678, '2025-07-23 11:05:04', '0000-00-00 00:00:00', 7, 1, 'B.1.01', '', '', '', '', 'gudang');
INSERT INTO `pemasukan` (`id_masuk`, `id_anak`, `created_at`, `updated_at`, `qty_masuk`, `box_masuk`, `jalur`, `gd_setting`, `note`, `hapus_jalur`, `ket_masuk`, `admin`) VALUES
(498, 678, '2025-07-23 11:05:04', '0000-00-00 00:00:00', 8.04, 1, 'B.1.01', '', '', '', '', 'gudang'),
(499, 676, '2025-07-23 11:05:04', '0000-00-00 00:00:00', 11.71, 1, 'B.1.01', '', '', '', '', 'gudang'),
(500, 698, '2025-07-23 11:05:04', '0000-00-00 00:00:00', 10.38, 1, 'A.1.01', '', '', '', '', 'gudang'),
(501, 699, '2025-07-23 11:05:04', '0000-00-00 00:00:00', 4, 1, 'A.1.02', '', '', '', '', 'gudang'),
(502, 710, '2025-07-23 11:05:04', '0000-00-00 00:00:00', 7.88, 1, 'C.1.01', '', '', '', '', 'gudang'),
(503, 712, '2025-07-23 11:05:04', '0000-00-00 00:00:00', 6.75, 1, 'C.1.01', '', '', '', '', 'gudang'),
(504, 711, '2025-07-23 11:05:04', '0000-00-00 00:00:00', 5.46, 1, 'C.1.01', '', '', '', '', 'gudang'),
(505, 710, '2025-07-23 11:05:04', '0000-00-00 00:00:00', 6.96, 1, 'C.1.01', '', '', '', '', 'gudang'),
(506, 879, '2025-07-23 11:05:04', '0000-00-00 00:00:00', 4, 1, 'A.1.01', '', '', '', '', 'gudang'),
(507, 879, '2025-07-23 11:05:04', '0000-00-00 00:00:00', 14, 1, 'A.1.01', '', '', '', '', 'gudang'),
(508, 314, '2025-07-23 11:05:04', '0000-00-00 00:00:00', 5.96, 1, 'B.1.02', '', '', '', '', 'gudang'),
(509, 879, '2025-07-23 11:05:04', '0000-00-00 00:00:00', 4, 1, 'A.1.01', '', '', '', '', 'gudang'),
(510, 879, '2025-07-23 11:05:04', '0000-00-00 00:00:00', 13, 1, 'A.1.01', '', '', '', '', 'gudang'),
(511, 310, '2025-07-23 11:05:04', '0000-00-00 00:00:00', 2.92, 1, 'B.1.02', '', '', '', '', 'gudang'),
(512, 167, '2025-07-23 11:05:04', '0000-00-00 00:00:00', 16.04, 1, 'B.1.02', '', '', '', '', 'gudang'),
(513, 314, '2025-07-23 11:05:04', '0000-00-00 00:00:00', 6, 1, 'B.1.02', '', '', '', '', 'gudang'),
(514, 314, '2025-07-23 11:05:04', '0000-00-00 00:00:00', 5.08, 1, 'B.1.02', '', '', '', '', 'gudang'),
(515, 167, '2025-07-23 11:05:04', '0000-00-00 00:00:00', 5, 1, 'B.1.02', '', '', '', '', 'gudang'),
(516, 831, '2025-07-23 11:05:04', '0000-00-00 00:00:00', 14, 1, 'B.1.01', '', '', '', '', 'gudang'),
(517, 314, '2025-07-23 11:05:04', '0000-00-00 00:00:00', 3, 1, 'B.1.02', '', '', '', '', 'gudang'),
(518, 879, '2025-07-23 11:05:04', '0000-00-00 00:00:00', 14, 1, 'A.1.01', '', '', '', '', 'gudang'),
(519, 879, '2025-07-23 11:05:04', '0000-00-00 00:00:00', 10, 1, 'A.1.01', '', '', '', '', 'gudang'),
(520, 879, '2025-07-23 11:05:04', '0000-00-00 00:00:00', 14, 1, 'A.1.01', '', '', '', '', 'gudang'),
(521, 879, '2025-07-23 11:05:04', '0000-00-00 00:00:00', 12, 1, 'A.1.01', '', '', '', '', 'gudang'),
(522, 879, '2025-07-23 11:05:04', '0000-00-00 00:00:00', 15, 1, 'A.1.01', '', '', '', '', 'gudang'),
(523, 879, '2025-07-23 11:05:04', '0000-00-00 00:00:00', 11, 1, 'A.1.01', '', '', '', '', 'gudang'),
(524, 643, '2025-07-23 11:05:04', '0000-00-00 00:00:00', 10.92, 1, 'B.1.01', '', '', '', '', 'gudang'),
(525, 643, '2025-07-23 11:05:04', '0000-00-00 00:00:00', 9, 1, 'B.1.01', '', '', '', '', 'gudang'),
(526, 643, '2025-07-23 11:05:04', '0000-00-00 00:00:00', 9.25, 1, 'B.1.01', '', '', '', '', 'gudang'),
(527, 643, '2025-07-23 11:05:04', '0000-00-00 00:00:00', 9, 1, 'B.1.01', '', '', '', '', 'gudang'),
(528, 643, '2025-07-23 11:05:04', '0000-00-00 00:00:00', 7, 1, 'B.1.01', '', '', '', '', 'gudang'),
(529, 643, '2025-07-23 11:05:04', '0000-00-00 00:00:00', 9.88, 1, 'B.1.01', '', '', '', '', 'gudang'),
(530, 643, '2025-07-23 11:05:04', '0000-00-00 00:00:00', 7, 1, 'B.1.01', '', '', '', '', 'gudang'),
(531, 643, '2025-07-23 11:05:04', '0000-00-00 00:00:00', 10.54, 1, 'B.1.01', '', '', '', '', 'gudang'),
(532, 643, '2025-07-23 11:05:04', '0000-00-00 00:00:00', 10, 1, 'B.1.01', '', '', '', '', 'gudang'),
(533, 643, '2025-07-23 11:05:04', '0000-00-00 00:00:00', 10.29, 1, 'B.1.01', '', '', '', '', 'gudang'),
(534, 643, '2025-07-23 11:05:04', '0000-00-00 00:00:00', 6.46, 1, 'B.1.01', '', '', '', '', 'gudang'),
(535, 314, '2025-07-23 11:05:04', '0000-00-00 00:00:00', 2, 1, 'B.1.02', '', '', '', '', 'gudang'),
(536, 312, '2025-07-23 11:05:04', '0000-00-00 00:00:00', 5, 1, 'B.1.02', '', '', '', '', 'gudang'),
(537, 879, '2025-07-23 11:05:04', '0000-00-00 00:00:00', 10, 1, 'A.1.01', '', '', '', '', 'gudang'),
(538, 487, '2025-07-23 11:05:04', '0000-00-00 00:00:00', 4.96, 1, 'B.1.02', '', '', '', '', 'gudang'),
(539, 491, '2025-07-23 11:05:04', '0000-00-00 00:00:00', 8, 1, 'B.1.02', '', '', '', '', 'gudang'),
(540, 879, '2025-07-23 11:05:04', '0000-00-00 00:00:00', 15, 1, 'A.1.01', '', '', '', '', 'gudang'),
(541, 312, '2025-07-23 11:05:04', '0000-00-00 00:00:00', 9.67, 1, 'B.1.02', '', '', '', '', 'gudang'),
(542, 314, '2025-07-23 11:05:04', '0000-00-00 00:00:00', 3.67, 1, 'B.1.02', '', '', '', '', 'gudang'),
(543, 167, '2025-07-23 11:05:04', '0000-00-00 00:00:00', 17, 1, 'B.1.02', '', '', '', '', 'gudang'),
(544, 167, '2025-07-23 11:05:04', '0000-00-00 00:00:00', 10.38, 1, 'B.1.02', '', '', '', '', 'gudang'),
(545, 163, '2025-07-23 11:05:04', '0000-00-00 00:00:00', 13.79, 1, 'B.1.02', '', '', '', '', 'gudang'),
(546, 171, '2025-07-23 11:05:04', '0000-00-00 00:00:00', 10.67, 1, 'B.1.02', '', '', '', '', 'gudang'),
(547, 167, '2025-07-23 11:05:04', '0000-00-00 00:00:00', 17.75, 1, 'B.1.02', '', '', '', '', 'gudang'),
(548, 879, '2025-07-23 11:05:04', '0000-00-00 00:00:00', 15, 1, 'A.1.01', '', '', '', '', 'gudang'),
(549, 879, '2025-07-23 11:05:04', '0000-00-00 00:00:00', 13, 1, 'A.1.01', '', '', '', '', 'gudang'),
(550, 879, '2025-07-23 11:05:04', '0000-00-00 00:00:00', 9, 1, 'A.1.01', '', '', '', '', 'gudang'),
(551, 879, '2025-07-23 11:05:04', '0000-00-00 00:00:00', 10, 1, 'A.1.01', '', '', '', '', 'gudang'),
(552, 879, '2025-07-23 11:05:04', '0000-00-00 00:00:00', 14, 1, 'A.1.01', '', '', '', '', 'gudang'),
(553, 879, '2025-07-23 11:05:04', '0000-00-00 00:00:00', 13, 1, 'A.1.01', '', '', '', '', 'gudang');

--
-- Triggers `pemasukan`
--
DELIMITER $$
CREATE TRIGGER `HAPUS` AFTER DELETE ON `pemasukan` FOR EACH ROW BEGIN
                UPDATE stock 
                SET qty_stock = qty_stock - OLD.qty_masuk, 
                    box_stock = box_stock - OLD.box_masuk 
                WHERE id_anak = OLD.id_anak 
                AND jalur = OLD.jalur;
            END
$$
DELIMITER ;
DELIMITER $$
CREATE TRIGGER `TAMBAH` AFTER INSERT ON `pemasukan` FOR EACH ROW BEGIN
                UPDATE stock 
                SET qty_stock = qty_stock + NEW.qty_masuk, 
                    box_stock = box_stock + NEW.box_masuk 
                WHERE id_anak = NEW.id_anak 
                AND jalur = NEW.jalur;
            END
$$
DELIMITER ;
DELIMITER $$
CREATE TRIGGER `UBAH` AFTER UPDATE ON `pemasukan` FOR EACH ROW BEGIN
                UPDATE stock 
                SET qty_stock = (qty_stock - OLD.qty_masuk) + NEW.qty_masuk, 
                    box_stock = (box_stock - OLD.box_masuk) + NEW.box_masuk 
                WHERE id_anak = OLD.id_anak 
                AND jalur = OLD.jalur;
            END
$$
DELIMITER ;

-- --------------------------------------------------------

--
-- Table structure for table `pengeluaran`
--

CREATE TABLE `pengeluaran` (
  `id_keluar` int(11) UNSIGNED NOT NULL,
  `id_anak` int(11) UNSIGNED NOT NULL,
  `id_minta` int(11) UNSIGNED NOT NULL,
  `created_at` datetime NOT NULL,
  `updated_at` datetime NOT NULL,
  `qty_keluar` double NOT NULL,
  `box_keluar` double NOT NULL,
  `jalur` varchar(30) NOT NULL,
  `gd_setting` varchar(30) NOT NULL,
  `ket_keluar` text NOT NULL,
  `hapus_jalur` varchar(10) NOT NULL,
  `admin` varchar(30) NOT NULL
) ENGINE=InnoDB DEFAULT CHARSET=utf8mb4 COLLATE=utf8mb4_general_ci;

--
-- Triggers `pengeluaran`
--
DELIMITER $$
CREATE TRIGGER `EDIT` AFTER UPDATE ON `pengeluaran` FOR EACH ROW BEGIN
                UPDATE stock 
                SET qty_stock = (qty_stock + OLD.qty_keluar) - NEW.qty_keluar, 
                    box_stock = (box_stock + OLD.box_keluar) - NEW.box_keluar 
                WHERE id_anak = OLD.id_anak 
                AND jalur = OLD.jalur;
            END
$$
DELIMITER ;
DELIMITER $$
CREATE TRIGGER `HAPUS_PENGELUARAN` AFTER DELETE ON `pengeluaran` FOR EACH ROW BEGIN
                UPDATE stock 
                SET qty_stock = qty_stock + OLD.qty_keluar, 
                    box_stock = box_stock + OLD.box_keluar 
                WHERE id_anak = OLD.id_anak 
                AND jalur = OLD.jalur;
            END
$$
DELIMITER ;
DELIMITER $$
CREATE TRIGGER `INPUT` AFTER INSERT ON `pengeluaran` FOR EACH ROW BEGIN
                UPDATE stock 
                SET qty_stock = qty_stock - NEW.qty_keluar, 
                    box_stock = box_stock - NEW.box_keluar 
                WHERE id_anak = NEW.id_anak 
                AND jalur = NEW.jalur;
            END
$$
DELIMITER ;

-- --------------------------------------------------------

--
-- Table structure for table `permintaan`
--

CREATE TABLE `permintaan` (
  `id_minta` int(11) UNSIGNED NOT NULL,
  `id_anak` int(11) UNSIGNED NOT NULL,
  `area_packing` varchar(30) NOT NULL,
  `gd_setting` varchar(30) NOT NULL,
  `created_at` datetime NOT NULL,
  `updated_at` datetime NOT NULL,
  `tgl_jalan` date NOT NULL,
  `wh` double NOT NULL,
  `eff` varchar(30) NOT NULL,
  `direct` double NOT NULL,
  `kapasitas` double NOT NULL,
  `qty_minta` double NOT NULL,
  `ket_packing` text NOT NULL,
  `ket_gd` text NOT NULL,
  `status` varchar(30) NOT NULL,
  `deffect` double NOT NULL,
  `admin` varchar(30) NOT NULL
) ENGINE=InnoDB DEFAULT CHARSET=utf8mb4 COLLATE=utf8mb4_general_ci;

-- --------------------------------------------------------

--
-- Table structure for table `pesan`
--

CREATE TABLE `pesan` (
  `id_pesan` int(11) UNSIGNED NOT NULL,
  `tgl_kirim` datetime NOT NULL,
  `pengirim` varchar(30) NOT NULL,
  `penerima` varchar(30) NOT NULL,
  `subjek` varchar(30) NOT NULL,
  `isi` text NOT NULL,
  `status_baca` varchar(30) NOT NULL,
  `hapus_pengirim` varchar(30) NOT NULL,
  `hapus_penerima` varchar(30) NOT NULL
) ENGINE=InnoDB DEFAULT CHARSET=utf8mb4 COLLATE=utf8mb4_general_ci;

-- --------------------------------------------------------

--
-- Table structure for table `stock`
--

CREATE TABLE `stock` (
  `id_stock` int(11) UNSIGNED NOT NULL,
  `id_anak` int(11) UNSIGNED NOT NULL,
  `created_at` datetime NOT NULL,
  `updated_at` datetime NOT NULL,
  `qty_stock` double NOT NULL,
  `box_stock` double NOT NULL,
  `jalur` varchar(30) NOT NULL,
  `gd_setting` varchar(30) NOT NULL,
  `ket_stock` text NOT NULL,
  `admin` varchar(30) NOT NULL
) ENGINE=InnoDB DEFAULT CHARSET=utf8mb4 COLLATE=utf8mb4_general_ci;

--
-- Dumping data for table `stock`
--

INSERT INTO `stock` (`id_stock`, `id_anak`, `created_at`, `updated_at`, `qty_stock`, `box_stock`, `jalur`, `gd_setting`, `ket_stock`, `admin`) VALUES
(1, 879, '2025-07-23 11:04:08', '0000-00-00 00:00:00', 2498.87, 220, 'A.1.01', '', '', 'gudang'),
(2, 831, '2025-07-23 11:04:08', '0000-00-00 00:00:00', 512.61, 49, 'B.1.01', '', '', 'gudang'),
(3, 313, '2025-07-23 11:04:08', '0000-00-00 00:00:00', 73.42999999999999, 14, 'A.1.01', '', '', 'gudang'),
(4, 246, '2025-07-23 11:04:08', '0000-00-00 00:00:00', 5.29, 1, 'B.1.01', '', '', 'gudang'),
(5, 250, '2025-07-23 11:04:08', '0000-00-00 00:00:00', 21.59, 3, 'B.1.01', '', '', 'gudang'),
(6, 253, '2025-07-23 11:04:08', '0000-00-00 00:00:00', 4.88, 1, 'B.1.01', '', '', 'gudang'),
(7, 247, '2025-07-23 11:04:08', '0000-00-00 00:00:00', 3.29, 1, 'B.1.01', '', '', 'gudang'),
(8, 235, '2025-07-23 11:04:08', '0000-00-00 00:00:00', 4.63, 1, 'B.1.01', '', '', 'gudang'),
(9, 241, '2025-07-23 11:04:08', '0000-00-00 00:00:00', 6.71, 2, 'B.1.01', '', '', 'gudang'),
(10, 309, '2025-07-23 11:04:08', '0000-00-00 00:00:00', 42.01, 5, 'A.1.01', '', '', 'gudang'),
(11, 644, '2025-07-23 11:04:08', '0000-00-00 00:00:00', 3.13, 3, 'B.1.01', '', '', 'gudang'),
(12, 698, '2025-07-23 11:04:08', '0000-00-00 00:00:00', 39.64, 4, 'A.1.01', '', '', 'gudang'),
(13, 705, '2025-07-23 11:04:08', '0000-00-00 00:00:00', 15.5, 3, 'B.1.01', '', '', 'gudang'),
(14, 834, '2025-07-23 11:04:08', '0000-00-00 00:00:00', 274.03999999999996, 18, 'A.1.01', '', '', 'gudang'),
(15, 243, '2025-07-23 11:04:08', '0000-00-00 00:00:00', 12.87, 2, 'B.1.01', '', '', 'gudang'),
(16, 281, '2025-07-23 11:04:08', '0000-00-00 00:00:00', 9.480000000000002, 6, 'B.1.01', '', '', 'gudang'),
(17, 637, '2025-07-23 11:04:08', '0000-00-00 00:00:00', 2, 1, 'C.1.01', '', '', 'gudang'),
(18, 251, '2025-07-23 11:04:08', '0000-00-00 00:00:00', 15.58, 3, 'B.1.01', '', '', 'gudang'),
(19, 172, '2025-07-23 11:04:08', '0000-00-00 00:00:00', 58.41, 8, 'A.1.01', '', '', 'gudang'),
(20, 636, '2025-07-23 11:04:08', '0000-00-00 00:00:00', 149.02, 21, 'C.1.01', '', '', 'gudang'),
(21, 841, '2025-07-23 11:04:08', '0000-00-00 00:00:00', 108.07000000000002, 16, 'A.1.02', '', '', 'gudang'),
(22, 845, '2025-07-23 11:04:08', '0000-00-00 00:00:00', 21.759999999999998, 5, 'A.1.01', '', '', 'gudang'),
(23, 846, '2025-07-23 11:04:08', '0000-00-00 00:00:00', 10.930000000000001, 5, 'A.1.01', '', '', 'gudang'),
(24, 643, '2025-07-23 11:04:08', '0000-00-00 00:00:00', 627.2399999999999, 84, 'B.1.01', '', '', 'gudang'),
(25, 638, '2025-07-23 11:04:08', '0000-00-00 00:00:00', 36.63999999999999, 14, 'C.1.01', '', '', 'gudang'),
(26, 623, '2025-07-23 11:04:08', '0000-00-00 00:00:00', 18.91, 3, 'A.1.01', '', '', 'gudang'),
(27, 173, '2025-07-23 11:04:08', '0000-00-00 00:00:00', 31.840000000000003, 5, 'A.1.02', '', '', 'gudang'),
(28, 840, '2025-07-23 11:04:08', '0000-00-00 00:00:00', 5.08, 2, 'A.1.02', '', '', 'gudang'),
(29, 633, '2025-07-23 11:04:08', '0000-00-00 00:00:00', 18.720000000000002, 4, 'C.1.01', '', '', 'gudang'),
(30, 311, '2025-07-23 11:04:08', '0000-00-00 00:00:00', 29.09, 4, 'A.1.02', '', '', 'gudang'),
(31, 165, '2025-07-23 11:04:08', '0000-00-00 00:00:00', 58.13, 8, 'A.1.02', '', '', 'gudang'),
(32, 164, '2025-07-23 11:04:08', '0000-00-00 00:00:00', 35.71, 6, 'A.1.02', '', '', 'gudang'),
(33, 842, '2025-07-23 11:04:08', '0000-00-00 00:00:00', 26.42, 5, 'A.1.02', '', '', 'gudang'),
(34, 635, '2025-07-23 11:04:08', '0000-00-00 00:00:00', 1.79, 1, 'C.1.01', '', '', 'gudang'),
(35, 711, '2025-07-23 11:04:08', '0000-00-00 00:00:00', 12.879999999999999, 3, 'C.1.01', '', '', 'gudang'),
(36, 685, '2025-07-23 11:04:08', '0000-00-00 00:00:00', 33, 4, 'C.1.01', '', '', 'gudang'),
(37, 682, '2025-07-23 11:04:08', '0000-00-00 00:00:00', 8, 2, 'B.1.01', '', '', 'gudang'),
(38, 689, '2025-07-23 11:04:08', '0000-00-00 00:00:00', 24.450000000000003, 3, 'A.1.02', '', '', 'gudang'),
(39, 690, '2025-07-23 11:04:08', '0000-00-00 00:00:00', 19.38, 3, 'A.1.02', '', '', 'gudang'),
(40, 684, '2025-07-23 11:04:08', '0000-00-00 00:00:00', 39.26, 6, 'B.1.01', '', '', 'gudang'),
(41, 678, '2025-07-23 11:04:08', '0000-00-00 00:00:00', 40.12, 6, 'B.1.01', '', '', 'gudang'),
(42, 704, '2025-07-23 11:04:08', '0000-00-00 00:00:00', 7, 1, 'B.1.01', '', '', 'gudang'),
(43, 676, '2025-07-23 11:04:08', '0000-00-00 00:00:00', 32.25, 3, 'B.1.01', '', '', 'gudang'),
(44, 699, '2025-07-23 11:04:08', '0000-00-00 00:00:00', 16.75, 3, 'A.1.02', '', '', 'gudang'),
(45, 677, '2025-07-23 11:04:08', '0000-00-00 00:00:00', 5.92, 1, 'B.1.01', '', '', 'gudang'),
(46, 683, '2025-07-23 11:04:08', '0000-00-00 00:00:00', 26.409999999999997, 3, 'B.1.01', '', '', 'gudang'),
(47, 664, '2025-07-23 11:04:08', '0000-00-00 00:00:00', 20.17, 3, 'A.1.02', '', '', 'gudang'),
(48, 666, '2025-07-23 11:04:08', '0000-00-00 00:00:00', 21.83, 3, 'A.1.02', '', '', 'gudang'),
(49, 168, '2025-07-23 11:04:08', '0000-00-00 00:00:00', 2.46, 1, 'A.1.02', '', '', 'gudang'),
(50, 835, '2025-07-23 11:04:08', '0000-00-00 00:00:00', 43, 7, 'A.1.02', '', '', 'gudang'),
(51, 631, '2025-07-23 11:04:08', '0000-00-00 00:00:00', 12, 1, 'A.1.02', '', '', 'gudang'),
(52, 252, '2025-07-23 11:04:08', '0000-00-00 00:00:00', 5.63, 1, 'B.1.01', '', '', 'gudang'),
(53, 242, '2025-07-23 11:04:08', '0000-00-00 00:00:00', 3.75, 1, 'B.1.01', '', '', 'gudang'),
(54, 706, '2025-07-23 11:04:21', '0000-00-00 00:00:00', 11, 2, 'A.1.02', '', '', 'gudang'),
(55, 491, '2025-07-23 11:04:21', '0000-00-00 00:00:00', 41.84, 8, 'B.1.02', '', '', 'gudang'),
(56, 485, '2025-07-23 11:04:21', '0000-00-00 00:00:00', 25.5, 6, 'B.1.02', '', '', 'gudang'),
(57, 300, '2025-07-23 11:04:21', '0000-00-00 00:00:00', 7.18, 4, 'A.1.02', '', '', 'gudang'),
(58, 289, '2025-07-23 11:04:21', '0000-00-00 00:00:00', 0.34, 2, 'A.1.02', '', '', 'gudang'),
(59, 236, '2025-07-23 11:04:21', '0000-00-00 00:00:00', 1, 4, 'A.1.02', '', '', 'gudang'),
(60, 229, '2025-07-23 11:04:21', '0000-00-00 00:00:00', 0.5, 4, 'A.1.02', '', '', 'gudang'),
(61, 221, '2025-07-23 11:04:21', '0000-00-00 00:00:00', 1.76, 2, 'A.1.02', '', '', 'gudang'),
(62, 282, '2025-07-23 11:04:21', '0000-00-00 00:00:00', 4.84, 4, 'A.1.02', '', '', 'gudang'),
(63, 167, '2025-07-23 11:04:21', '0000-00-00 00:00:00', 163.76, 14, 'B.1.02', '', '', 'gudang'),
(64, 170, '2025-07-23 11:04:21', '0000-00-00 00:00:00', 1.58, 2, 'B.1.02', '', '', 'gudang'),
(65, 232, '2025-07-23 11:04:21', '0000-00-00 00:00:00', 0.66, 2, 'A.1.02', '', '', 'gudang'),
(66, 634, '2025-07-23 11:04:21', '0000-00-00 00:00:00', 0.5, 2, 'C.1.01', '', '', 'gudang'),
(67, 171, '2025-07-23 11:04:21', '0000-00-00 00:00:00', 43.34, 6, 'B.1.02', '', '', 'gudang'),
(68, 488, '2025-07-23 11:04:21', '0000-00-00 00:00:00', 45.84, 8, 'B.1.02', '', '', 'gudang'),
(69, 482, '2025-07-23 11:04:21', '0000-00-00 00:00:00', 45.18, 8, 'B.1.02', '', '', 'gudang'),
(70, 301, '2025-07-23 11:04:21', '0000-00-00 00:00:00', 0.92, 2, 'A.1.02', '', '', 'gudang'),
(71, 314, '2025-07-23 11:04:21', '0000-00-00 00:00:00', 61.84, 16, 'B.1.02', '', '', 'gudang'),
(72, 283, '2025-07-23 11:04:21', '0000-00-00 00:00:00', 0.66, 2, 'A.1.02', '', '', 'gudang'),
(73, 299, '2025-07-23 11:04:21', '0000-00-00 00:00:00', 2.84, 4, 'A.1.02', '', '', 'gudang'),
(74, 688, '2025-07-23 11:04:21', '0000-00-00 00:00:00', 12, 2, 'B.1.02', '', '', 'gudang'),
(75, 712, '2025-07-23 11:04:21', '0000-00-00 00:00:00', 21.34, 4, 'C.1.01', '', '', 'gudang'),
(76, 700, '2025-07-23 11:04:21', '0000-00-00 00:00:00', 14.42, 2, 'B.1.02', '', '', 'gudang'),
(77, 487, '2025-07-23 11:04:21', '0000-00-00 00:00:00', 20.68, 6, 'B.1.02', '', '', 'gudang'),
(78, 481, '2025-07-23 11:04:21', '0000-00-00 00:00:00', 10.579999999999998, 4, 'B.1.02', '', '', 'gudang'),
(79, 619, '2025-07-23 11:04:21', '0000-00-00 00:00:00', 1.66, 2, 'B.1.02', '', '', 'gudang'),
(80, 627, '2025-07-23 11:04:21', '0000-00-00 00:00:00', 18.68, 4, 'B.1.02', '', '', 'gudang'),
(81, 310, '2025-07-23 11:04:21', '0000-00-00 00:00:00', 58.28000000000001, 8, 'B.1.02', '', '', 'gudang'),
(82, 308, '2025-07-23 11:04:21', '0000-00-00 00:00:00', 12.579999999999998, 4, 'A.1.02', '', '', 'gudang'),
(83, 642, '2025-07-23 11:04:21', '0000-00-00 00:00:00', 1.58, 2, 'A.1.02', '', '', 'gudang'),
(84, 228, '2025-07-23 11:04:21', '0000-00-00 00:00:00', 0.08, 2, 'A.1.02', '', '', 'gudang'),
(85, 240, '2025-07-23 11:04:21', '0000-00-00 00:00:00', 0.08, 2, 'A.1.02', '', '', 'gudang'),
(86, 616, '2025-07-23 11:04:21', '0000-00-00 00:00:00', 5.42, 2, 'B.1.02', '', '', 'gudang'),
(87, 617, '2025-07-23 11:04:21', '0000-00-00 00:00:00', 29.92, 4, 'B.1.02', '', '', 'gudang'),
(88, 486, '2025-07-23 11:04:21', '0000-00-00 00:00:00', 26.42, 6, 'B.1.02', '', '', 'gudang'),
(89, 492, '2025-07-23 11:04:21', '0000-00-00 00:00:00', 27.260000000000005, 6, 'B.1.02', '', '', 'gudang'),
(90, 489, '2025-07-23 11:04:21', '0000-00-00 00:00:00', 26.44, 6, 'B.1.02', '', '', 'gudang'),
(91, 483, '2025-07-23 11:04:21', '0000-00-00 00:00:00', 26.520000000000003, 6, 'B.1.02', '', '', 'gudang'),
(92, 22, '2025-07-23 11:04:21', '0000-00-00 00:00:00', 1.66, 2, 'A.1.02', '', '', 'gudang'),
(93, 30, '2025-07-23 11:04:21', '0000-00-00 00:00:00', 2, 2, 'A.1.02', '', '', 'gudang'),
(94, 312, '2025-07-23 11:04:21', '0000-00-00 00:00:00', 73.18, 10, 'B.1.02', '', '', 'gudang'),
(95, 92, '2025-07-23 11:04:21', '0000-00-00 00:00:00', 8.919999999999998, 4, 'A.1.02', '', '', 'gudang'),
(96, 163, '2025-07-23 11:04:21', '0000-00-00 00:00:00', 60.339999999999996, 4, 'B.1.02', '', '', 'gudang'),
(97, 710, '2025-07-23 11:04:21', '0000-00-00 00:00:00', 29.68, 4, 'C.1.01', '', '', 'gudang');

-- --------------------------------------------------------

--
-- Table structure for table `tabel_anak`
--

CREATE TABLE `tabel_anak` (
  `id_anak` int(11) UNSIGNED NOT NULL,
  `id_induk` int(11) UNSIGNED NOT NULL,
  `waktu_input` datetime NOT NULL,
  `area` varchar(10) NOT NULL,
  `inisial` varchar(5) NOT NULL,
  `style` varchar(30) NOT NULL,
  `warna` varchar(30) NOT NULL,
  `qty_po_inisial` double NOT NULL,
  `keterangan` text NOT NULL,
  `admin` varchar(30) NOT NULL
) ENGINE=InnoDB DEFAULT CHARSET=utf8mb4 COLLATE=utf8mb4_general_ci;

--
-- Dumping data for table `tabel_anak`
--

INSERT INTO `tabel_anak` (`id_anak`, `id_induk`, `waktu_input`, `area`, `inisial`, `style`, `warna`, `qty_po_inisial`, `keterangan`, `admin`) VALUES
(1, 1, '2025-06-30 11:17:58', 'Rajut 1', 'A1', 'G44525-1 25X25', 'PHANTOM PHANTOM X ANTIQUE WHIT', 136.08, '', 'gudang'),
(2, 1, '2025-06-30 11:17:58', 'Rajut 1', 'B1', 'G44525-1 27X27', 'PHANTOM PHANTOM X ANTIQUE WHIT', 211.42, '', 'gudang'),
(3, 1, '2025-06-30 11:17:58', 'Rajut 1', 'A2', 'G44525-2 25X25', 'DRESS BLUE DRESS BLUE X ANTIQU', 136.08, '', 'gudang'),
(4, 1, '2025-06-30 11:17:58', 'Rajut 1', 'B2', 'G44525-2 27X27', 'DRESS BLUE DRESS BLUE X ANTIQU', 211.42, '', 'gudang'),
(5, 1, '2025-06-30 11:17:58', 'Rajut 1', 'A3', 'G44525-3 25X25', 'PORT ROYALE PORT ROYALE X ANTI', 136.08, '', 'gudang'),
(6, 1, '2025-06-30 11:17:58', 'Rajut 1', 'B3', 'G44525-3 27X27', 'PORT ROYALE PORT ROYALE X ANTI', 211.42, '', 'gudang'),
(7, 2, '2025-06-30 11:17:58', 'Rajut 1', 'A1', 'G44795-1 15X13.5', 'NIAGARA BLUE RW', 156.25, '', 'gudang'),
(8, 2, '2025-06-30 11:17:58', 'Rajut 1', 'B1', 'G44795-1 17X14.5', 'NIAGARA BLUE RW', 178.25, '', 'gudang'),
(9, 2, '2025-06-30 11:17:58', 'Rajut 1', 'C1', 'G44795-1 19X15.5', 'NIAGARA BLUE RW', 146.83, '', 'gudang'),
(10, 2, '2025-06-30 11:17:58', 'Rajut 1', 'D2', 'G44805-1 15X13.5', 'GREEN GREEN RW', 156.25, '', 'gudang'),
(11, 2, '2025-06-30 11:17:58', 'Rajut 1', 'E2', 'G44805-1 17X14.5', 'GREEN GREEN RW', 178.25, '', 'gudang'),
(12, 2, '2025-06-30 11:17:58', 'Rajut 1', 'F2', 'G44805-1 19X15.5', 'GREEN GREEN RW', 146.83, '', 'gudang'),
(13, 2, '2025-06-30 11:17:58', 'Rajut 1', 'G3', 'G44815-1 15X13.5', 'GINGER ORANGE RW', 156.25, '', 'gudang'),
(14, 2, '2025-06-30 11:17:58', 'Rajut 1', 'H3', 'G44815-1 17X14.5', 'GINGER ORANGE RW', 178.25, '', 'gudang'),
(15, 2, '2025-06-30 11:17:58', 'Rajut 1', 'I3', 'G44815-1 19X15.5', 'GINGER ORANGE RW', 146.83, '', 'gudang'),
(16, 3, '2025-06-30 11:17:58', 'Rajut 1', 'A1', 'G44625-1 15X15', 'OFFWHITE BLACK M.ORANGE', 15.33, '', 'gudang'),
(17, 3, '2025-06-30 11:17:58', 'Rajut 1', 'B1', 'G44625-1 16.5X16', 'OFFWHITE BLACK M.ORANGE', 24.75, '', 'gudang'),
(18, 3, '2025-06-30 11:17:58', 'Rajut 1', 'C1', 'G44625-1 18X17.5', 'OFFWHITE BLACK M.ORANGE', 57.92, '', 'gudang'),
(19, 3, '2025-06-30 11:17:58', 'Rajut 1', 'D1', 'G44625-1 19.5X18.5', 'OFFWHITE BLACK M.ORANGE', 72.83, '', 'gudang'),
(20, 3, '2025-06-30 11:17:58', 'Rajut 1', 'A2', 'G44635-1 15X15', 'OFFWHITE BLACK RW AY', 15.33, '', 'gudang'),
(21, 3, '2025-06-30 11:17:58', 'Rajut 1', 'B2', 'G44635-1 16.5X16', 'OFFWHITE BLACK RW AY', 24.75, '', 'gudang'),
(22, 3, '2025-06-30 11:17:58', 'Rajut 1', 'C2', 'G44635-1 18X17.5', 'OFFWHITE BLACK RW AY', 57.92, '', 'gudang'),
(23, 3, '2025-06-30 11:17:58', 'Rajut 1', 'D2', 'G44635-1 19.5X18.5', 'OFFWHITE BLACK RW AY', 72.83, '', 'gudang'),
(24, 3, '2025-06-30 11:17:58', 'Rajut 1', 'A3', 'G44665-1 15X15', 'OFFWHITE BLACK RW AY', 15.33, '', 'gudang'),
(25, 3, '2025-06-30 11:17:58', 'Rajut 1', 'B3', 'G44665-1 16.5X16', 'OFFWHITE BLACK RW AY', 24.75, '', 'gudang'),
(26, 3, '2025-06-30 11:17:58', 'Rajut 1', 'C3', 'G44665-1 18X17.5', 'OFFWHITE BLACK RW AY', 57.92, '', 'gudang'),
(27, 3, '2025-06-30 11:17:58', 'Rajut 1', 'D3', 'G44665-1 19.5X18.5', 'OFFWHITE BLACK RW AY', 72.83, '', 'gudang'),
(28, 3, '2025-06-30 11:17:58', 'Rajut 1', 'A4', 'G44745-1 15X15', 'OFFWHITE BLACK BROWN', 15.33, '', 'gudang'),
(29, 3, '2025-06-30 11:17:58', 'Rajut 1', 'B4', 'G44745-1 16.5X16', 'OFFWHITE BLACK BROWN', 24.75, '', 'gudang'),
(30, 3, '2025-06-30 11:17:58', 'Rajut 1', 'C4', 'G44745-1 18X17.5', 'OFFWHITE BLACK BROWN', 57.92, '', 'gudang'),
(31, 3, '2025-06-30 11:17:58', 'Rajut 1', 'D4', 'G44745-1 19.5X18.5', 'OFFWHITE BLACK BROWN', 72.83, '', 'gudang'),
(32, 3, '2025-06-30 11:17:58', 'Rajut 1', 'A5', 'G44755-1 15X15', 'OFFWHITE BEIGE BROWN', 15.33, '', 'gudang'),
(33, 3, '2025-06-30 11:17:58', 'Rajut 1', 'B5', 'G44755-1 16.5X16', 'OFFWHITE BEIGE BROWN', 24.75, '', 'gudang'),
(34, 3, '2025-06-30 11:17:58', 'Rajut 1', 'C5', 'G44755-1 18X17.5', 'OFFWHITE BEIGE BROWN', 57.92, '', 'gudang'),
(35, 3, '2025-06-30 11:17:58', 'Rajut 1', 'D5', 'G44755-1 19.5X18.5', 'OFFWHITE BEIGE BROWN', 72.83, '', 'gudang'),
(36, 4, '2025-06-30 11:17:58', 'Rajut 1', 'A1', 'J250292-1 14X11', 'WHITE DARK BLUE WHITE AY', 3.17, '', 'gudang'),
(37, 4, '2025-06-30 11:17:58', 'Rajut 1', 'B1', 'J250292-1 15X11.5', 'WHITE DARK BLUE WHITE AY', 5.92, '', 'gudang'),
(38, 4, '2025-06-30 11:17:58', 'Rajut 1', 'C1', 'J250292-1 16.5X13', 'WHITE DARK BLUE WHITE AY', 3.17, '', 'gudang'),
(39, 4, '2025-06-30 11:17:58', 'Rajut 1', 'H2', 'J250302-1 14X11', 'ROYAL BLUE WHITE AY BLUE', 3.17, '', 'gudang'),
(40, 4, '2025-06-30 11:17:58', 'Rajut 1', 'I2', 'J250302-1 15X11.5', 'ROYAL BLUE WHITE AY BLUE', 5.92, '', 'gudang'),
(41, 4, '2025-06-30 11:17:58', 'Rajut 1', 'J2', 'J250302-1 16.5X13', 'ROYAL BLUE WHITE AY BLUE', 3.17, '', 'gudang'),
(42, 4, '2025-06-30 11:17:58', 'Rajut 1', 'O3', 'J257942-1 14X11', 'WHITE GLOW BLUE WHITE AY', 3.17, '', 'gudang'),
(43, 4, '2025-06-30 11:17:58', 'Rajut 1', 'P3', 'J257942-1 15X11.5', 'WHITE GLOW BLUE WHITE AY', 5.92, '', 'gudang'),
(44, 4, '2025-06-30 11:17:58', 'Rajut 1', 'Q3', 'J257942-1 16.5X13', 'WHITE GLOW BLUE WHITE AY', 3.17, '', 'gudang'),
(45, 5, '2025-06-30 11:17:58', 'Rajut 1', 'A1', 'J250292-1 14X11', 'WHITE DARK BLUE WHITE AY', 7.75, '', 'gudang'),
(46, 5, '2025-06-30 11:17:58', 'Rajut 1', 'B1', 'J250292-1 15X11.5', 'WHITE DARK BLUE WHITE AY', 9.5, '', 'gudang'),
(47, 5, '2025-06-30 11:17:58', 'Rajut 1', 'C1', 'J250292-1 16.5X13', 'WHITE DARK BLUE WHITE AY', 11.33, '', 'gudang'),
(48, 5, '2025-06-30 11:17:58', 'Rajut 1', 'H2', 'J250302-1 14X11', 'ROYAL BLUE WHITE AY BLUE', 7.75, '', 'gudang'),
(49, 5, '2025-06-30 11:17:58', 'Rajut 1', 'I2', 'J250302-1 15X11.5', 'ROYAL BLUE WHITE AY BLUE', 9.5, '', 'gudang'),
(50, 5, '2025-06-30 11:17:58', 'Rajut 1', 'J2', 'J250302-1 16.5X13', 'ROYAL BLUE WHITE AY BLUE', 11.33, '', 'gudang'),
(51, 5, '2025-06-30 11:17:58', 'Rajut 1', 'O3', 'J257942-1 14X11', 'WHITE GLOW BLUE WHITE AY', 7.75, '', 'gudang'),
(52, 5, '2025-06-30 11:17:58', 'Rajut 1', 'P3', 'J257942-1 15X11.5', 'WHITE GLOW BLUE WHITE AY', 9.5, '', 'gudang'),
(53, 5, '2025-06-30 11:17:58', 'Rajut 1', 'Q3', 'J257942-1 16.5X13', 'WHITE GLOW BLUE WHITE AY', 11.33, '', 'gudang'),
(54, 6, '2025-06-30 11:17:58', 'Rajut 1', 'A1', 'G42625-3 15X15', 'NATURAL WHITE NEW BLACK RW AY', 81.5, '', 'gudang'),
(55, 6, '2025-06-30 11:17:58', 'Rajut 1', 'B1', 'G42625-3 16.5X16', 'NATURAL WHITE NEW BLACK RW AY', 135.5, '', 'gudang'),
(56, 6, '2025-06-30 11:17:58', 'Rajut 1', 'C1', 'G42625-3 18X17.5', 'NATURAL WHITE NEW BLACK RW AY', 135.5, '', 'gudang'),
(57, 6, '2025-06-30 11:17:58', 'Rajut 1', 'D1', 'G42625-3 19.5X18.5', 'NATURAL WHITE NEW BLACK RW AY', 290.33, '', 'gudang'),
(58, 6, '2025-06-30 11:17:58', 'Rajut 1', 'H2', 'G42635-3 15X15', 'GREY MEL NEW BLACK RW AY', 40.75, '', 'gudang'),
(59, 6, '2025-06-30 11:17:58', 'Rajut 1', 'I2', 'G42635-3 16.5X16', 'GREY MEL NEW BLACK RW AY', 67.75, '', 'gudang'),
(60, 6, '2025-06-30 11:17:58', 'Rajut 1', 'J2', 'G42635-3 18X17.5', 'GREY MEL NEW BLACK RW AY', 67.75, '', 'gudang'),
(61, 6, '2025-06-30 11:17:58', 'Rajut 1', 'K2', 'G42635-3 19.5X18.5', 'GREY MEL NEW BLACK RW AY', 145.16, '', 'gudang'),
(62, 6, '2025-06-30 11:17:58', 'Rajut 1', 'H3', 'G42635-4 15X15', 'NEW BLACK NATURAL WHITE BLACK', 81.5, '', 'gudang'),
(63, 6, '2025-06-30 11:17:58', 'Rajut 1', 'I3', 'G42635-4 16.5X16', 'NEW BLACK NATURAL WHITE BLACK', 135.5, '', 'gudang'),
(64, 6, '2025-06-30 11:17:58', 'Rajut 1', 'J3', 'G42635-4 18X17.5', 'NEW BLACK NATURAL WHITE BLACK', 135.5, '', 'gudang'),
(65, 6, '2025-06-30 11:17:58', 'Rajut 1', 'K3', 'G42635-4 19.5X18.5', 'NEW BLACK NATURAL WHITE BLACK', 290.33, '', 'gudang'),
(66, 7, '2025-06-30 11:17:58', 'Rajut 1', 'A1', 'G44625-1 15X15', 'OFFWHITE BLACK M.ORANGE', 4, '', 'gudang'),
(67, 7, '2025-06-30 11:17:58', 'Rajut 1', 'B1', 'G44625-1 16.5X16', 'OFFWHITE BLACK M.ORANGE', 6.67, '', 'gudang'),
(68, 7, '2025-06-30 11:17:58', 'Rajut 1', 'C1', 'G44625-1 18X17.5', 'OFFWHITE BLACK M.ORANGE', 14.25, '', 'gudang'),
(69, 7, '2025-06-30 11:17:58', 'Rajut 1', 'D1', 'G44625-1 19.5X18.5', 'OFFWHITE BLACK M.ORANGE', 16.25, '', 'gudang'),
(70, 7, '2025-06-30 11:17:58', 'Rajut 1', 'A2', 'G44635-1 15X15', 'OFFWHITE BLACK RW AY', 4, '', 'gudang'),
(71, 7, '2025-06-30 11:17:58', 'Rajut 1', 'B2', 'G44635-1 16.5X16', 'OFFWHITE BLACK RW AY', 6.67, '', 'gudang'),
(72, 7, '2025-06-30 11:17:58', 'Rajut 1', 'C2', 'G44635-1 18X17.5', 'OFFWHITE BLACK RW AY', 14.25, '', 'gudang'),
(73, 7, '2025-06-30 11:17:58', 'Rajut 1', 'D2', 'G44635-1 19.5X18.5', 'OFFWHITE BLACK RW AY', 16.25, '', 'gudang'),
(74, 7, '2025-06-30 11:17:58', 'Rajut 1', 'A3', 'G44665-1 15X15', 'OFFWHITE BLACK RW AY', 4, '', 'gudang'),
(75, 7, '2025-06-30 11:17:58', 'Rajut 1', 'B3', 'G44665-1 16.5X16', 'OFFWHITE BLACK RW AY', 6.67, '', 'gudang'),
(76, 7, '2025-06-30 11:17:58', 'Rajut 1', 'C3', 'G44665-1 18X17.5', 'OFFWHITE BLACK RW AY', 14.25, '', 'gudang'),
(77, 7, '2025-06-30 11:17:58', 'Rajut 1', 'D3', 'G44665-1 19.5X18.5', 'OFFWHITE BLACK RW AY', 16.25, '', 'gudang'),
(78, 7, '2025-06-30 11:17:58', 'Rajut 1', 'A4', 'G44745-1 15X15', 'OFFWHITE BLACK BROWN', 4, '', 'gudang'),
(79, 7, '2025-06-30 11:17:58', 'Rajut 1', 'B4', 'G44745-1 16.5X16', 'OFFWHITE BLACK BROWN', 6.67, '', 'gudang'),
(80, 7, '2025-06-30 11:17:58', 'Rajut 1', 'C4', 'G44745-1 18X17.5', 'OFFWHITE BLACK BROWN', 14.25, '', 'gudang'),
(81, 7, '2025-06-30 11:17:58', 'Rajut 1', 'D4', 'G44745-1 19.5X18.5', 'OFFWHITE BLACK BROWN', 16.25, '', 'gudang'),
(82, 7, '2025-06-30 11:17:58', 'Rajut 1', 'A5', 'G44755-1 15X15', 'OFFWHITE BEIGE BROWN', 4, '', 'gudang'),
(83, 7, '2025-06-30 11:17:58', 'Rajut 1', 'B5', 'G44755-1 16.5X16', 'OFFWHITE BEIGE BROWN', 6.67, '', 'gudang'),
(84, 7, '2025-06-30 11:17:58', 'Rajut 1', 'C5', 'G44755-1 18X17.5', 'OFFWHITE BEIGE BROWN', 14.25, '', 'gudang'),
(85, 7, '2025-06-30 11:17:58', 'Rajut 1', 'D5', 'G44755-1 19.5X18.5', 'OFFWHITE BEIGE BROWN', 16.25, '', 'gudang'),
(86, 8, '2025-06-30 11:17:58', 'Rajut 1', 'A1', 'G44625-1 15X15', 'OFFWHITE BLACK M.ORANGE', 3.58, '', 'gudang'),
(87, 8, '2025-06-30 11:17:58', 'Rajut 1', 'B1', 'G44625-1 16.5X16', 'OFFWHITE BLACK M.ORANGE', 5.75, '', 'gudang'),
(88, 8, '2025-06-30 11:17:58', 'Rajut 1', 'C1', 'G44625-1 18X17.5', 'OFFWHITE BLACK M.ORANGE', 12.75, '', 'gudang'),
(89, 8, '2025-06-30 11:17:58', 'Rajut 1', 'D1', 'G44625-1 19.5X18.5', 'OFFWHITE BLACK M.ORANGE', 20.16, '', 'gudang'),
(90, 8, '2025-06-30 11:17:58', 'Rajut 1', 'A2', 'G44635-1 15X15', 'OFFWHITE BLACK RW AY', 3.58, '', 'gudang'),
(91, 8, '2025-06-30 11:17:58', 'Rajut 1', 'B2', 'G44635-1 16.5X16', 'OFFWHITE BLACK RW AY', 5.75, '', 'gudang'),
(92, 8, '2025-06-30 11:17:58', 'Rajut 1', 'C2', 'G44635-1 18X17.5', 'OFFWHITE BLACK RW AY', 12.75, '', 'gudang'),
(93, 8, '2025-06-30 11:17:58', 'Rajut 1', 'D2', 'G44635-1 19.5X18.5', 'OFFWHITE BLACK RW AY', 20.16, '', 'gudang'),
(94, 8, '2025-06-30 11:17:58', 'Rajut 1', 'A3', 'G44665-1 15X15', 'OFFWHITE BLACK RW AY', 3.58, '', 'gudang'),
(95, 8, '2025-06-30 11:17:58', 'Rajut 1', 'B3', 'G44665-1 16.5X16', 'OFFWHITE BLACK RW AY', 5.75, '', 'gudang'),
(96, 8, '2025-06-30 11:17:58', 'Rajut 1', 'C3', 'G44665-1 18X17.5', 'OFFWHITE BLACK RW AY', 12.75, '', 'gudang'),
(97, 8, '2025-06-30 11:17:58', 'Rajut 1', 'D3', 'G44665-1 19.5X18.5', 'OFFWHITE BLACK RW AY', 20.16, '', 'gudang'),
(98, 8, '2025-06-30 11:17:58', 'Rajut 1', 'A4', 'G44745-1 15X15', 'OFFWHITE BLACK BROWN', 3.58, '', 'gudang'),
(99, 8, '2025-06-30 11:17:58', 'Rajut 1', 'B4', 'G44745-1 16.5X16', 'OFFWHITE BLACK BROWN', 5.75, '', 'gudang'),
(100, 8, '2025-06-30 11:17:58', 'Rajut 1', 'C4', 'G44745-1 18X17.5', 'OFFWHITE BLACK BROWN', 12.75, '', 'gudang'),
(101, 8, '2025-06-30 11:17:58', 'Rajut 1', 'D4', 'G44745-1 19.5X18.5', 'OFFWHITE BLACK BROWN', 20.16, '', 'gudang'),
(102, 8, '2025-06-30 11:17:58', 'Rajut 1', 'A5', 'G44755-1 15X15', 'OFFWHITE BEIGE BROWN', 3.58, '', 'gudang'),
(103, 8, '2025-06-30 11:17:58', 'Rajut 1', 'B5', 'G44755-1 16.5X16', 'OFFWHITE BEIGE BROWN', 5.75, '', 'gudang'),
(104, 8, '2025-06-30 11:17:58', 'Rajut 1', 'C5', 'G44755-1 18X17.5', 'OFFWHITE BEIGE BROWN', 12.75, '', 'gudang'),
(105, 8, '2025-06-30 11:17:58', 'Rajut 1', 'D5', 'G44755-1 19.5X18.5', 'OFFWHITE BEIGE BROWN', 20.16, '', 'gudang'),
(106, 9, '2025-06-30 11:17:58', 'Rajut 1', 'A1', 'G44625-1 15X15', 'OFFWHITE BLACK M.ORANGE', 6.25, '', 'gudang'),
(107, 9, '2025-06-30 11:17:58', 'Rajut 1', 'B1', 'G44625-1 16.5X16', 'OFFWHITE BLACK M.ORANGE', 10, '', 'gudang'),
(108, 9, '2025-06-30 11:17:58', 'Rajut 1', 'C1', 'G44625-1 18X17.5', 'OFFWHITE BLACK M.ORANGE', 15.92, '', 'gudang'),
(109, 9, '2025-06-30 11:17:58', 'Rajut 1', 'D1', 'G44625-1 19.5X18.5', 'OFFWHITE BLACK M.ORANGE', 27.25, '', 'gudang'),
(110, 9, '2025-06-30 11:17:58', 'Rajut 1', 'A2', 'G44635-1 15X15', 'OFFWHITE BLACK RW AY', 6.25, '', 'gudang'),
(111, 9, '2025-06-30 11:17:58', 'Rajut 1', 'B2', 'G44635-1 16.5X16', 'OFFWHITE BLACK RW AY', 10, '', 'gudang'),
(112, 9, '2025-06-30 11:17:58', 'Rajut 1', 'C2', 'G44635-1 18X17.5', 'OFFWHITE BLACK RW AY', 15.92, '', 'gudang'),
(113, 9, '2025-06-30 11:17:58', 'Rajut 1', 'D2', 'G44635-1 19.5X18.5', 'OFFWHITE BLACK RW AY', 27.25, '', 'gudang'),
(114, 9, '2025-06-30 11:17:58', 'Rajut 1', 'A3', 'G44665-1 15X15', 'OFFWHITE BLACK RW AY', 6.25, '', 'gudang'),
(115, 9, '2025-06-30 11:17:58', 'Rajut 1', 'B3', 'G44665-1 16.5X16', 'OFFWHITE BLACK RW AY', 10, '', 'gudang'),
(116, 9, '2025-06-30 11:17:58', 'Rajut 1', 'C3', 'G44665-1 18X17.5', 'OFFWHITE BLACK RW AY', 15.92, '', 'gudang'),
(117, 9, '2025-06-30 11:17:58', 'Rajut 1', 'D3', 'G44665-1 19.5X18.5', 'OFFWHITE BLACK RW AY', 27.25, '', 'gudang'),
(118, 9, '2025-06-30 11:17:58', 'Rajut 1', 'A4', 'G44745-1 15X15', 'OFFWHITE BLACK BROWN', 6.25, '', 'gudang'),
(119, 9, '2025-06-30 11:17:58', 'Rajut 1', 'B4', 'G44745-1 16.5X16', 'OFFWHITE BLACK BROWN', 10, '', 'gudang'),
(120, 9, '2025-06-30 11:17:58', 'Rajut 1', 'C4', 'G44745-1 18X17.5', 'OFFWHITE BLACK BROWN', 15.92, '', 'gudang'),
(121, 9, '2025-06-30 11:17:58', 'Rajut 1', 'D4', 'G44745-1 19.5X18.5', 'OFFWHITE BLACK BROWN', 27.25, '', 'gudang'),
(122, 9, '2025-06-30 11:17:58', 'Rajut 1', 'A5', 'G44755-1 15X15', 'OFFWHITE BEIGE BROWN', 6.25, '', 'gudang'),
(123, 9, '2025-06-30 11:17:58', 'Rajut 1', 'B5', 'G44755-1 16.5X16', 'OFFWHITE BEIGE BROWN', 10, '', 'gudang'),
(124, 9, '2025-06-30 11:17:58', 'Rajut 1', 'C5', 'G44755-1 18X17.5', 'OFFWHITE BEIGE BROWN', 15.92, '', 'gudang'),
(125, 9, '2025-06-30 11:17:58', 'Rajut 1', 'D5', 'G44755-1 19.5X18.5', 'OFFWHITE BEIGE BROWN', 27.25, '', 'gudang'),
(126, 10, '2025-06-30 11:17:58', 'Rajut 1', 'A1', 'G42625-3 15X15', 'NATURAL WHITE NEW BLACK RW AY', 2, '', 'gudang'),
(127, 10, '2025-06-30 11:17:58', 'Rajut 1', 'B1', 'G42625-3 16.5X16', 'NATURAL WHITE NEW BLACK RW AY', 3.33, '', 'gudang'),
(128, 10, '2025-06-30 11:17:58', 'Rajut 1', 'C1', 'G42625-3 18X17.5', 'NATURAL WHITE NEW BLACK RW AY', 15.5, '', 'gudang'),
(129, 10, '2025-06-30 11:17:58', 'Rajut 1', 'D1', 'G42625-3 19.5X18.5', 'NATURAL WHITE NEW BLACK RW AY', 16.67, '', 'gudang'),
(130, 10, '2025-06-30 11:17:58', 'Rajut 1', 'H2', 'G42635-3 15X15', 'GREY MEL NEW BLACK RW AY', 1, '', 'gudang'),
(131, 10, '2025-06-30 11:17:58', 'Rajut 1', 'I2', 'G42635-3 16.5X16', 'GREY MEL NEW BLACK RW AY', 1.67, '', 'gudang'),
(132, 10, '2025-06-30 11:17:58', 'Rajut 1', 'J2', 'G42635-3 18X17.5', 'GREY MEL NEW BLACK RW AY', 7.75, '', 'gudang'),
(133, 10, '2025-06-30 11:17:58', 'Rajut 1', 'K2', 'G42635-3 19.5X18.5', 'GREY MEL NEW BLACK RW AY', 8.33, '', 'gudang'),
(134, 10, '2025-06-30 11:17:58', 'Rajut 1', 'H3', 'G42635-4 15X15', 'NEW BLACK NATURAL WHITE BLACK', 2, '', 'gudang'),
(135, 10, '2025-06-30 11:17:58', 'Rajut 1', 'I3', 'G42635-4 16.5X16', 'NEW BLACK NATURAL WHITE BLACK', 3.33, '', 'gudang'),
(136, 10, '2025-06-30 11:17:58', 'Rajut 1', 'J3', 'G42635-4 18X17.5', 'NEW BLACK NATURAL WHITE BLACK', 15.5, '', 'gudang'),
(137, 10, '2025-06-30 11:17:58', 'Rajut 1', 'K3', 'G42635-4 19.5X18.5', 'NEW BLACK NATURAL WHITE BLACK', 16.67, '', 'gudang'),
(138, 11, '2025-06-30 11:17:58', 'Rajut 1', 'A1', 'G42625-3 15X15', 'NATURAL WHITE NEW BLACK RW AY', 59, '', 'gudang'),
(139, 11, '2025-06-30 11:17:58', 'Rajut 1', 'B1', 'G42625-3 16.5X16', 'NATURAL WHITE NEW BLACK RW AY', 127.83, '', 'gudang'),
(140, 11, '2025-06-30 11:17:58', 'Rajut 1', 'C1', 'G42625-3 18X17.5', 'NATURAL WHITE NEW BLACK RW AY', 164.67, '', 'gudang'),
(141, 11, '2025-06-30 11:17:58', 'Rajut 1', 'D1', 'G42625-3 19.5X18.5', 'NATURAL WHITE NEW BLACK RW AY', 233.17, '', 'gudang'),
(142, 11, '2025-06-30 11:17:58', 'Rajut 1', 'H2', 'G42635-3 15X15', 'GREY MEL NEW BLACK RW AY', 29.5, '', 'gudang'),
(143, 11, '2025-06-30 11:17:58', 'Rajut 1', 'I2', 'G42635-3 16.5X16', 'GREY MEL NEW BLACK RW AY', 63.92, '', 'gudang'),
(144, 11, '2025-06-30 11:17:58', 'Rajut 1', 'J2', 'G42635-3 18X17.5', 'GREY MEL NEW BLACK RW AY', 82.33, '', 'gudang'),
(145, 11, '2025-06-30 11:17:58', 'Rajut 1', 'K2', 'G42635-3 19.5X18.5', 'GREY MEL NEW BLACK RW AY', 116.58, '', 'gudang'),
(146, 11, '2025-06-30 11:17:58', 'Rajut 1', 'H3', 'G42635-4 15X15', 'NEW BLACK NATURAL WHITE BLACK', 59, '', 'gudang'),
(147, 11, '2025-06-30 11:17:58', 'Rajut 1', 'I3', 'G42635-4 16.5X16', 'NEW BLACK NATURAL WHITE BLACK', 127.83, '', 'gudang'),
(148, 11, '2025-06-30 11:17:58', 'Rajut 1', 'J3', 'G42635-4 18X17.5', 'NEW BLACK NATURAL WHITE BLACK', 164.67, '', 'gudang'),
(149, 11, '2025-06-30 11:17:58', 'Rajut 1', 'K3', 'G42635-4 19.5X18.5', 'NEW BLACK NATURAL WHITE BLACK', 233.17, '', 'gudang'),
(150, 12, '2025-06-30 11:17:58', 'Rajut 1', 'A1', 'G42625-3 15X15', 'NATURAL WHITE NEW BLACK RW AY', 7, '', 'gudang'),
(151, 12, '2025-06-30 11:17:58', 'Rajut 1', 'B1', 'G42625-3 16.5X16', 'NATURAL WHITE NEW BLACK RW AY', 10.67, '', 'gudang'),
(152, 12, '2025-06-30 11:17:58', 'Rajut 1', 'C1', 'G42625-3 18X17.5', 'NATURAL WHITE NEW BLACK RW AY', 26.67, '', 'gudang'),
(153, 12, '2025-06-30 11:17:58', 'Rajut 1', 'D1', 'G42625-3 19.5X18.5', 'NATURAL WHITE NEW BLACK RW AY', 34.83, '', 'gudang'),
(154, 12, '2025-06-30 11:17:58', 'Rajut 1', 'H2', 'G42635-3 15X15', 'GREY MEL NEW BLACK RW AY', 3.5, '', 'gudang'),
(155, 12, '2025-06-30 11:17:58', 'Rajut 1', 'I2', 'G42635-3 16.5X16', 'GREY MEL NEW BLACK RW AY', 5.33, '', 'gudang'),
(156, 12, '2025-06-30 11:17:58', 'Rajut 1', 'J2', 'G42635-3 18X17.5', 'GREY MEL NEW BLACK RW AY', 13.33, '', 'gudang'),
(157, 12, '2025-06-30 11:17:58', 'Rajut 1', 'K2', 'G42635-3 19.5X18.5', 'GREY MEL NEW BLACK RW AY', 17.42, '', 'gudang'),
(158, 12, '2025-06-30 11:17:58', 'Rajut 1', 'H3', 'G42635-4 15X15', 'NEW BLACK NATURAL WHITE BLACK', 7, '', 'gudang'),
(159, 12, '2025-06-30 11:17:58', 'Rajut 1', 'I3', 'G42635-4 16.5X16', 'NEW BLACK NATURAL WHITE BLACK', 10.67, '', 'gudang'),
(160, 12, '2025-06-30 11:17:58', 'Rajut 1', 'J3', 'G42635-4 18X17.5', 'NEW BLACK NATURAL WHITE BLACK', 26.67, '', 'gudang'),
(161, 12, '2025-06-30 11:17:58', 'Rajut 1', 'K3', 'G42635-4 19.5X18.5', 'NEW BLACK NATURAL WHITE BLACK', 34.83, '', 'gudang'),
(162, 13, '2025-06-30 11:17:58', 'Rajut 1', 'A1', 'G44975-1 15X13.5', 'BLACK IRIS ANGLE FALS BLACK', 0, '', 'gudang'),
(163, 13, '2025-06-30 11:17:58', 'Rajut 1', 'B1', 'G44975-1 17X14.5', 'BLACK IRIS ANGLE FALS BLACK', 359.75, '', 'gudang'),
(164, 13, '2025-06-30 11:17:58', 'Rajut 1', 'C1', 'G44975-1 19X15.5', 'BLACK IRIS ANGLE FALS BLACK', 720.67, '', 'gudang'),
(165, 13, '2025-06-30 11:17:58', 'Rajut 1', 'D1', 'G44975-1 21X16.5', 'BLACK IRIS ANGLE FALS BLACK', 765.83, '', 'gudang'),
(166, 13, '2025-06-30 11:17:58', 'Rajut 1', 'G2', 'G44985-1 15X13.5', 'ANGEL FALLS BLACK PINK', 163.42, '', 'gudang'),
(167, 13, '2025-06-30 11:17:58', 'Rajut 1', 'H2', 'G44985-1 17X14.5', 'ANGEL FALLS BLACK PINK', 359.75, '', 'gudang'),
(168, 13, '2025-06-30 11:17:58', 'Rajut 1', 'I2', 'G44985-1 19X15.5', 'ANGEL FALLS BLACK PINK', 0, '', 'gudang'),
(169, 13, '2025-06-30 11:17:58', 'Rajut 1', 'J2', 'G44985-1 21X16.5', 'ANGEL FALLS BLACK PINK', 0, '', 'gudang'),
(170, 13, '2025-06-30 11:17:58', 'Rajut 1', 'M3', 'G44995-1 15X13.5', 'WHITE BLUE BLACK', 163.42, '', 'gudang'),
(171, 13, '2025-06-30 11:17:58', 'Rajut 1', 'N3', 'G44995-1 17X14.5', 'WHITE BLUE BLACK', 359.75, '', 'gudang'),
(172, 13, '2025-06-30 11:17:58', 'Rajut 1', 'O3', 'G44995-1 19X15.5', 'WHITE BLUE BLACK', 459.67, '', 'gudang'),
(173, 13, '2025-06-30 11:17:58', 'Rajut 1', 'P3', 'G44995-1 21X16.5', 'WHITE BLUE BLACK', 265.83, '', 'gudang'),
(174, 14, '2025-06-30 11:17:58', 'Rajut 1', 'A1', 'G44485-1 25X25', 'DRESS BLUE X ANTIQUE WHITE DRE', 64.17, '', 'gudang'),
(175, 14, '2025-06-30 11:17:58', 'Rajut 1', 'B1', 'G44485-1 27X27', 'DRESS BLUE X ANTIQUE WHITE DRE', 106.67, '', 'gudang'),
(176, 14, '2025-06-30 11:17:58', 'Rajut 1', 'A2', 'G44485-2 25X25', 'PONDEROSA X ANTIQUE WHITE POND', 64.17, '', 'gudang'),
(177, 14, '2025-06-30 11:17:58', 'Rajut 1', 'B2', 'G44485-2 27X27', 'PONDEROSA X ANTIQUE WHITE POND', 106.67, '', 'gudang'),
(178, 14, '2025-06-30 11:17:58', 'Rajut 1', 'A3', 'G44485-3 25X25', 'TURKISH COFFEE X FEATHER GRAY ', 64.17, '', 'gudang'),
(179, 14, '2025-06-30 11:17:58', 'Rajut 1', 'B3', 'G44485-3 27X27', 'TURKISH COFFEE X FEATHER GRAY ', 106.67, '', 'gudang'),
(180, 15, '2025-06-30 11:17:58', 'Rajut 1', 'A1', 'G44525-1 25X25', 'PHANTOM PHANTOM X ANTIQUE WHIT', 63.17, '', 'gudang'),
(181, 15, '2025-06-30 11:17:58', 'Rajut 1', 'B1', 'G44525-1 27X27', 'PHANTOM PHANTOM X ANTIQUE WHIT', 105.83, '', 'gudang'),
(182, 15, '2025-06-30 11:17:58', 'Rajut 1', 'A2', 'G44525-2 25X25', 'DRESS BLUE DRESS BLUE X ANTIQU', 63.17, '', 'gudang'),
(183, 15, '2025-06-30 11:17:58', 'Rajut 1', 'B2', 'G44525-2 27X27', 'DRESS BLUE DRESS BLUE X ANTIQU', 105.83, '', 'gudang'),
(184, 15, '2025-06-30 11:17:58', 'Rajut 1', 'A3', 'G44525-3 25X25', 'PORT ROYALE PORT ROYALE X ANTI', 63.17, '', 'gudang'),
(185, 15, '2025-06-30 11:17:58', 'Rajut 1', 'B3', 'G44525-3 27X27', 'PORT ROYALE PORT ROYALE X ANTI', 105.83, '', 'gudang'),
(186, 16, '2025-06-30 11:17:58', 'Rajut 1', 'A1', 'G45115-1 15X13.5', 'LAVENDER BLACK GREY', 132.17, '', 'gudang'),
(187, 16, '2025-06-30 11:17:58', 'Rajut 1', 'B1', 'G45115-1 17X14.5', 'LAVENDER BLACK GREY', 169.67, '', 'gudang'),
(188, 16, '2025-06-30 11:17:58', 'Rajut 1', 'C1', 'G45115-1 19X15.5', 'LAVENDER BLACK GREY', 269.83, '', 'gudang'),
(189, 16, '2025-06-30 11:17:58', 'Rajut 1', 'D1', 'G45115-1 21X16.5', 'LAVENDER BLACK GREY', 383.17, '', 'gudang'),
(190, 16, '2025-06-30 11:17:58', 'Rajut 1', 'F2', 'G45125-1 15X13.5', 'PINK BLACK RED', 132.17, '', 'gudang'),
(191, 16, '2025-06-30 11:17:58', 'Rajut 1', 'G2', 'G45125-1 17X14.5', 'PINK BLACK RED', 169.67, '', 'gudang'),
(192, 16, '2025-06-30 11:17:58', 'Rajut 1', 'H2', 'G45125-1 19X15.5', 'PINK BLACK RED', 269.83, '', 'gudang'),
(193, 16, '2025-06-30 11:17:58', 'Rajut 1', 'I2', 'G45125-1 21X16.5', 'PINK BLACK RED', 383.17, '', 'gudang'),
(194, 16, '2025-06-30 11:17:58', 'Rajut 1', 'K3', 'G45135-1 15X13.5', 'BLUE BLACK WHITE', 132.17, '', 'gudang'),
(195, 16, '2025-06-30 11:17:58', 'Rajut 1', 'L3', 'G45135-1 17X14.5', 'BLUE BLACK WHITE', 169.67, '', 'gudang'),
(196, 16, '2025-06-30 11:17:58', 'Rajut 1', 'M3', 'G45135-1 19X15.5', 'BLUE BLACK WHITE', 269.83, '', 'gudang'),
(197, 16, '2025-06-30 11:17:58', 'Rajut 1', 'N3', 'G45135-1 21X16.5', 'BLUE BLACK WHITE', 383.17, '', 'gudang'),
(198, 17, '2025-06-30 11:17:58', 'Rajut 1', 'A1', 'H58497-1 24.5X13', 'WHITE GREY D GREY', 576, '', 'gudang'),
(199, 18, '2025-06-30 11:17:58', 'Rajut 1', 'A1', 'H58487-1 24.5X13', 'BLACKXWHITE GREY BLACK', 0, '', 'gudang'),
(200, 19, '2025-06-30 11:17:58', 'Rajut 1', 'A1', 'H58447-1 24X12', 'BLACKXGREY MEL GREEN GREY BLUE', 125, '', 'gudang'),
(201, 19, '2025-06-30 11:17:58', 'Rajut 1', 'A2', 'H58447-2 24X12', 'BLACKXGREY MEL GREEN GREY GREE', 125, '', 'gudang'),
(202, 19, '2025-06-30 11:17:58', 'Rajut 1', 'A3', 'H58447-3 24X12', 'BLACKXGREY MEL GREEN GREY ORAN', 125, '', 'gudang'),
(203, 19, '2025-06-30 11:17:58', 'Rajut 1', 'B4', 'H58457-1 24X12', 'BLACKXGREY MEL GREEN GREY BLAC', 375, '', 'gudang'),
(204, 20, '2025-06-30 11:17:58', 'Rajut 1', 'A1', 'H58457-1 24X12', 'BLACKXGREY MEL GREY BLACK', 0, '', 'gudang'),
(205, 21, '2025-06-30 11:17:58', 'Rajut 1', 'A1', 'H58507-1 24.5X13', 'LGREY MEL YELLOW WHITE AY', 384, '', 'gudang'),
(206, 21, '2025-06-30 11:17:58', 'Rajut 1', 'B2', 'H58687-1 24.5X13', 'DGREY MEL BLACK GREY', 192, '', 'gudang'),
(207, 21, '2025-06-30 11:17:58', 'Rajut 1', 'C3', 'H58697-1 24.5X13', 'BLACKXORANGE LGREY MEL GREY', 192, '', 'gudang'),
(208, 21, '2025-06-30 11:17:58', 'Rajut 1', 'D4', 'H58707-1 24.5X13', 'DGREY MEL ORANGEXLGREY MEL LGR', 192, '', 'gudang'),
(209, 21, '2025-06-30 11:17:58', 'Rajut 1', 'E5', 'H58717-1 24.5X13', 'ORANGEXLGREY MEL LGREY MEL LGR', 192, '', 'gudang'),
(210, 3, '2025-06-30 11:17:58', 'Rajut 1', 'E1', 'H58617-1 21.5X20.5', 'OFFWHITE BLACK M.ORANGE', 112.92, '', 'gudang'),
(211, 3, '2025-06-30 11:17:58', 'Rajut 1', 'F1', 'H58617-1 23X21.5', 'OFFWHITE BLACK M.ORANGE', 132.92, '', 'gudang'),
(212, 3, '2025-06-30 11:17:58', 'Rajut 1', 'G1', 'H58617-1 24.5X22.5', 'OFFWHITE BLACK M.ORANGE', 70.25, '', 'gudang'),
(213, 3, '2025-06-30 11:17:58', 'Rajut 1', 'E2', 'H58627-1 21.5X20.5', 'OFFWHITE BLACK RW AY', 112.92, '', 'gudang'),
(214, 3, '2025-06-30 11:17:58', 'Rajut 1', 'F2', 'H58627-1 23X21.5', 'OFFWHITE BLACK RW AY', 132.92, '', 'gudang'),
(215, 3, '2025-06-30 11:17:58', 'Rajut 1', 'G2', 'H58627-1 24.5X22.5', 'OFFWHITE BLACK RW AY', 70.25, '', 'gudang'),
(216, 3, '2025-06-30 11:17:58', 'Rajut 1', 'E3', 'H58657-1 21.5X20.5', 'OFFWHITE BLACK RW AY', 112.92, '', 'gudang'),
(217, 3, '2025-06-30 11:17:58', 'Rajut 1', 'F3', 'H58657-1 23X21.5', 'OFFWHITE BLACK RW AY', 132.92, '', 'gudang'),
(218, 3, '2025-06-30 11:17:58', 'Rajut 1', 'G3', 'H58657-1 24.5X22.5', 'OFFWHITE BLACK RW AY', 70.25, '', 'gudang'),
(219, 3, '2025-06-30 11:17:58', 'Rajut 1', 'E4', 'H58887-1 21.5X20.5', 'OFFWHITE BLACK BROWN', 112.92, '', 'gudang'),
(220, 3, '2025-06-30 11:17:58', 'Rajut 1', 'F4', 'H58887-1 23X21.5', 'OFFWHITE BLACK BROWN', 132.92, '', 'gudang'),
(221, 3, '2025-06-30 11:17:58', 'Rajut 1', 'G4', 'H58887-1 24.5X22.5', 'OFFWHITE BLACK BROWN', 70.25, '', 'gudang'),
(222, 3, '2025-06-30 11:17:58', 'Rajut 1', 'E5', 'H58897-1 21.5X20.5', 'OFFWHITE BEIGE BROWN', 112.92, '', 'gudang'),
(223, 3, '2025-06-30 11:17:58', 'Rajut 1', 'F5', 'H58897-1 23X21.5', 'OFFWHITE BEIGE BROWN', 132.92, '', 'gudang'),
(224, 3, '2025-06-30 11:17:58', 'Rajut 1', 'G5', 'H58897-1 24.5X22.5', 'OFFWHITE BEIGE BROWN', 70.25, '', 'gudang'),
(225, 22, '2025-06-30 11:17:58', 'Rajut 1', 'A1', 'H59347-2 25X12', 'LGREY MEL DGREY WHITE AY', 0, '', 'gudang'),
(226, 23, '2025-06-30 11:17:58', 'Rajut 1', 'A1', 'H59347-2 25X12', 'LGREY MEL DGREY WHITE AY', 480, '', 'gudang'),
(227, 7, '2025-06-30 11:17:58', 'Rajut 1', 'E1', 'H58617-1 21.5X20.5', 'OFFWHITE BLACK M.ORANGE', 29.17, '', 'gudang'),
(228, 7, '2025-06-30 11:17:58', 'Rajut 1', 'F1', 'H58617-1 23X21.5', 'OFFWHITE BLACK M.ORANGE', 42.08, '', 'gudang'),
(229, 7, '2025-06-30 11:17:58', 'Rajut 1', 'G1', 'H58617-1 24.5X22.5', 'OFFWHITE BLACK M.ORANGE', 21.75, '', 'gudang'),
(230, 7, '2025-06-30 11:17:58', 'Rajut 1', 'E2', 'H58627-1 21.5X20.5', 'OFFWHITE BLACK RW AY', 29.17, '', 'gudang'),
(231, 7, '2025-06-30 11:17:58', 'Rajut 1', 'F2', 'H58627-1 23X21.5', 'OFFWHITE BLACK RW AY', 42.08, '', 'gudang'),
(232, 7, '2025-06-30 11:17:58', 'Rajut 1', 'G2', 'H58627-1 24.5X22.5', 'OFFWHITE BLACK RW AY', 21.75, '', 'gudang'),
(233, 7, '2025-06-30 11:17:58', 'Rajut 1', 'E3', 'H58657-1 21.5X20.5', 'OFFWHITE BLACK RW AY', 29.17, '', 'gudang'),
(234, 7, '2025-06-30 11:17:58', 'Rajut 1', 'F3', 'H58657-1 23X21.5', 'OFFWHITE BLACK RW AY', 42.08, '', 'gudang'),
(235, 7, '2025-06-30 11:17:58', 'Rajut 1', 'G3', 'H58657-1 24.5X22.5', 'OFFWHITE BLACK RW AY', 21.75, '', 'gudang'),
(236, 7, '2025-06-30 11:17:58', 'Rajut 1', 'E4', 'H58887-1 21.5X20.5', 'OFFWHITE BLACK BROWN', 29.17, '', 'gudang'),
(237, 7, '2025-06-30 11:17:58', 'Rajut 1', 'F4', 'H58887-1 23X21.5', 'OFFWHITE BLACK BROWN', 42.08, '', 'gudang'),
(238, 7, '2025-06-30 11:17:58', 'Rajut 1', 'G4', 'H58887-1 24.5X22.5', 'OFFWHITE BLACK BROWN', 21.75, '', 'gudang'),
(239, 7, '2025-06-30 11:17:58', 'Rajut 1', 'E5', 'H58897-1 21.5X20.5', 'OFFWHITE BEIGE BROWN', 29.17, '', 'gudang'),
(240, 7, '2025-06-30 11:17:58', 'Rajut 1', 'F5', 'H58897-1 23X21.5', 'OFFWHITE BEIGE BROWN', 42.08, '', 'gudang'),
(241, 7, '2025-06-30 11:17:58', 'Rajut 1', 'G5', 'H58897-1 24.5X22.5', 'OFFWHITE BEIGE BROWN', 21.75, '', 'gudang'),
(242, 8, '2025-06-30 11:17:58', 'Rajut 1', 'E1', 'H58617-1 21.5X20.5', 'OFFWHITE BLACK M.ORANGE', 27.42, '', 'gudang'),
(243, 8, '2025-06-30 11:17:58', 'Rajut 1', 'F1', 'H58617-1 23X21.5', 'OFFWHITE BLACK M.ORANGE', 31, '', 'gudang'),
(244, 8, '2025-06-30 11:17:58', 'Rajut 1', 'G1', 'H58617-1 24.5X22.5', 'OFFWHITE BLACK M.ORANGE', 14.33, '', 'gudang'),
(245, 8, '2025-06-30 11:17:58', 'Rajut 1', 'E2', 'H58627-1 21.5X20.5', 'OFFWHITE BLACK RW AY', 27.42, '', 'gudang'),
(246, 8, '2025-06-30 11:17:58', 'Rajut 1', 'F2', 'H58627-1 23X21.5', 'OFFWHITE BLACK RW AY', 31, '', 'gudang'),
(247, 8, '2025-06-30 11:17:58', 'Rajut 1', 'G2', 'H58627-1 24.5X22.5', 'OFFWHITE BLACK RW AY', 14.33, '', 'gudang'),
(248, 8, '2025-06-30 11:17:58', 'Rajut 1', 'E3', 'H58657-1 21.5X20.5', 'OFFWHITE BLACK RW AY', 27.42, '', 'gudang'),
(249, 8, '2025-06-30 11:17:58', 'Rajut 1', 'F3', 'H58657-1 23X21.5', 'OFFWHITE BLACK RW AY', 31, '', 'gudang'),
(250, 8, '2025-06-30 11:17:58', 'Rajut 1', 'G3', 'H58657-1 24.5X22.5', 'OFFWHITE BLACK RW AY', 14.33, '', 'gudang'),
(251, 8, '2025-06-30 11:17:58', 'Rajut 1', 'E4', 'H58887-1 21.5X20.5', 'OFFWHITE BLACK BROWN', 27.42, '', 'gudang'),
(252, 8, '2025-06-30 11:17:58', 'Rajut 1', 'F4', 'H58887-1 23X21.5', 'OFFWHITE BLACK BROWN', 31, '', 'gudang'),
(253, 8, '2025-06-30 11:17:58', 'Rajut 1', 'G4', 'H58887-1 24.5X22.5', 'OFFWHITE BLACK BROWN', 14.33, '', 'gudang'),
(254, 8, '2025-06-30 11:17:58', 'Rajut 1', 'E5', 'H58897-1 21.5X20.5', 'OFFWHITE BEIGE BROWN', 27.42, '', 'gudang'),
(255, 8, '2025-06-30 11:17:58', 'Rajut 1', 'F5', 'H58897-1 23X21.5', 'OFFWHITE BEIGE BROWN', 31, '', 'gudang'),
(256, 8, '2025-06-30 11:17:58', 'Rajut 1', 'G5', 'H58897-1 24.5X22.5', 'OFFWHITE BEIGE BROWN', 14.33, '', 'gudang'),
(257, 9, '2025-06-30 11:17:58', 'Rajut 1', 'E1', 'H58617-1 21.5X20.5', 'OFFWHITE BLACK M.ORANGE', 45.33, '', 'gudang'),
(258, 9, '2025-06-30 11:17:58', 'Rajut 1', 'F1', 'H58617-1 23X21.5', 'OFFWHITE BLACK M.ORANGE', 58.42, '', 'gudang'),
(259, 9, '2025-06-30 11:17:58', 'Rajut 1', 'G1', 'H58617-1 24.5X22.5', 'OFFWHITE BLACK M.ORANGE', 29, '', 'gudang'),
(260, 9, '2025-06-30 11:17:58', 'Rajut 1', 'E2', 'H58627-1 21.5X20.5', 'OFFWHITE BLACK RW AY', 45.33, '', 'gudang'),
(261, 9, '2025-06-30 11:17:58', 'Rajut 1', 'F2', 'H58627-1 23X21.5', 'OFFWHITE BLACK RW AY', 58.42, '', 'gudang'),
(262, 9, '2025-06-30 11:17:58', 'Rajut 1', 'G2', 'H58627-1 24.5X22.5', 'OFFWHITE BLACK RW AY', 29, '', 'gudang'),
(263, 9, '2025-06-30 11:17:58', 'Rajut 1', 'E3', 'H58657-1 21.5X20.5', 'OFFWHITE BLACK RW AY', 45.33, '', 'gudang'),
(264, 9, '2025-06-30 11:17:58', 'Rajut 1', 'F3', 'H58657-1 23X21.5', 'OFFWHITE BLACK RW AY', 58.42, '', 'gudang'),
(265, 9, '2025-06-30 11:17:58', 'Rajut 1', 'G3', 'H58657-1 24.5X22.5', 'OFFWHITE BLACK RW AY', 29, '', 'gudang'),
(266, 9, '2025-06-30 11:17:58', 'Rajut 1', 'E4', 'H58887-1 21.5X20.5', 'OFFWHITE BLACK BROWN', 45.33, '', 'gudang'),
(267, 9, '2025-06-30 11:17:58', 'Rajut 1', 'F4', 'H58887-1 23X21.5', 'OFFWHITE BLACK BROWN', 58.42, '', 'gudang'),
(268, 9, '2025-06-30 11:17:58', 'Rajut 1', 'G4', 'H58887-1 24.5X22.5', 'OFFWHITE BLACK BROWN', 29, '', 'gudang'),
(269, 9, '2025-06-30 11:17:58', 'Rajut 1', 'E5', 'H58897-1 21.5X20.5', 'OFFWHITE BEIGE BROWN', 45.33, '', 'gudang'),
(270, 9, '2025-06-30 11:17:58', 'Rajut 1', 'F5', 'H58897-1 23X21.5', 'OFFWHITE BEIGE BROWN', 58.42, '', 'gudang'),
(271, 9, '2025-06-30 11:17:58', 'Rajut 1', 'G5', 'H58897-1 24.5X22.5', 'OFFWHITE BEIGE BROWN', 29, '', 'gudang'),
(272, 10, '2025-06-30 11:17:58', 'Rajut 1', 'E1', 'H55867-3 21.5X20.5', 'NATURAL WHITE NEW BLACK RW AY', 22, '', 'gudang'),
(273, 10, '2025-06-30 11:17:58', 'Rajut 1', 'F1', 'H55867-3 23X21.5', 'NATURAL WHITE NEW BLACK RW AY', 20.33, '', 'gudang'),
(274, 10, '2025-06-30 11:17:58', 'Rajut 1', 'G1', 'H55867-3 24.5X22.5', 'NATURAL WHITE NEW BLACK RW AY', 12.83, '', 'gudang'),
(275, 10, '2025-06-30 11:17:58', 'Rajut 1', 'L2', 'H55877-3 21.5X20.5', 'GREY MEL NEW BLACK RW AY', 11, '', 'gudang'),
(276, 10, '2025-06-30 11:17:58', 'Rajut 1', 'M2', 'H55877-3 23X21.5', 'GREY MEL NEW BLACK RW AY', 10.17, '', 'gudang'),
(277, 10, '2025-06-30 11:17:58', 'Rajut 1', 'N2', 'H55877-3 24.5X22.5', 'GREY MEL NEW BLACK RW AY', 6.42, '', 'gudang'),
(278, 10, '2025-06-30 11:17:58', 'Rajut 1', 'L3', 'H55877-4 21.5X20.5', 'NEW BLACK NATURAL WHITE BLACK', 22, '', 'gudang'),
(279, 10, '2025-06-30 11:17:58', 'Rajut 1', 'M3', 'H55877-4 23X21.5', 'NEW BLACK NATURAL WHITE BLACK', 20.33, '', 'gudang'),
(280, 10, '2025-06-30 11:17:58', 'Rajut 1', 'N3', 'H55877-4 24.5X22.5', 'NEW BLACK NATURAL WHITE BLACK', 12.83, '', 'gudang'),
(281, 11, '2025-06-30 11:17:58', 'Rajut 1', 'E1', 'H55867-3 21.5X20.5', 'NATURAL WHITE NEW BLACK RW AY', 451.33, '', 'gudang'),
(282, 11, '2025-06-30 11:17:58', 'Rajut 1', 'F1', 'H55867-3 23X21.5', 'NATURAL WHITE NEW BLACK RW AY', 351.17, '', 'gudang'),
(283, 11, '2025-06-30 11:17:58', 'Rajut 1', 'G1', 'H55867-3 24.5X22.5', 'NATURAL WHITE NEW BLACK RW AY', 122.5, '', 'gudang'),
(284, 11, '2025-06-30 11:17:58', 'Rajut 1', 'L2', 'H55877-3 21.5X20.5', 'GREY MEL NEW BLACK RW AY', 225.67, '', 'gudang'),
(285, 11, '2025-06-30 11:17:58', 'Rajut 1', 'M2', 'H55877-3 23X21.5', 'GREY MEL NEW BLACK RW AY', 175.58, '', 'gudang'),
(286, 11, '2025-06-30 11:17:58', 'Rajut 1', 'N2', 'H55877-3 24.5X22.5', 'GREY MEL NEW BLACK RW AY', 61.25, '', 'gudang'),
(287, 11, '2025-06-30 11:17:58', 'Rajut 1', 'L3', 'H55877-4 21.5X20.5', 'NEW BLACK NATURAL WHITE BLACK', 451.33, '', 'gudang'),
(288, 11, '2025-06-30 11:17:58', 'Rajut 1', 'M3', 'H55877-4 23X21.5', 'NEW BLACK NATURAL WHITE BLACK', 351.17, '', 'gudang'),
(289, 11, '2025-06-30 11:17:58', 'Rajut 1', 'N3', 'H55877-4 24.5X22.5', 'NEW BLACK NATURAL WHITE BLACK', 122.5, '', 'gudang'),
(290, 12, '2025-06-30 11:17:58', 'Rajut 1', 'E1', 'H55867-3 21.5X20.5', 'NATURAL WHITE NEW BLACK RW AY', 46, '', 'gudang'),
(291, 12, '2025-06-30 11:17:58', 'Rajut 1', 'F1', 'H55867-3 23X21.5', 'NATURAL WHITE NEW BLACK RW AY', 46.5, '', 'gudang'),
(292, 12, '2025-06-30 11:17:58', 'Rajut 1', 'G1', 'H55867-3 24.5X22.5', 'NATURAL WHITE NEW BLACK RW AY', 26, '', 'gudang'),
(293, 12, '2025-06-30 11:17:58', 'Rajut 1', 'L2', 'H55877-3 21.5X20.5', 'GREY MEL NEW BLACK RW AY', 23, '', 'gudang'),
(294, 12, '2025-06-30 11:17:58', 'Rajut 1', 'M2', 'H55877-3 23X21.5', 'GREY MEL NEW BLACK RW AY', 23.25, '', 'gudang'),
(295, 12, '2025-06-30 11:17:58', 'Rajut 1', 'N2', 'H55877-3 24.5X22.5', 'GREY MEL NEW BLACK RW AY', 13, '', 'gudang'),
(296, 12, '2025-06-30 11:17:58', 'Rajut 1', 'L3', 'H55877-4 21.5X20.5', 'NEW BLACK NATURAL WHITE BLACK', 46, '', 'gudang'),
(297, 12, '2025-06-30 11:17:58', 'Rajut 1', 'M3', 'H55877-4 23X21.5', 'NEW BLACK NATURAL WHITE BLACK', 46.5, '', 'gudang'),
(298, 12, '2025-06-30 11:17:59', 'Rajut 1', 'N3', 'H55877-4 24.5X22.5', 'NEW BLACK NATURAL WHITE BLACK', 26, '', 'gudang'),
(299, 6, '2025-06-30 11:17:59', 'Rajut 1', 'E1', 'H55867-3 21.5X20.5', 'NATURAL WHITE NEW BLACK RW AY', 732.16, '', 'gudang'),
(300, 6, '2025-06-30 11:17:59', 'Rajut 1', 'F1', 'H55867-3 23X21.5', 'NATURAL WHITE NEW BLACK RW AY', 0, '', 'gudang'),
(301, 6, '2025-06-30 11:17:59', 'Rajut 1', 'G1', 'H55867-3 24.5X22.5', 'NATURAL WHITE NEW BLACK RW AY', 326.5, '', 'gudang'),
(302, 6, '2025-06-30 11:17:59', 'Rajut 1', 'L2', 'H55877-3 21.5X20.5', 'GREY MEL NEW BLACK RW AY', 366.08, '', 'gudang'),
(303, 6, '2025-06-30 11:17:59', 'Rajut 1', 'M2', 'H55877-3 23X21.5', 'GREY MEL NEW BLACK RW AY', 504.91, '', 'gudang'),
(304, 6, '2025-06-30 11:17:59', 'Rajut 1', 'N2', 'H55877-3 24.5X22.5', 'GREY MEL NEW BLACK RW AY', 163.25, '', 'gudang'),
(305, 6, '2025-06-30 11:17:59', 'Rajut 1', 'L3', 'H55877-4 21.5X20.5', 'NEW BLACK NATURAL WHITE BLACK', 732.16, '', 'gudang'),
(306, 6, '2025-06-30 11:17:59', 'Rajut 1', 'M3', 'H55877-4 23X21.5', 'NEW BLACK NATURAL WHITE BLACK', 0, '', 'gudang'),
(307, 6, '2025-06-30 11:17:59', 'Rajut 1', 'N3', 'H55877-4 24.5X22.5', 'NEW BLACK NATURAL WHITE BLACK', 326.5, '', 'gudang'),
(308, 24, '2025-06-30 11:17:59', 'Rajut 1', 'A1', 'STC5024-1 25X28', 'BLACK WHITE BLACK', 600, '', 'gudang'),
(309, 13, '2025-06-30 11:17:59', 'Rajut 1', 'E1', 'H59107-1 23X17.5', 'BLACK IRIS ANGLE FALS BLACK', 443.92, '', 'gudang'),
(310, 13, '2025-06-30 11:17:59', 'Rajut 1', 'F1', 'H59107-1 25X18.5', 'BLACK IRIS ANGLE FALS BLACK', 131.58, '', 'gudang'),
(311, 13, '2025-06-30 11:17:59', 'Rajut 1', 'K2', 'H59117-1 23X17.5', 'ANGEL FALLS BLACK PINK', 443.92, '', 'gudang'),
(312, 13, '2025-06-30 11:17:59', 'Rajut 1', 'L2', 'H59117-1 25X18.5', 'ANGEL FALLS BLACK PINK', 131.58, '', 'gudang'),
(313, 13, '2025-06-30 11:17:59', 'Rajut 1', 'Q3', 'H59127-1 23X17.5', 'WHITE BLUE BLACK', 443.92, '', 'gudang'),
(314, 13, '2025-06-30 11:17:59', 'Rajut 1', 'R3', 'H59127-1 25X18.5', 'WHITE BLUE BLACK', 131.58, '', 'gudang'),
(315, 16, '2025-06-30 11:17:59', 'Rajut 1', 'E1', 'H60267-1 23X17.5', 'LAVENDER BLACK GREY', 166, '', 'gudang'),
(316, 16, '2025-06-30 11:17:59', 'Rajut 1', 'J2', 'H60277-1 23X17.5', 'PINK BLACK RED', 166, '', 'gudang'),
(317, 16, '2025-06-30 11:17:59', 'Rajut 1', 'O3', 'H60287-1 23X17.5', 'BLUE BLACK WHITE', 166, '', 'gudang'),
(318, 25, '2025-06-30 11:17:59', 'Rajut 1', 'A1', 'H54297-5 20X10.5', 'WHITE GREEN WHITE AY', 92.5, '', 'gudang'),
(319, 25, '2025-06-30 11:17:59', 'Rajut 1', 'B1', 'H54297-5 23X10.5', 'WHITE GREEN WHITE AY', 130, '', 'gudang'),
(320, 25, '2025-06-30 11:17:59', 'Rajut 1', 'C1', 'H54297-5 26X12', 'WHITE GREEN WHITE AY', 27.5, '', 'gudang'),
(321, 25, '2025-06-30 11:17:59', 'Rajut 1', 'A2', 'H54297-6 20X10.5', 'WHITE RED WHITE AY', 92.5, '', 'gudang'),
(322, 25, '2025-06-30 11:17:59', 'Rajut 1', 'B2', 'H54297-6 23X10.5', 'WHITE RED WHITE AY', 130, '', 'gudang'),
(323, 25, '2025-06-30 11:17:59', 'Rajut 1', 'C2', 'H54297-6 26X12', 'WHITE RED WHITE AY', 27.5, '', 'gudang'),
(324, 25, '2025-06-30 11:17:59', 'Rajut 1', 'A3', 'H54297-7 20X10.5', 'WHITE BLUE WHITE AY', 92.5, '', 'gudang'),
(325, 25, '2025-06-30 11:17:59', 'Rajut 1', 'B3', 'H54297-7 23X10.5', 'WHITE BLUE WHITE AY', 130, '', 'gudang'),
(326, 25, '2025-06-30 11:17:59', 'Rajut 1', 'C3', 'H54297-7 26X12', 'WHITE BLUE WHITE AY', 27.5, '', 'gudang'),
(327, 26, '2025-06-30 11:17:59', 'Rajut 1', 'A1', 'H58557-1 21.5X11.5', 'WHITE GREY BLACK', 372, '', 'gudang'),
(328, 26, '2025-06-30 11:17:59', 'Rajut 1', 'B1', 'H58557-1 22.5X12', 'WHITE GREY BLACK', 653.25, '', 'gudang'),
(329, 26, '2025-06-30 11:17:59', 'Rajut 1', 'C1', 'H58557-1 25.5X12.5', 'WHITE GREY BLACK', 467.25, '', 'gudang'),
(330, 27, '2025-06-30 11:17:59', 'Rajut 1', 'A1', 'H58547-1 20X11', 'BLACK WHITE AY BLACK', 17, '', 'gudang'),
(331, 27, '2025-06-30 11:17:59', 'Rajut 1', 'B1', 'H58547-1 21.5X11.5', 'BLACK WHITE AY BLACK', 113.25, '', 'gudang'),
(332, 27, '2025-06-30 11:17:59', 'Rajut 1', 'C1', 'H58547-1 22.5X12', 'BLACK WHITE AY BLACK', 135.5, '', 'gudang'),
(333, 27, '2025-06-30 11:17:59', 'Rajut 1', 'D1', 'H58547-1 25.5X12.5', 'BLACK WHITE AY BLACK', 82.75, '', 'gudang'),
(334, 27, '2025-06-30 11:17:59', 'Rajut 1', 'E1', 'H58547-1 26.5X13', 'BLACK WHITE AY BLACK', 15.5, '', 'gudang'),
(335, 28, '2025-06-30 11:17:59', 'Rajut 1', 'A1', 'H58547-1 21.5X11.5', 'BLACK WHITE AY BLACK', 89.67, '', 'gudang'),
(336, 28, '2025-06-30 11:17:59', 'Rajut 1', 'B1', 'H58547-1 22.5X12', 'BLACK WHITE AY BLACK', 146.17, '', 'gudang'),
(337, 28, '2025-06-30 11:17:59', 'Rajut 1', 'C1', 'H58547-1 25.5X12.5', 'BLACK WHITE AY BLACK', 101.42, '', 'gudang'),
(338, 28, '2025-06-30 11:17:59', 'Rajut 1', 'D2', 'H58557-1 21.5X11.5', 'WHITE GREY BLACK', 89.67, '', 'gudang'),
(339, 28, '2025-06-30 11:17:59', 'Rajut 1', 'E2', 'H58557-1 22.5X12', 'WHITE GREY BLACK', 146.17, '', 'gudang'),
(340, 28, '2025-06-30 11:17:59', 'Rajut 1', 'F2', 'H58557-1 25.5X12.5', 'WHITE GREY BLACK', 101.42, '', 'gudang'),
(341, 28, '2025-06-30 11:17:59', 'Rajut 1', 'G3', 'H59137-1 21.5X11.5', 'GREY WHITE AY GREY', 89.67, '', 'gudang'),
(342, 28, '2025-06-30 11:17:59', 'Rajut 1', 'H3', 'H59137-1 22.5X12', 'GREY WHITE AY GREY', 146.17, '', 'gudang'),
(343, 28, '2025-06-30 11:17:59', 'Rajut 1', 'I3', 'H59137-1 25.5X12.5', 'GREY WHITE AY GREY', 101.42, '', 'gudang'),
(344, 29, '2025-06-30 11:17:59', 'Rajut 1', 'A1', 'H59267-1 9X13', 'BLACK BLACK BALCK', 42.75, '', 'gudang'),
(345, 30, '2025-06-30 11:17:59', 'Rajut 1', 'A1', 'H54667-1 23X10.5', 'BLACK WHITE AY BLACK', 110.75, '', 'gudang'),
(346, 31, '2025-06-30 11:17:59', 'Rajut 1', 'A1', 'H54667-1 21.5X10', 'BLACK WHITE AY BLACK', 17, '', 'gudang'),
(347, 31, '2025-06-30 11:17:59', 'Rajut 1', 'B1', 'H54667-1 23X10.5', 'BLACK WHITE AY BLACK', 195.5, '', 'gudang'),
(348, 32, '2025-06-30 11:17:59', 'Rajut 1', 'A1', 'H54697-1 23X20.5', 'WHITE GREY BLACK', 623, '', 'gudang'),
(349, 33, '2025-06-30 11:17:59', 'Rajut 1', 'A1', 'H54297-3 20X10.5', 'WHITE ORANGE WHITE AY', 53.92, '', 'gudang'),
(350, 33, '2025-06-30 11:17:59', 'Rajut 1', 'B1', 'H54297-3 23X10.5', 'WHITE ORANGE WHITE AY', 86.5, '', 'gudang'),
(351, 33, '2025-06-30 11:17:59', 'Rajut 1', 'C1', 'H54297-3 26X12', 'WHITE ORANGE WHITE AY', 26.25, '', 'gudang'),
(352, 33, '2025-06-30 11:17:59', 'Rajut 1', 'A2', 'H54297-4 20X10.5', 'WHITE CREW YELLOW WHITE AY', 53.92, '', 'gudang'),
(353, 33, '2025-06-30 11:17:59', 'Rajut 1', 'B2', 'H54297-4 23X10.5', 'WHITE CREW YELLOW WHITE AY', 86.5, '', 'gudang'),
(354, 33, '2025-06-30 11:17:59', 'Rajut 1', 'C2', 'H54297-4 26X12', 'WHITE CREW YELLOW WHITE AY', 26.25, '', 'gudang'),
(355, 33, '2025-06-30 11:17:59', 'Rajut 1', 'A3', 'H54297-5 20X10.5', 'WHITE GREEN WHITE AY', 53.92, '', 'gudang'),
(356, 33, '2025-06-30 11:17:59', 'Rajut 1', 'B3', 'H54297-5 23X10.5', 'WHITE GREEN WHITE AY', 86.5, '', 'gudang'),
(357, 33, '2025-06-30 11:17:59', 'Rajut 1', 'C3', 'H54297-5 26X12', 'WHITE GREEN WHITE AY', 26.25, '', 'gudang'),
(358, 34, '2025-06-30 11:17:59', 'Rajut 1', 'A1', 'H59267-1 9X13', 'BLACK BLACK BLACK', 189.25, '', 'gudang'),
(359, 35, '2025-06-30 11:17:59', 'Rajut 1', 'A1', 'H56687-3 23X10.5', 'WHITE GREY GREY FOUR', 53.83, '', 'gudang'),
(360, 35, '2025-06-30 11:17:59', 'Rajut 1', 'A2', 'H56687-4 23X10.5', 'GREY WHITE AY BLACK', 53.83, '', 'gudang'),
(361, 35, '2025-06-30 11:17:59', 'Rajut 1', 'D3', 'H56747-1 23X10.5', 'BLACK WHITE AY GREY SIX', 53.83, '', 'gudang'),
(362, 36, '2025-06-30 11:17:59', 'Rajut 1', 'A1', 'H58837-1 9X13', 'WHITE WHITE AY WHITE AY', 37.5, '', 'gudang'),
(363, 37, '2025-06-30 11:17:59', 'Rajut 1', 'A1', 'H54347-5 23X20.5', 'WHITE GREY PURE TEAL', 54.33, '', 'gudang'),
(364, 37, '2025-06-30 11:17:59', 'Rajut 1', 'A2', 'H54347-6 23X20.5', 'WHITE GREY LUCID PINK', 54.33, '', 'gudang'),
(365, 37, '2025-06-30 11:17:59', 'Rajut 1', 'D3', 'H56757-1 23X20.5', 'WHITE GREY BLACK', 54.33, '', 'gudang'),
(366, 38, '2025-06-30 11:17:59', 'Rajut 1', 'A1', 'H58837-1 9X13', 'WHITE WHITE AY WHITE AY', 9.5, '', 'gudang'),
(367, 39, '2025-06-30 11:17:59', 'Rajut 1', 'A1', 'H59267-1 9X13', 'BALCK BLACK BALCK', 248.5, '', 'gudang'),
(368, 40, '2025-06-30 11:17:59', 'Rajut 1', 'A1', 'H58837-1 9X13', 'WHITE WHITE AY WHITE AY', 33.33, '', 'gudang'),
(369, 41, '2025-06-30 11:17:59', 'Rajut 1', 'A1', 'H59267-1 9X13', 'BLACK BLACK BLACK', 8.33, '', 'gudang'),
(370, 42, '2025-06-30 11:17:59', 'Rajut 1', 'A1', 'H54657-1 21.5X10', 'WHITE GREY BLACK', 16.5, '', 'gudang'),
(371, 42, '2025-06-30 11:17:59', 'Rajut 1', 'B1', 'H54657-1 23X10.5', 'WHITE GREY BLACK', 276.5, '', 'gudang'),
(372, 43, '2025-06-30 11:17:59', 'Rajut 1', 'A1', 'H58837-1 9X13', 'WHITE WHITE AY WHITE AY', 35.58, '', 'gudang'),
(373, 44, '2025-06-30 11:17:59', 'Rajut 1', 'A1', 'H59337-1 24X8', 'BLACK GREY LGREY', 0, '', 'gudang'),
(374, 45, '2025-06-30 11:17:59', 'Rajut 1', 'A1', 'H59337-1 24X8', 'BLACK GREY LGREY', 0, '', 'gudang'),
(375, 46, '2025-06-30 11:17:59', 'Rajut 1', 'A1', 'H59337-1 24X8', 'BLACK GREY LGREY', 945, '', 'gudang'),
(376, 47, '2025-06-30 11:17:59', 'Rajut 1', 'A1', 'H59347-1 25X12', 'BLACK GREEN DGREY', 0, '', 'gudang'),
(377, 48, '2025-06-30 11:17:59', 'Rajut 1', 'A1', 'H59347-1 25X12', 'BLACK GREEN DGREY', 0, '', 'gudang'),
(378, 49, '2025-06-30 11:17:59', 'Rajut 1', 'A1', 'H59337-1 24X8', 'BLACK GREY LGREY', 0, '', 'gudang'),
(379, 50, '2025-06-30 11:17:59', 'Rajut 1', 'A1', 'H59337-1 24X8', 'BLACK GREY LGREY', 0, '', 'gudang'),
(380, 51, '2025-06-30 11:17:59', 'Rajut 1', 'A1', 'H59337-1 24X8', 'BLACK GREY LGREY', 945, '', 'gudang'),
(381, 52, '2025-06-30 11:17:59', 'Rajut 1', 'A1', 'H58467-4 24.5X13', 'BLACK GREEN L GREY', 608, '', 'gudang'),
(382, 53, '2025-06-30 11:17:59', 'Rajut 1', 'A1', 'H58467-1 24.5X13', 'BLACK GREEN YELLOW', 166.67, '', 'gudang'),
(383, 53, '2025-06-30 11:17:59', 'Rajut 1', 'A2', 'H58467-2 24.5X13', 'BLACK GREEN BLUE', 166.67, '', 'gudang'),
(384, 53, '2025-06-30 11:17:59', 'Rajut 1', 'A3', 'H58467-3 24.5X13', 'BLACK GREEN ORANGE', 166.67, '', 'gudang'),
(385, 53, '2025-06-30 11:17:59', 'Rajut 1', 'A4', 'H58467-4 24.5X13', 'BLACK GREEN L GREY', 500, '', 'gudang'),
(386, 54, '2025-06-30 11:17:59', 'Rajut 1', 'A1', 'H58667-1 24X8', 'GREY GREEN WHITE AY', 300, '', 'gudang'),
(387, 55, '2025-06-30 11:17:59', 'Rajut 1', 'A1', 'H58777-1 22X8', 'LGREY MEL WHITE AY GREEN', 245, '', 'gudang'),
(388, 55, '2025-06-30 11:17:59', 'Rajut 1', 'A2', 'H58777-2 22X8', 'LGREY MEL BLACK GREEN', 245, '', 'gudang'),
(389, 56, '2025-06-30 11:17:59', 'Rajut 1', 'A1', 'H59347-2 25X12', 'LGREY MEL GREEN WHITE AY', 480, '', 'gudang'),
(390, 57, '2025-06-30 11:17:59', 'Rajut 1', 'A1', 'H58447-1 24X12', 'BLACKXGREY MEL GREEN GREY BLUE', 166.67, '', 'gudang'),
(391, 57, '2025-06-30 11:17:59', 'Rajut 1', 'A2', 'H58447-2 24X12', 'BLACKXGREY MEL GREEN GREY GREE', 166.67, '', 'gudang'),
(392, 57, '2025-06-30 11:17:59', 'Rajut 1', 'A3', 'H58447-3 24X12', 'BLACKXGREY MEL GREEN GREY ORAN', 166.67, '', 'gudang'),
(393, 57, '2025-06-30 11:17:59', 'Rajut 1', 'B4', 'H58457-1 24X12', 'BLACKXGREY MEL GREEN GREY BLAC', 500, '', 'gudang'),
(394, 58, '2025-06-30 11:17:59', 'Rajut 1', 'A1', 'H59337-1 24X8', 'BLACK GREY LGREY', 0, '', 'gudang'),
(395, 59, '2025-06-30 11:17:59', 'Rajut 1', 'A1', 'H58367-1 24X8', 'WHITE L GREY GREY', 650, '', 'gudang'),
(396, 59, '2025-06-30 11:17:59', 'Rajut 1', 'A2', 'H59337-2 24X8', 'GREY MEL WHITE AY PEARL BLUE', 650, '', 'gudang'),
(397, 60, '2025-06-30 11:17:59', 'Rajut 1', 'A1', 'H59337-1 24X8', 'BLACK GREY LGREY', 0, '', 'gudang'),
(398, 61, '2025-06-30 11:17:59', 'Rajut 1', 'A1', 'H58367-1 24X8', 'WHITE L GREY GREY', 300, '', 'gudang'),
(399, 61, '2025-06-30 11:17:59', 'Rajut 1', 'A2', 'H59337-2 24X8', 'GREY MEL WHITE AY PEARL BLUE', 300, '', 'gudang'),
(400, 62, '2025-06-30 11:17:59', 'Rajut 1', 'A1', 'H58367-1 24X8', 'WHITE LGREY GREY', 0, '', 'gudang'),
(401, 63, '2025-06-30 11:17:59', 'Rajut 1', 'A1', 'H59787-1 22X8', 'BLACK S YELLOW GREEN', 412.5, '', 'gudang'),
(402, 63, '2025-06-30 11:17:59', 'Rajut 1', 'A2', 'H59787-2 22X8', 'BLACK K PINK GREEN', 206.25, '', 'gudang'),
(403, 63, '2025-06-30 11:17:59', 'Rajut 1', 'B3', 'H60377-1 22X8', 'BLACK DAHLIA GREEN', 206.25, '', 'gudang'),
(404, 63, '2025-06-30 11:17:59', 'Rajut 1', 'B4', 'H60377-2 22X8', 'BLACK GREY GREEN GREY V GREEN', 412.5, '', 'gudang'),
(405, 63, '2025-06-30 11:17:59', 'Rajut 1', 'B5', 'H60377-3 22X8', 'BLACK GREY GREEN GREY YELLOW', 206.25, '', 'gudang'),
(406, 63, '2025-06-30 11:17:59', 'Rajut 1', 'B6', 'H60377-4 22X8', 'BLACK GREY GREEN GREY PINK', 206.25, '', 'gudang'),
(407, 64, '2025-06-30 11:17:59', 'Rajut 1', 'A1', 'H59507-1 22.5X8', 'BLACK L GREEN L GREY', 600, '', 'gudang'),
(408, 65, '2025-06-30 11:17:59', 'Rajut 1', 'A1', 'H59777-1 22.5X8', 'BLACKXWHITE L GREEN L GREY', 760, '', 'gudang'),
(409, 66, '2025-06-30 11:17:59', 'Rajut 1', 'A1', 'H60377-10 22X8', 'BLACK DGREY MEL LGREEN GREY GR', 437.5, '', 'gudang'),
(410, 66, '2025-06-30 11:17:59', 'Rajut 1', 'A2', 'H60377-11 22X8', 'BLACK DGREY MEL LGREEN GREY BL', 437.5, '', 'gudang'),
(411, 66, '2025-06-30 11:17:59', 'Rajut 1', 'A3', 'H60377-12 22X8', 'BLACK DGREY MEL LGREEN GREY PI', 437.5, '', 'gudang'),
(412, 66, '2025-06-30 11:17:59', 'Rajut 1', 'A4', 'H60377-13 22X8', 'BLACK DGREY MEL LGREEN GREY OR', 437.5, '', 'gudang'),
(413, 66, '2025-06-30 11:17:59', 'Rajut 1', 'B5', 'H60527-2 22X8', 'BLACK BLACK PINK', 437.5, '', 'gudang'),
(414, 66, '2025-06-30 11:17:59', 'Rajut 1', 'B6', 'H60527-3 22X8', 'BLACK BLACK BLUE', 437.5, '', 'gudang'),
(415, 66, '2025-06-30 11:17:59', 'Rajut 1', 'B7', 'H60527-4 22X8', 'BLACK BLACK ORANGE', 437.5, '', 'gudang'),
(416, 66, '2025-06-30 11:17:59', 'Rajut 1', 'B8', 'H60527-5 22X8', 'BLACK BLACK GREEN', 437.5, '', 'gudang'),
(417, 67, '2025-06-30 11:17:59', 'Rajut 1', 'A1', 'H60377-10 22X8', 'BLACK DGREY MEL LGREEN GREY GR', 562.5, '', 'gudang'),
(418, 67, '2025-06-30 11:17:59', 'Rajut 1', 'A2', 'H60377-11 22X8', 'BLACK DGREY MEL LGREEN GREY BL', 562.5, '', 'gudang'),
(419, 67, '2025-06-30 11:17:59', 'Rajut 1', 'A3', 'H60377-12 22X8', 'BLACK DGREY MEL LGREEN GREY PI', 562.5, '', 'gudang'),
(420, 67, '2025-06-30 11:17:59', 'Rajut 1', 'A4', 'H60377-13 22X8', 'BLACK DGREY MEL LGREEN GREY OR', 562.5, '', 'gudang'),
(421, 67, '2025-06-30 11:17:59', 'Rajut 1', 'B5', 'H60527-2 22X8', 'BLACK BLACK PINK', 562.5, '', 'gudang'),
(422, 67, '2025-06-30 11:17:59', 'Rajut 1', 'B6', 'H60527-3 22X8', 'BLACK BLACK BLUE', 562.5, '', 'gudang'),
(423, 67, '2025-06-30 11:17:59', 'Rajut 1', 'B7', 'H60527-4 22X8', 'BLACK BLACK ORANGE', 562.5, '', 'gudang'),
(424, 67, '2025-06-30 11:17:59', 'Rajut 1', 'B8', 'H60527-5 22X8', 'BLACK BLACK GREEN', 562.5, '', 'gudang'),
(425, 68, '2025-06-30 11:17:59', 'Rajut 1', 'A1', 'H59767-9 22X8', 'GREEN FUSHIA LGREEN', 218.75, '', 'gudang'),
(426, 68, '2025-06-30 11:17:59', 'Rajut 1', 'A2', 'H59767-10 22X8', 'WHITE GREEN LGREEN', 437.5, '', 'gudang'),
(427, 68, '2025-06-30 11:17:59', 'Rajut 1', 'A3', 'H59767-11 22X8', 'LGREY MEL ORANGE LGREEN', 218.75, '', 'gudang'),
(428, 68, '2025-06-30 11:17:59', 'Rajut 1', 'A4', 'H59767-12 22X8', 'WHITE FUSHIA LGREEN', 218.75, '', 'gudang'),
(429, 68, '2025-06-30 11:17:59', 'Rajut 1', 'A5', 'H59767-13 22X8', 'LGREY MEL FUSHIA LGREEN', 218.75, '', 'gudang'),
(430, 68, '2025-06-30 11:17:59', 'Rajut 1', 'B6', 'H59787-4 22X8', 'ORANGE PURPLE LGREEN', 437.5, '', 'gudang'),
(431, 69, '2025-06-30 11:17:59', 'Rajut 1', 'A1', 'H59787-1 22X8', 'BLACK S YELLOW GREEN', 259, '', 'gudang'),
(432, 69, '2025-06-30 11:17:59', 'Rajut 1', 'A2', 'H59787-2 22X8', 'BLACK K PINK GREEN', 129.5, '', 'gudang'),
(433, 69, '2025-06-30 11:17:59', 'Rajut 1', 'B3', 'H60377-1 22X8', 'BLACK DAHLIA GREEN', 129.5, '', 'gudang');
INSERT INTO `tabel_anak` (`id_anak`, `id_induk`, `waktu_input`, `area`, `inisial`, `style`, `warna`, `qty_po_inisial`, `keterangan`, `admin`) VALUES
(434, 69, '2025-06-30 11:17:59', 'Rajut 1', 'B4', 'H60377-2 22X8', 'BLACK GREY GREEN GREY V GREEN', 259, '', 'gudang'),
(435, 69, '2025-06-30 11:17:59', 'Rajut 1', 'B5', 'H60377-3 22X8', 'BLACK GREY GREEN GREY YELLOW', 129.5, '', 'gudang'),
(436, 69, '2025-06-30 11:17:59', 'Rajut 1', 'B6', 'H60377-4 22X8', 'BLACK GREY GREEN GREY PINK', 129.5, '', 'gudang'),
(437, 70, '2025-06-30 11:17:59', 'Rajut 1', 'A1', 'H60377-10 22X8', 'BLACK DGREY MEL LGREEN GREY GR', 203, '', 'gudang'),
(438, 70, '2025-06-30 11:17:59', 'Rajut 1', 'A2', 'H60377-11 22X8', 'BLACK DGREY MEL LGREEN GREY BL', 203, '', 'gudang'),
(439, 70, '2025-06-30 11:17:59', 'Rajut 1', 'A3', 'H60377-12 22X8', 'BLACK DGREY MEL LGREEN GREY PI', 203, '', 'gudang'),
(440, 70, '2025-06-30 11:17:59', 'Rajut 1', 'A4', 'H60377-13 22X8', 'BLACK DGREY MEL LGREEN GREY OR', 203, '', 'gudang'),
(441, 70, '2025-06-30 11:17:59', 'Rajut 1', 'B5', 'H60527-2 22X8', 'BLACK BLACK PINK', 203, '', 'gudang'),
(442, 70, '2025-06-30 11:17:59', 'Rajut 1', 'B6', 'H60527-3 22X8', 'BLACK BLACK BLUE', 203, '', 'gudang'),
(443, 70, '2025-06-30 11:17:59', 'Rajut 1', 'B7', 'H60527-4 22X8', 'BLACK BLACK ORANGE', 203, '', 'gudang'),
(444, 70, '2025-06-30 11:17:59', 'Rajut 1', 'B8', 'H60527-5 22X8', 'BLACK BLACK GREEN', 203, '', 'gudang'),
(445, 71, '2025-06-30 11:17:59', 'Rajut 1', 'A1', 'H59767-9 22X8', 'GREEN FUSHIA LGREEN', 101.5, '', 'gudang'),
(446, 71, '2025-06-30 11:17:59', 'Rajut 1', 'A2', 'H59767-10 22X8', 'WHITE GREEN LGREEN', 203, '', 'gudang'),
(447, 71, '2025-06-30 11:17:59', 'Rajut 1', 'A3', 'H59767-11 22X8', 'LGREY MEL ORANGE LGREEN', 101.5, '', 'gudang'),
(448, 71, '2025-06-30 11:17:59', 'Rajut 1', 'A4', 'H59767-12 22X8', 'WHITE FUSHIA LGREEN', 101.5, '', 'gudang'),
(449, 71, '2025-06-30 11:17:59', 'Rajut 1', 'A5', 'H59767-13 22X8', 'LGREY MEL FUSHIA LGREEN', 101.5, '', 'gudang'),
(450, 71, '2025-06-30 11:17:59', 'Rajut 1', 'B6', 'H59787-4 22X8', 'ORANGE PURPLE LGREEN', 203, '', 'gudang'),
(451, 72, '2025-06-30 11:17:59', 'Rajut 1', 'A1', 'H59507-1 22.5X8', 'BLACK L GREEN L GREY', 600, '', 'gudang'),
(452, 73, '2025-06-30 11:17:59', 'Rajut 1', 'A1', 'H58777-1 22X8', 'LGREY MEL WHITE AY GREEN', 245, '', 'gudang'),
(453, 73, '2025-06-30 11:17:59', 'Rajut 1', 'A2', 'H58777-2 22X8', 'LGREY MEL BLACK GREEN', 245, '', 'gudang'),
(454, 74, '2025-06-30 11:17:59', 'Rajut 1', 'A1', 'H58777-3 22X8', 'BLACK WHITE AY GREEN', 930, '', 'gudang'),
(455, 75, '2025-06-30 11:17:59', 'Rajut 1', 'A1', 'H59787-3 22X8', 'LGREY MEL DGREY MEL LGREEN', 250, '', 'gudang'),
(456, 75, '2025-06-30 11:17:59', 'Rajut 1', 'B2', 'H60537-1 22X8', 'LGREY MEL LGREEN BLUE', 250, '', 'gudang'),
(457, 75, '2025-06-30 11:17:59', 'Rajut 1', 'C3', 'H60547-1 22X8', 'DGREY MEL LGREEN WHITE AY', 250, '', 'gudang'),
(458, 75, '2025-06-30 11:17:59', 'Rajut 1', 'D4', 'H60557-1 22X8', 'DGRE MEL PINK WHITE', 250, '', 'gudang'),
(459, 76, '2025-06-30 11:17:59', 'Rajut 1', 'A1', 'H58777-3 22X8', 'BLACK WHITE AY GREEN', 560, '', 'gudang'),
(460, 77, '2025-06-30 11:17:59', 'Rajut 1', 'A1', 'H59347-1 25X12', 'BLACK GREEN DGREY', 736, '', 'gudang'),
(461, 78, '2025-06-30 11:17:59', 'Rajut 1', 'A1', 'H59347-1 25X12', 'BLACK GREEN DGREY', 336, '', 'gudang'),
(462, 79, '2025-06-30 11:17:59', 'Rajut 1', 'A1', 'H60697-1 24X8', 'BLACK GREY LGREY', 0, '', 'gudang'),
(463, 80, '2025-06-30 11:17:59', 'Rajut 1', 'A1', 'H58367-1 24X8', 'WHITE L GREY GREY', 250, '', 'gudang'),
(464, 80, '2025-06-30 11:17:59', 'Rajut 1', 'A2', 'H59337-2 24X8', 'GREY MEL WHITE AY PEARL BLUE', 250, '', 'gudang'),
(465, 81, '2025-06-30 11:17:59', 'Rajut 1', 'A1', 'H60697-1 24X8', 'BLACK GREY LGREY', 0, '', 'gudang'),
(466, 82, '2025-06-30 11:17:59', 'Rajut 1', 'A1', 'H59507-1 25X8', 'BLACK L GREEN L GREY', 460, '', 'gudang'),
(467, 83, '2025-06-30 11:17:59', 'Rajut 1', 'A1', 'H59777-1 25X8', 'BLACKXWHITE L GREEN L GREY', 260, '', 'gudang'),
(468, 84, '2025-06-30 11:17:59', 'Rajut 1', 'A1', 'H59507-1 27.5X8.5', 'BLACK L GREEN L GREY', 400, '', 'gudang'),
(469, 85, '2025-06-30 11:17:59', 'Rajut 1', 'A1', 'H59777-1 27.5X8.5', 'BLACKXWHITE L GREEN L GREY', 260, '', 'gudang'),
(470, 86, '2025-06-30 11:17:59', 'Rajut 1', 'A1', 'H60697-1 21.5X8', 'BLACK GREY LGREY', 600, '', 'gudang'),
(471, 87, '2025-06-30 11:17:59', 'Rajut 1', 'A1', 'H59337-1 26.5X8.5', 'BLACK GREY LGREY', 0, '', 'gudang'),
(472, 88, '2025-06-30 11:17:59', 'Rajut 1', 'A1', 'H59507-1 22.5X8', 'BLACK L GREEN L GREY', 250, '', 'gudang'),
(473, 89, '2025-06-30 11:17:59', 'Rajut 1', 'A1', 'H59777-1 22.5X8', 'BLACKXWHITE L GREEN L GREY', 300, '', 'gudang'),
(474, 90, '2025-06-30 11:17:59', 'Rajut 1', 'A1', 'H59337-1 29X8.5', 'BLACK GREY LGREY', 300, '', 'gudang'),
(475, 91, '2025-06-30 11:17:59', 'Rajut 1', 'A1', 'H59777-1 25X8', 'BLACKXWHITE L GREEN L GREY', 300, '', 'gudang'),
(476, 92, '2025-06-30 11:17:59', 'Rajut 1', 'A1', 'H59337-1 29X8.5', 'BLACK GREY LGREY', 400, '', 'gudang'),
(477, 93, '2025-06-30 11:17:59', 'Rajut 1', 'A1', 'H59507-1 30X8.5', 'BLACK L GREEN L GREY', 400, '', 'gudang'),
(478, 94, '2025-06-30 11:17:59', 'Rajut 1', 'A1', 'H59777-1 30X8.5', 'BLACKXWHITE L GREEN L GREY', 256, '', 'gudang'),
(479, 95, '2025-06-30 11:17:59', 'Rajut 1', 'A1', 'H59337-1 26.5X8.5', 'BLACK GREY LGREY', 800, '', 'gudang'),
(480, 96, '2025-06-30 11:17:59', 'Rajut 1', 'A1', 'H59337-1 21.5X8', 'BLACK GREY LGREY', 400, '', 'gudang'),
(481, 97, '2025-06-30 11:17:59', 'Rajut 1', 'A1', 'STC1008-1 20X6', 'BLACK LGREY BLACK (KANAN)', 11.25, '', 'gudang'),
(482, 97, '2025-06-30 11:17:59', 'Rajut 1', 'B1', 'STC1008-1 22X6', 'BLACK LGREY BLACK (KANAN)', 28.75, '', 'gudang'),
(483, 97, '2025-06-30 11:17:59', 'Rajut 1', 'C1', 'STC1008-1 24X6', 'BLACK LGREY BLACK (KANAN)', 14.17, '', 'gudang'),
(484, 97, '2025-06-30 11:17:59', 'Rajut 1', 'D1', 'STC1008-2 20X6', 'GREY LGREY BLACK (KANAN)', 11.25, '', 'gudang'),
(485, 97, '2025-06-30 11:17:59', 'Rajut 1', 'E1', 'STC1008-2 22X6', 'GREY LGREY BLACK (KANAN)', 28.75, '', 'gudang'),
(486, 97, '2025-06-30 11:17:59', 'Rajut 1', 'F1', 'STC1008-2 24X6', 'GREY LGREY BLACK (KANAN)', 14.17, '', 'gudang'),
(487, 97, '2025-06-30 11:17:59', 'Rajut 1', 'A2', 'STC1009-1 20X6', 'BLACK LGREY BLACK (KIRI)', 11.25, '', 'gudang'),
(488, 97, '2025-06-30 11:17:59', 'Rajut 1', 'B2', 'STC1009-1 22X6', 'BLACK LGREY BLACK (KIRI)', 28.75, '', 'gudang'),
(489, 97, '2025-06-30 11:17:59', 'Rajut 1', 'C2', 'STC1009-1 24X6', 'BLACK LGREY BLACK (KIRI)', 14.17, '', 'gudang'),
(490, 97, '2025-06-30 11:17:59', 'Rajut 1', 'D2', 'STC1009-2 20X6', 'GREY LGREY BLACK (KIRI)', 11.25, '', 'gudang'),
(491, 97, '2025-06-30 11:17:59', 'Rajut 1', 'E2', 'STC1009-2 22X6', 'GREY LGREY BLACK (KIRI)', 28.75, '', 'gudang'),
(492, 97, '2025-06-30 11:17:59', 'Rajut 1', 'F2', 'STC1009-2 24X6', 'GREY LGREY BLACK (KIRI)', 14.17, '', 'gudang'),
(493, 98, '2025-06-30 11:17:59', 'Rajut 1', 'A1', 'J479724-1 22X20', 'WHITE GREY BLACK', 0.5, '', 'gudang'),
(494, 98, '2025-06-30 11:17:59', 'Rajut 1', 'B1', 'J479724-1 23.5X21', 'WHITE GREY BLACK', 44.41, '', 'gudang'),
(495, 98, '2025-06-30 11:17:59', 'Rajut 1', 'F2', 'J479734-1 22X20', 'BLACK WHITE AY BLACK', 0.5, '', 'gudang'),
(496, 98, '2025-06-30 11:17:59', 'Rajut 1', 'G2', 'J479734-1 23.5X21', 'BLACK WHITE AY BLACK', 44.41, '', 'gudang'),
(497, 98, '2025-06-30 11:17:59', 'Rajut 1', 'K3', 'J479944-1 22X20', 'M GREY H WHITE AY GREY', 0.5, '', 'gudang'),
(498, 98, '2025-06-30 11:17:59', 'Rajut 1', 'L3', 'J479944-1 23.5X21', 'M GREY H WHITE AY GREY', 44.41, '', 'gudang'),
(499, 99, '2025-06-30 11:17:59', 'Rajut 1', 'A1', 'J479724-3 20.5X19', 'WHITE GREY LEGEND INK', 2.5, '', 'gudang'),
(500, 99, '2025-06-30 11:17:59', 'Rajut 1', 'B1', 'J479724-3 23.5X21', 'WHITE GREY LEGEND INK', 132.08, '', 'gudang'),
(501, 99, '2025-06-30 11:17:59', 'Rajut 1', 'A2', 'J479724-4 20.5X19', 'CREAM WHITE GREY DARK BLUE', 2.5, '', 'gudang'),
(502, 99, '2025-06-30 11:17:59', 'Rajut 1', 'B2', 'J479724-4 23.5X21', 'CREAM WHITE GREY DARK BLUE', 132.08, '', 'gudang'),
(503, 99, '2025-06-30 11:17:59', 'Rajut 1', 'E3', 'J479734-2 20.5X19', 'TACTILE BLUE CREAM WHITE BLUE', 2.5, '', 'gudang'),
(504, 99, '2025-06-30 11:17:59', 'Rajut 1', 'F3', 'J479734-2 23.5X21', 'TACTILE BLUE CREAM WHITE BLUE', 132.08, '', 'gudang'),
(505, 100, '2025-06-30 11:17:59', 'Rajut 1', 'A1', 'J447434-1 21.5X10', 'WHITE GREY BLACK', 3.75, '', 'gudang'),
(506, 100, '2025-06-30 11:17:59', 'Rajut 1', 'B1', 'J447434-1 23X10.5', 'WHITE GREY BLACK', 257.5, '', 'gudang'),
(507, 101, '2025-06-30 11:17:59', 'Rajut 1', 'A1', 'J443764-1 21.5X10', 'BLACK WHITE AY BLACK', 8.25, '', 'gudang'),
(508, 101, '2025-06-30 11:17:59', 'Rajut 1', 'B1', 'J443764-1 23X10.5', 'BLACK WHITE AY BLACK', 75.75, '', 'gudang'),
(509, 102, '2025-06-30 11:17:59', 'Rajut 1', 'A1', 'J443764-1 21.5X10', 'BLACK WHITE AY BLACK', 6, '', 'gudang'),
(510, 102, '2025-06-30 11:17:59', 'Rajut 1', 'B1', 'J443764-1 23X10.5', 'BLACK WHITE AY BLACK', 70.5, '', 'gudang'),
(511, 102, '2025-06-30 11:17:59', 'Rajut 1', 'F2', 'J447434-1 21.5X10', 'WHITE GREY BLACK', 6, '', 'gudang'),
(512, 102, '2025-06-30 11:17:59', 'Rajut 1', 'G2', 'J447434-1 23X10.5', 'WHITE GREY BLACK', 70.5, '', 'gudang'),
(513, 102, '2025-06-30 11:17:59', 'Rajut 1', 'K3', 'J450494-1 21.5X10', 'GREY WHITE AY GREY AY', 6, '', 'gudang'),
(514, 102, '2025-06-30 11:17:59', 'Rajut 1', 'L3', 'J450494-1 23X10.5', 'GREY WHITE AY GREY AY', 70.5, '', 'gudang'),
(515, 4, '2025-06-30 11:17:59', 'Rajut 1', 'D1', 'J473554-1 19X14.5', 'WHITE DARK BLUE WHITE AY', 0.67, '', 'gudang'),
(516, 4, '2025-06-30 11:17:59', 'Rajut 1', 'E1', 'J473554-1 21X16', 'WHITE DARK BLUE WHITE AY', 0.5, '', 'gudang'),
(517, 4, '2025-06-30 11:17:59', 'Rajut 1', 'F1', 'J473554-1 23X18.5', 'WHITE DARK BLUE WHITE AY', 1, '', 'gudang'),
(518, 4, '2025-06-30 11:17:59', 'Rajut 1', 'G1', 'J473554-1 25X21', 'WHITE DARK BLUE WHITE AY', 1, '', 'gudang'),
(519, 4, '2025-06-30 11:17:59', 'Rajut 1', 'K2', 'J473564-1 19X14.5', 'ROYAL BLUE WHITE AY BLUE', 0.67, '', 'gudang'),
(520, 4, '2025-06-30 11:17:59', 'Rajut 1', 'L2', 'J473564-1 21X16', 'ROYAL BLUE WHITE AY BLUE', 0.5, '', 'gudang'),
(521, 4, '2025-06-30 11:17:59', 'Rajut 1', 'M2', 'J473564-1 23X18.5', 'ROYAL BLUE WHITE AY BLUE', 1, '', 'gudang'),
(522, 4, '2025-06-30 11:17:59', 'Rajut 1', 'N2', 'J473564-1 25X21', 'ROYAL BLUE WHITE AY BLUE', 1, '', 'gudang'),
(523, 4, '2025-06-30 11:17:59', 'Rajut 1', 'R3', 'J485024-1 19X14.5', 'WHITE GLOW BLUE WHITE AY', 0.67, '', 'gudang'),
(524, 4, '2025-06-30 11:17:59', 'Rajut 1', 'S3', 'J485024-1 21X16', 'WHITE GLOW BLUE WHITE AY', 0.5, '', 'gudang'),
(525, 4, '2025-06-30 11:17:59', 'Rajut 1', 'T3', 'J485024-1 23X18.5', 'WHITE GLOW BLUE WHITE AY', 1, '', 'gudang'),
(526, 4, '2025-06-30 11:17:59', 'Rajut 1', 'U3', 'J485024-1 25X21', 'WHITE GLOW BLUE WHITE AY', 1, '', 'gudang'),
(527, 103, '2025-06-30 11:17:59', 'Rajut 1', 'A1', 'J443624-5 22.5X21', 'WHITE GREY BETTER SCARLET', 370, '', 'gudang'),
(528, 103, '2025-06-30 11:17:59', 'Rajut 1', 'A2', 'J443624-7 22.5X21', 'WHITE GREY COLLEGIATE GREEN', 370, '', 'gudang'),
(529, 103, '2025-06-30 11:17:59', 'Rajut 1', 'A3', 'J443624-10 22.5X21', 'WHITE GREY NIGHT INDIGO', 370, '', 'gudang'),
(530, 104, '2025-06-30 11:17:59', 'Rajut 1', 'A1', 'J443624-7 22.5X21', 'WHITE GREY COLLEGIATE GREEN', 40.42, '', 'gudang'),
(531, 104, '2025-06-30 11:17:59', 'Rajut 1', 'D2', 'J461404-3 22.5X21', 'WHITE GREY BOLD GOLD', 40.42, '', 'gudang'),
(532, 104, '2025-06-30 11:17:59', 'Rajut 1', 'D3', 'J461404-4 22.5X21', 'WHITE GREY ORANGE', 40.42, '', 'gudang'),
(533, 105, '2025-06-30 11:17:59', 'Rajut 1', 'A1', 'J483934-1 20X24.5', 'OFFWHITE GREY CLEARSKY', 2.08, '', 'gudang'),
(534, 105, '2025-06-30 11:17:59', 'Rajut 1', 'B1', 'J483934-1 23.5X27.5', 'OFFWHITE GREY CLEARSKY', 55.08, '', 'gudang'),
(535, 105, '2025-06-30 11:17:59', 'Rajut 1', 'A2', 'J483934-2 20X24.5', 'OFFWHITE GREY CARDBOARD', 2.08, '', 'gudang'),
(536, 105, '2025-06-30 11:17:59', 'Rajut 1', 'B2', 'J483934-2 23.5X27.5', 'OFFWHITE GREY CARDBOARD', 55.08, '', 'gudang'),
(537, 105, '2025-06-30 11:17:59', 'Rajut 1', 'E3', 'J488714-1 20X24.5', 'C BROWN GREY OFFWHITE', 2.08, '', 'gudang'),
(538, 105, '2025-06-30 11:17:59', 'Rajut 1', 'F3', 'J488714-1 23.5X27.5', 'C BROWN GREY OFFWHITE', 55.08, '', 'gudang'),
(539, 106, '2025-06-30 11:17:59', 'Rajut 1', 'A1', 'J447434-1 21.5X10', 'WHITE GREY BLACK', 38, '', 'gudang'),
(540, 106, '2025-06-30 11:17:59', 'Rajut 1', 'B1', 'J447434-1 23X10.5', 'WHITE GREY BLACK', 86, '', 'gudang'),
(541, 5, '2025-06-30 11:17:59', 'Rajut 1', 'D1', 'J473554-1 19X14.5', 'WHITE DARK BLUE WHITE AY', 135.25, '', 'gudang'),
(542, 5, '2025-06-30 11:17:59', 'Rajut 1', 'E1', 'J473554-1 21X16', 'WHITE DARK BLUE WHITE AY', 151.66, '', 'gudang'),
(543, 5, '2025-06-30 11:17:59', 'Rajut 1', 'F1', 'J473554-1 23X18.5', 'WHITE DARK BLUE WHITE AY', 39.75, '', 'gudang'),
(544, 5, '2025-06-30 11:17:59', 'Rajut 1', 'G1', 'J473554-1 25X21', 'WHITE DARK BLUE WHITE AY', 14.08, '', 'gudang'),
(545, 5, '2025-06-30 11:17:59', 'Rajut 1', 'K2', 'J473564-1 19X14.5', 'ROYAL BLUE WHITE AY BLUE', 135.25, '', 'gudang'),
(546, 5, '2025-06-30 11:17:59', 'Rajut 1', 'L2', 'J473564-1 21X16', 'ROYAL BLUE WHITE AY BLUE', 151.66, '', 'gudang'),
(547, 5, '2025-06-30 11:17:59', 'Rajut 1', 'M2', 'J473564-1 23X18.5', 'ROYAL BLUE WHITE AY BLUE', 39.75, '', 'gudang'),
(548, 5, '2025-06-30 11:17:59', 'Rajut 1', 'N2', 'J473564-1 25X21', 'ROYAL BLUE WHITE AY BLUE', 14.08, '', 'gudang'),
(549, 5, '2025-06-30 11:17:59', 'Rajut 1', 'R3', 'J485024-1 19X14.5', 'WHITE GLOW BLUE WHITE AY', 135.25, '', 'gudang'),
(550, 5, '2025-06-30 11:17:59', 'Rajut 1', 'S3', 'J485024-1 21X16', 'WHITE GLOW BLUE WHITE AY', 151.66, '', 'gudang'),
(551, 5, '2025-06-30 11:17:59', 'Rajut 1', 'T3', 'J485024-1 23X18.5', 'WHITE GLOW BLUE WHITE AY', 39.75, '', 'gudang'),
(552, 5, '2025-06-30 11:17:59', 'Rajut 1', 'U3', 'J485024-1 25X21', 'WHITE GLOW BLUE WHITE AY', 14.08, '', 'gudang'),
(553, 107, '2025-06-30 11:17:59', 'Rajut 1', 'A1', 'J473554-1 19X14.5', 'WHITE DARK BLUE WHITE AY', 133.33, '', 'gudang'),
(554, 107, '2025-06-30 11:17:59', 'Rajut 1', 'B1', 'J473554-1 21X16', 'WHITE DARK BLUE WHITE AY', 193.33, '', 'gudang'),
(555, 107, '2025-06-30 11:17:59', 'Rajut 1', 'C2', 'J473564-1 19X14.5', 'ROYAL BLUE WHITE AY BLUE', 133.33, '', 'gudang'),
(556, 107, '2025-06-30 11:17:59', 'Rajut 1', 'D2', 'J473564-1 21X16', 'ROYAL BLUE WHITE AY BLUE', 193.33, '', 'gudang'),
(557, 107, '2025-06-30 11:17:59', 'Rajut 1', 'E3', 'J485024-1 19X14.5', 'WHITE GLOW BLUE WHITE AY', 133.33, '', 'gudang'),
(558, 107, '2025-06-30 11:17:59', 'Rajut 1', 'F3', 'J485024-1 21X16', 'WHITE GLOW BLUE WHITE AY', 193.33, '', 'gudang'),
(559, 108, '2025-06-30 11:17:59', 'Rajut 1', 'A1', 'J465184-1 22X7', 'BLACK RW BLACK', 0, '', 'gudang'),
(560, 108, '2025-06-30 11:17:59', 'Rajut 1', 'A2', 'J465184-2 22X7', 'WHITE BLACK RW', 0, '', 'gudang'),
(561, 108, '2025-06-30 11:17:59', 'Rajut 1', 'A3', 'J465184-3 22X7', 'M GREY MEL BLACK RW', 0, '', 'gudang'),
(562, 108, '2025-06-30 11:17:59', 'Rajut 1', 'A4', 'J465184-4 22X7', 'ANTRHA MELANGE RW BLACK', 0, '', 'gudang'),
(563, 108, '2025-06-30 11:17:59', 'Rajut 1', 'A5', 'J465184-5 22X7', 'NAVY RW BLACK', 0, '', 'gudang'),
(564, 109, '2025-06-30 11:17:59', 'Rajut 1', 'A1', 'J487104-4 23.5X24', 'BLACK RW BLACK', 0, '', 'gudang'),
(565, 109, '2025-06-30 11:17:59', 'Rajut 1', 'A2', 'J487104-5 23.5X24', 'NAVY BLAZER RW BLACK', 661, '', 'gudang'),
(566, 109, '2025-06-30 11:17:59', 'Rajut 1', 'A3', 'J487104-6 23.5X24', 'ANTHRA MELANGE RW BLACK', 661, '', 'gudang'),
(567, 109, '2025-06-30 11:17:59', 'Rajut 1', 'C4', 'J487114-1 23.5X24', 'M GREY MEL RW RW', 661, '', 'gudang'),
(568, 109, '2025-06-30 11:17:59', 'Rajut 1', 'E5', 'J487154-1 23.5X24', 'NAVY BLAZER RW BLACK', 661, '', 'gudang'),
(569, 109, '2025-06-30 11:17:59', 'Rajut 1', 'E6', 'J487154-2 23.5X24', 'ANTHRA MELANGE RW BLACK', 661, '', 'gudang'),
(570, 110, '2025-06-30 11:17:59', 'Rajut 1', 'A1', 'J487164-1 23.5X24', 'BLACK RW BLACK', 666.67, '', 'gudang'),
(571, 110, '2025-06-30 11:17:59', 'Rajut 1', 'A2', 'J487164-2 23.5X24', 'NAVY RW BLACK', 133.33, '', 'gudang'),
(572, 110, '2025-06-30 11:17:59', 'Rajut 1', 'A3', 'J487164-3 23.5X24', 'ANTHRA MELANGE RW BLACK', 133.33, '', 'gudang'),
(573, 110, '2025-06-30 11:17:59', 'Rajut 1', 'C4', 'J487174-1 23.5X24', 'NAVY RW BLACK', 133.33, '', 'gudang'),
(574, 110, '2025-06-30 11:17:59', 'Rajut 1', 'C5', 'J487174-2 23.5X24', 'ANTHRA MELANGE RW BLACK', 133.33, '', 'gudang'),
(575, 110, '2025-06-30 11:17:59', 'Rajut 1', 'E6', 'J487184-1 23.5X24', 'MID GREY MEL RW RW', 133.33, '', 'gudang'),
(576, 111, '2025-06-30 11:17:59', 'Rajut 1', 'A1', 'Y81169-5 25X25', 'REAL BLACK D GREY MEL BLACK', 93.33, '', 'gudang'),
(577, 111, '2025-06-30 11:17:59', 'Rajut 1', 'B1', 'Y81169-5 27X27', 'REAL BLACK D GREY MEL BLACK', 150, '', 'gudang'),
(578, 111, '2025-06-30 11:17:59', 'Rajut 1', 'C2', 'Y81179-5 25X25', 'REAL BLACK D GREY MEL L GREY M', 93.33, '', 'gudang'),
(579, 111, '2025-06-30 11:17:59', 'Rajut 1', 'D2', 'Y81179-5 27X27', 'REAL BLACK D GREY MEL L GREY M', 150, '', 'gudang'),
(580, 111, '2025-06-30 11:17:59', 'Rajut 1', 'E3', 'Y84729-2 25X25', 'L GREY MEL REAL BLACK M BLUE M', 93.33, '', 'gudang'),
(581, 111, '2025-06-30 11:17:59', 'Rajut 1', 'F3', 'Y84729-2 27X27', 'L GREY MEL REAL BLACK M BLUE M', 150, '', 'gudang'),
(582, 112, '2025-06-30 11:17:59', 'Rajut 1', 'A1', 'Y81169-6 25X25', 'D GREY MEL L GREY MEL D GREY', 59.17, '', 'gudang'),
(583, 112, '2025-06-30 11:17:59', 'Rajut 1', 'B1', 'Y81169-6 27X27', 'D GREY MEL L GREY MEL D GREY', 100.83, '', 'gudang'),
(584, 112, '2025-06-30 11:17:59', 'Rajut 1', 'C2', 'Y81179-6 25X25', 'D GREY MEL SKY CAPTAIN L GREY ', 59.17, '', 'gudang'),
(585, 112, '2025-06-30 11:17:59', 'Rajut 1', 'D2', 'Y81179-6 27X27', 'D GREY MEL SKY CAPTAIN L GREY ', 100.83, '', 'gudang'),
(586, 112, '2025-06-30 11:17:59', 'Rajut 1', 'E3', 'Y84729-3 25X25', 'SKY CAPTAIN L GREY MEL M BLUE ', 59.17, '', 'gudang'),
(587, 112, '2025-06-30 11:17:59', 'Rajut 1', 'F3', 'Y84729-3 27X27', 'SKY CAPTAIN L GREY MEL M BLUE ', 100.83, '', 'gudang'),
(588, 113, '2025-06-30 11:17:59', 'Rajut 1', 'A1', 'Y81169-4 25X25', 'M BLUE MEL L BLUE MEL BLUE', 75, '', 'gudang'),
(589, 113, '2025-06-30 11:17:59', 'Rajut 1', 'B1', 'Y81169-4 27X27', 'M BLUE MEL L BLUE MEL BLUE', 123.33, '', 'gudang'),
(590, 113, '2025-06-30 11:17:59', 'Rajut 1', 'C2', 'Y81179-4 25X25', 'SKY CAPTAIN M BLUE MEL L BLUE ', 75, '', 'gudang'),
(591, 113, '2025-06-30 11:17:59', 'Rajut 1', 'D2', 'Y81179-4 27X27', 'SKY CAPTAIN M BLUE MEL L BLUE ', 123.33, '', 'gudang'),
(592, 113, '2025-06-30 11:17:59', 'Rajut 1', 'E3', 'Y84729-1 25X25', 'M BLUE MEL SKY CAPTAIN L GREY ', 75, '', 'gudang'),
(593, 113, '2025-06-30 11:17:59', 'Rajut 1', 'F3', 'Y84729-1 27X27', 'M BLUE MEL SKY CAPTAIN L GREY ', 123.33, '', 'gudang'),
(594, 114, '2025-06-30 11:17:59', 'Rajut 1', 'A1', 'Y86219-1 25X7', 'WHITE BLACK RW', 285, '', 'gudang'),
(595, 114, '2025-06-30 11:17:59', 'Rajut 1', 'B1', 'Y86219-1 27X7', 'WHITE BLACK RW', 397.5, '', 'gudang'),
(596, 115, '2025-06-30 11:17:59', 'Rajut 1', 'A1', 'Y86219-3 25X7', 'L GREY MEL BLACK RW', 95, '', 'gudang'),
(597, 115, '2025-06-30 11:17:59', 'Rajut 1', 'B1', 'Y86219-3 27X7', 'L GREY MEL BLACK RW', 132.5, '', 'gudang'),
(598, 115, '2025-06-30 11:17:59', 'Rajut 1', 'A2', 'Y86219-4 25X7', 'M GREY MEL BLACK RW', 95, '', 'gudang'),
(599, 115, '2025-06-30 11:17:59', 'Rajut 1', 'B2', 'Y86219-4 27X7', 'M GREY MEL BLACK RW', 132.5, '', 'gudang'),
(600, 115, '2025-06-30 11:17:59', 'Rajut 1', 'A3', 'Y86219-5 25X7', 'D GREY MEL WHITE BLACK', 95, '', 'gudang'),
(601, 115, '2025-06-30 11:17:59', 'Rajut 1', 'B3', 'Y86219-5 27X7', 'D GREY MEL WHITE BLACK', 132.5, '', 'gudang'),
(602, 116, '2025-06-30 11:17:59', 'Rajut 1', 'A1', 'Y84789-1 26X25', 'L GREEN MEL M GREEN MEL L GREE', 176.67, '', 'gudang'),
(603, 116, '2025-06-30 11:17:59', 'Rajut 1', 'B1', 'Y84789-1 28X27', 'L GREEN MEL M GREEN MEL L GREE', 250.83, '', 'gudang'),
(604, 116, '2025-06-30 11:17:59', 'Rajut 1', 'A2', 'Y84789-2 26X25', 'M GREEN MEL L GREEN MEL M GREE', 176.67, '', 'gudang'),
(605, 116, '2025-06-30 11:17:59', 'Rajut 1', 'B2', 'Y84789-2 28X27', 'M GREEN MEL L GREEN MEL M GREE', 250.83, '', 'gudang'),
(606, 116, '2025-06-30 11:17:59', 'Rajut 1', 'A3', 'Y84789-3 26X25', 'D GREEN MEL L GREEN MEL D GREE', 176.67, '', 'gudang'),
(607, 116, '2025-06-30 11:17:59', 'Rajut 1', 'B3', 'Y84789-3 28X27', 'D GREEN MEL L GREEN MEL D GREE', 250.83, '', 'gudang'),
(608, 117, '2025-06-30 11:17:59', 'Rajut 1', 'A1', 'Y84379-1 23X39.5', 'JET BLACK BLACK RW', 0, '', 'gudang'),
(609, 117, '2025-06-30 11:17:59', 'Rajut 1', 'B1', 'Y84379-1 25X39.5', 'JET BLACK BLACK RW', 0, '', 'gudang'),
(610, 118, '2025-06-30 11:17:59', 'Rajut 1', 'A1', 'Y84379-6 23X39.5', 'SANDMEL RW RW', 311.5, '', 'gudang'),
(611, 118, '2025-06-30 11:17:59', 'Rajut 1', 'B1', 'Y84379-6 25X39.5', 'SANDMEL RW RW', 435, '', 'gudang'),
(612, 118, '2025-06-30 11:17:59', 'Rajut 1', 'C2', 'Y84399-2 23X39.5', 'TAUPEMEL LT BEIGEMEL RW', 311.5, '', 'gudang'),
(613, 118, '2025-06-30 11:17:59', 'Rajut 1', 'D2', 'Y84399-2 25X39.5', 'TAUPEMEL LT BEIGEMEL RW', 435, '', 'gudang'),
(614, 118, '2025-06-30 11:17:59', 'Rajut 1', 'E3', 'Y84849-1 23X39.5', 'DARK TAUPEMEL LT BEIGEMEL TAUP', 311.5, '', 'gudang'),
(615, 118, '2025-06-30 11:17:59', 'Rajut 1', 'F3', 'Y84849-1 25X39.5', 'DARK TAUPEMEL LT BEIGEMEL TAUP', 435, '', 'gudang'),
(616, 119, '2025-06-30 11:17:59', 'Rajut 1', 'A1', 'Y84789-5 26X25', 'DENIM BLUE MEL DRESS BLUE DENI', 170, '', 'gudang'),
(617, 119, '2025-06-30 11:17:59', 'Rajut 1', 'B1', 'Y84789-5 28X27', 'DENIM BLUE MEL DRESS BLUE DENI', 220, '', 'gudang'),
(618, 119, '2025-06-30 11:17:59', 'Rajut 1', 'A2', 'Y84789-6 26X25', 'M BLUE MEL DRESS BLUE DENIM', 170, '', 'gudang'),
(619, 119, '2025-06-30 11:17:59', 'Rajut 1', 'B2', 'Y84789-6 28X27', 'M BLUE MEL DRESS BLUE DENIM', 220, '', 'gudang'),
(620, 119, '2025-06-30 11:17:59', 'Rajut 1', 'A3', 'Y84789-7 26X25', 'DRESS BLUES DENIM BLUE MEL NAV', 170, '', 'gudang'),
(621, 119, '2025-06-30 11:17:59', 'Rajut 1', 'B3', 'Y84789-7 28X27', 'DRESS BLUES DENIM BLUE MEL NAV', 220, '', 'gudang'),
(622, 120, '2025-06-30 11:17:59', 'Rajut 1', 'A1', 'Y84789-4 26X25', 'BLACK L GREY MEL BLACK', 0, '', 'gudang'),
(623, 120, '2025-06-30 11:17:59', 'Rajut 1', 'B1', 'Y84789-4 28X27', 'BLACK L GREY MEL BLACK', 0, '', 'gudang'),
(624, 121, '2025-06-30 11:17:59', 'Rajut 1', 'A1', 'Y84789-8 26X25', 'L GREY MEL ANTRA MEL RW', 145, '', 'gudang'),
(625, 121, '2025-06-30 11:17:59', 'Rajut 1', 'B1', 'Y84789-8 28X27', 'L GREY MEL ANTRA MEL RW', 220, '', 'gudang'),
(626, 121, '2025-06-30 11:17:59', 'Rajut 1', 'A2', 'Y84789-9 26X25', 'GREY MEL ANTRA MEL GREY', 145, '', 'gudang'),
(627, 121, '2025-06-30 11:17:59', 'Rajut 1', 'B2', 'Y84789-9 28X27', 'GREY MEL ANTRA MEL GREY', 220, '', 'gudang'),
(628, 121, '2025-06-30 11:17:59', 'Rajut 1', 'A3', 'Y84789-10 26X25', 'ANTRA MEL L GREY MEL BLACK', 145, '', 'gudang'),
(629, 121, '2025-06-30 11:17:59', 'Rajut 1', 'B3', 'Y84789-10 28X27', 'ANTRA MEL L GREY MEL BLACK', 220, '', 'gudang'),
(630, 122, '2025-06-30 11:17:59', 'Rajut 1', 'A1', 'Y82389-3 25.5X23.5', 'NEW BLACK BLACK RW', 56.25, '', 'gudang'),
(631, 122, '2025-06-30 11:17:59', 'Rajut 1', 'B1', 'Y82389-3 27.5X24.5', 'NEW BLACK BLACK RW', 0, '', 'gudang'),
(632, 122, '2025-06-30 11:17:59', 'Rajut 1', 'C1', 'Y82389-3 29.5X25.5', 'NEW BLACK BLACK RW', 1.25, '', 'gudang'),
(633, 123, '2025-06-30 11:17:59', 'Rajut 1', 'A1', 'Y84789-11 26X25', 'BEIGE MEL D BROWN MEL BEIGE', 335, '', 'gudang'),
(634, 123, '2025-06-30 11:17:59', 'Rajut 1', 'B1', 'Y84789-11 28X27', 'BEIGE MEL D BROWN MEL BEIGE', 360, '', 'gudang'),
(635, 123, '2025-06-30 11:17:59', 'Rajut 1', 'A2', 'Y84789-12 26X25', 'BROWN MEL BEIGE MEL BROWN', 335, '', 'gudang'),
(636, 123, '2025-06-30 11:17:59', 'Rajut 1', 'B2', 'Y84789-12 28X27', 'BROWN MEL BEIGE MEL BROWN', 360, '', 'gudang'),
(637, 123, '2025-06-30 11:17:59', 'Rajut 1', 'A3', 'Y84789-13 26X25', 'D BROWN MEL BROWN MEL D BROWN', 335, '', 'gudang'),
(638, 123, '2025-06-30 11:17:59', 'Rajut 1', 'B3', 'Y84789-13 28X27', 'D BROWN MEL BROWN MEL D BROWN', 360, '', 'gudang'),
(639, 124, '2025-06-30 11:17:59', 'Rajut 1', 'A1', 'R21412-2 24.5X23.5', 'OFF WHITE NAVY RW AY', 25.42, '', 'gudang'),
(640, 124, '2025-06-30 11:17:59', 'Rajut 1', 'B1', 'R21412-2 26.5X24.5', 'OFF WHITE NAVY RW AY', 206.66, '', 'gudang'),
(641, 124, '2025-06-30 11:17:59', 'Rajut 1', 'C1', 'R21412-2 28.5X25.5', 'OFF WHITE NAVY RW AY', 39.58, '', 'gudang'),
(642, 125, '2025-06-30 11:17:59', 'Rajut 1', 'A1', 'R21412-2 24.5X23.5', 'OFF WHITE NAVY RW AY', 459.16, '', 'gudang'),
(643, 125, '2025-06-30 11:17:59', 'Rajut 1', 'B1', 'R21412-2 26.5X24.5', 'OFF WHITE NAVY RW AY', 0, '', 'gudang'),
(644, 125, '2025-06-30 11:17:59', 'Rajut 1', 'C1', 'R21412-2 28.5X25.5', 'OFF WHITE NAVY RW AY', 137.5, '', 'gudang'),
(645, 126, '2025-06-30 11:17:59', 'Rajut 1', 'A1', 'R21012-2 24.5X23.5', 'NATURAL WHITE RW AY RW', 34.83, '', 'gudang'),
(646, 126, '2025-06-30 11:17:59', 'Rajut 1', 'B1', 'R21012-2 26.5X24.5', 'NATURAL WHITE RW AY RW', 25.08, '', 'gudang'),
(647, 126, '2025-06-30 11:17:59', 'Rajut 1', 'A2', 'R21012-3 24.5X23.5', 'L.GREY MEL RW AY RW', 34.83, '', 'gudang'),
(648, 126, '2025-06-30 11:17:59', 'Rajut 1', 'B2', 'R21012-3 26.5X24.5', 'L.GREY MEL RW AY RW', 25.08, '', 'gudang'),
(649, 126, '2025-06-30 11:17:59', 'Rajut 1', 'C3', 'R21212-1 24.5X23.5', 'NATURAL WHITE L.GREY MEL RW AY', 34.83, '', 'gudang'),
(650, 126, '2025-06-30 11:17:59', 'Rajut 1', 'D3', 'R21212-1 26.5X24.5', 'NATURAL WHITE L.GREY MEL RW AY', 25.08, '', 'gudang'),
(651, 126, '2025-06-30 11:17:59', 'Rajut 1', 'C4', 'R21412-3 24.5X23.5', 'NATURAL WHITE GREEN RW AY', 34.83, '', 'gudang'),
(652, 126, '2025-06-30 11:17:59', 'Rajut 1', 'D4', 'R21412-3 26.5X24.5', 'NATURAL WHITE GREEN RW AY', 25.08, '', 'gudang'),
(653, 126, '2025-06-30 11:17:59', 'Rajut 1', 'C5', 'R21412-4 24.5X23.5', 'L.GREY MEL BLACK RW AY', 34.83, '', 'gudang'),
(654, 126, '2025-06-30 11:17:59', 'Rajut 1', 'D5', 'R21412-4 26.5X24.5', 'L.GREY MEL BLACK RW AY', 25.08, '', 'gudang'),
(655, 127, '2025-06-30 11:17:59', 'Rajut 1', 'A1', 'R21612-1 24.5X13.5', 'NATURAL WHITE BLUE RW AY', 1.5, '', 'gudang'),
(656, 127, '2025-06-30 11:17:59', 'Rajut 1', 'B1', 'R21612-1 26.5X14', 'NATURAL WHITE BLUE RW AY', 12.25, '', 'gudang'),
(657, 127, '2025-06-30 11:17:59', 'Rajut 1', 'C1', 'R21612-1 28.5X14', 'NATURAL WHITE BLUE RW AY', 2.08, '', 'gudang'),
(658, 127, '2025-06-30 11:17:59', 'Rajut 1', 'A2', 'R21612-2 24.5X13.5', 'L.GREY MEL NAVY RW AY', 1.5, '', 'gudang'),
(659, 127, '2025-06-30 11:17:59', 'Rajut 1', 'B2', 'R21612-2 26.5X14', 'L.GREY MEL NAVY RW AY', 12.25, '', 'gudang'),
(660, 127, '2025-06-30 11:17:59', 'Rajut 1', 'C2', 'R21612-2 28.5X14', 'L.GREY MEL NAVY RW AY', 2.08, '', 'gudang'),
(661, 127, '2025-06-30 11:17:59', 'Rajut 1', 'D3', 'R21712-1 24.5X13.5', 'NAVY NATURAL WHITE NAVY', 1.5, '', 'gudang'),
(662, 127, '2025-06-30 11:17:59', 'Rajut 1', 'E3', 'R21712-1 26.5X14', 'NAVY NATURAL WHITE NAVY', 12.25, '', 'gudang'),
(663, 127, '2025-06-30 11:17:59', 'Rajut 1', 'F3', 'R21712-1 28.5X14', 'NAVY NATURAL WHITE NAVY', 2.08, '', 'gudang'),
(664, 128, '2025-06-30 11:17:59', 'Rajut 1', 'A1', 'R26112-1 24X26', 'NAVY D.GREYMEL BLACK', 25, '', 'gudang'),
(665, 128, '2025-06-30 11:17:59', 'Rajut 1', 'B1', 'R26112-1 27X30', 'NAVY D.GREYMEL BLACK', 16.67, '', 'gudang'),
(666, 128, '2025-06-30 11:17:59', 'Rajut 1', 'A2', 'R26112-2 24X26', 'D.GREYMEL NAVY GREY', 25, '', 'gudang'),
(667, 128, '2025-06-30 11:17:59', 'Rajut 1', 'B2', 'R26112-2 27X30', 'D.GREYMEL NAVY GREY', 16.67, '', 'gudang'),
(668, 128, '2025-06-30 11:17:59', 'Rajut 1', 'C3', 'R26212-1 24X26', 'D.GREYMEL GREYMEL GREY', 25, '', 'gudang'),
(669, 128, '2025-06-30 11:17:59', 'Rajut 1', 'D3', 'R26212-1 27X30', 'D.GREYMEL GREYMEL GREY', 16.67, '', 'gudang'),
(670, 129, '2025-06-30 11:17:59', 'Rajut 1', 'A1', 'R26112-1 24X26', 'NAVY D.GREYMEL BLACK', 25, '', 'gudang'),
(671, 129, '2025-06-30 11:17:59', 'Rajut 1', 'B1', 'R26112-1 27X30', 'NAVY D.GREYMEL BLACK', 16.67, '', 'gudang'),
(672, 129, '2025-06-30 11:17:59', 'Rajut 1', 'A2', 'R26112-2 24X26', 'D.GREYMEL NAVY GREY', 25, '', 'gudang'),
(673, 129, '2025-06-30 11:17:59', 'Rajut 1', 'B2', 'R26112-2 27X30', 'D.GREYMEL NAVY GREY', 16.67, '', 'gudang'),
(674, 129, '2025-06-30 11:17:59', 'Rajut 1', 'C3', 'R26212-1 24X26', 'D.GREYMEL GREYMEL GREY', 25, '', 'gudang'),
(675, 129, '2025-06-30 11:17:59', 'Rajut 1', 'D3', 'R26212-1 27X30', 'D.GREYMEL GREYMEL GREY', 16.67, '', 'gudang'),
(676, 130, '2025-06-30 11:17:59', 'Rajut 1', 'A1', 'R25812-1 22X11', 'WHITE RED BLACK', 45, '', 'gudang'),
(677, 130, '2025-06-30 11:17:59', 'Rajut 1', 'B1', 'R25812-1 24X15', 'WHITE RED BLACK', 90, '', 'gudang'),
(678, 130, '2025-06-30 11:17:59', 'Rajut 1', 'C1', 'R25812-1 27X19', 'WHITE RED BLACK', 90, '', 'gudang'),
(679, 131, '2025-06-30 11:17:59', 'Rajut 1', 'A1', 'R25812-1 22X11', 'WHITE RED BLACK', 45, '', 'gudang'),
(680, 131, '2025-06-30 11:17:59', 'Rajut 1', 'B1', 'R25812-1 24X15', 'WHITE RED BLACK', 90, '', 'gudang'),
(681, 131, '2025-06-30 11:17:59', 'Rajut 1', 'C1', 'R25812-1 27X19', 'WHITE RED BLACK', 90, '', 'gudang'),
(682, 132, '2025-06-30 11:17:59', 'Rajut 1', 'A1', 'R25912-2 22X11', 'NAVY OFF WHITE NAVY', 45, '', 'gudang'),
(683, 132, '2025-06-30 11:17:59', 'Rajut 1', 'B1', 'R25912-2 24X15', 'NAVY OFF WHITE NAVY', 90, '', 'gudang'),
(684, 132, '2025-06-30 11:17:59', 'Rajut 1', 'C1', 'R25912-2 27X19', 'NAVY OFF WHITE NAVY', 90, '', 'gudang'),
(685, 133, '2025-06-30 11:17:59', 'Rajut 1', 'A1', 'R25912-2 22X11', 'NAVY OFF WHITE NAVY', 45, '', 'gudang'),
(686, 133, '2025-06-30 11:17:59', 'Rajut 1', 'B1', 'R25912-2 24X15', 'NAVY OFF WHITE NAVY', 90, '', 'gudang'),
(687, 133, '2025-06-30 11:17:59', 'Rajut 1', 'C1', 'R25912-2 27X19', 'NAVY OFF WHITE NAVY', 90, '', 'gudang'),
(688, 134, '2025-06-30 11:17:59', 'Rajut 1', 'A1', 'R25912-1 22X11', 'WHITE NAVY RW', 45, '', 'gudang'),
(689, 134, '2025-06-30 11:17:59', 'Rajut 1', 'B1', 'R25912-1 24X15', 'WHITE NAVY RW', 90, '', 'gudang'),
(690, 134, '2025-06-30 11:17:59', 'Rajut 1', 'C1', 'R25912-1 27X19', 'WHITE NAVY RW', 90, '', 'gudang'),
(691, 135, '2025-06-30 11:17:59', 'Rajut 1', 'A1', 'R25912-1 22X11', 'WHITE NAVY RW', 45, '', 'gudang'),
(692, 135, '2025-06-30 11:17:59', 'Rajut 1', 'B1', 'R25912-1 24X15', 'WHITE NAVY RW', 90, '', 'gudang'),
(693, 135, '2025-06-30 11:17:59', 'Rajut 1', 'C1', 'R25912-1 27X19', 'WHITE NAVY RW', 90, '', 'gudang'),
(694, 136, '2025-06-30 11:17:59', 'Rajut 1', 'A1', 'R26012-1 22X30', 'OATMEL RED RED', 11.67, '', 'gudang'),
(695, 136, '2025-06-30 11:17:59', 'Rajut 1', 'B1', 'R26012-1 24X34', 'OATMEL RED RED', 17.5, '', 'gudang'),
(696, 137, '2025-06-30 11:17:59', 'Rajut 1', 'A1', 'R26012-1 22X30', 'OATMEL RED RED', 11.67, '', 'gudang'),
(697, 137, '2025-06-30 11:17:59', 'Rajut 1', 'B1', 'R26012-1 24X34', 'OATMEL RED RED', 17.5, '', 'gudang'),
(698, 138, '2025-06-30 11:17:59', 'Rajut 1', 'A1', 'R25712-1 22X17', 'WHITE RED OFF WHITE', 37.5, '', 'gudang'),
(699, 138, '2025-06-30 11:17:59', 'Rajut 1', 'B1', 'R25712-1 24X21', 'WHITE RED OFF WHITE', 75, '', 'gudang'),
(700, 138, '2025-06-30 11:17:59', 'Rajut 1', 'C1', 'R25712-1 27X25', 'WHITE RED OFF WHITE', 75, '', 'gudang'),
(701, 139, '2025-06-30 11:17:59', 'Rajut 1', 'A1', 'R25712-1 22X17', 'WHITE RED OFF WHITE', 37.5, '', 'gudang'),
(702, 139, '2025-06-30 11:17:59', 'Rajut 1', 'B1', 'R25712-1 24X21', 'WHITE RED OFF WHITE', 75, '', 'gudang'),
(703, 139, '2025-06-30 11:17:59', 'Rajut 1', 'C1', 'R25712-1 27X25', 'WHITE RED OFF WHITE', 75, '', 'gudang'),
(704, 140, '2025-06-30 11:17:59', 'Rajut 1', 'A1', 'R25712-2 22X17', 'WHITE NAVY OFF WHITE', 37.5, '', 'gudang'),
(705, 140, '2025-06-30 11:17:59', 'Rajut 1', 'B1', 'R25712-2 24X21', 'WHITE NAVY OFF WHITE', 75, '', 'gudang'),
(706, 140, '2025-06-30 11:17:59', 'Rajut 1', 'C1', 'R25712-2 27X25', 'WHITE NAVY OFF WHITE', 75, '', 'gudang'),
(707, 141, '2025-06-30 11:17:59', 'Rajut 1', 'A1', 'R25712-2 22X17', 'WHITE NAVY OFF WHITE', 37.5, '', 'gudang'),
(708, 141, '2025-06-30 11:17:59', 'Rajut 1', 'B1', 'R25712-2 24X21', 'WHITE NAVY OFF WHITE', 75, '', 'gudang'),
(709, 141, '2025-06-30 11:17:59', 'Rajut 1', 'C1', 'R25712-2 27X25', 'WHITE NAVY OFF WHITE', 75, '', 'gudang'),
(710, 142, '2025-06-30 11:17:59', 'Rajut 1', 'A1', 'R27212-1 22X17', 'BLACK OFF WHITE BLACK', 40, '', 'gudang'),
(711, 142, '2025-06-30 11:17:59', 'Rajut 1', 'B1', 'R27212-1 24X21', 'BLACK OFF WHITE BLACK', 80, '', 'gudang'),
(712, 142, '2025-06-30 11:17:59', 'Rajut 1', 'C1', 'R27212-1 27X25', 'BLACK OFF WHITE BLACK', 80, '', 'gudang'),
(713, 143, '2025-06-30 11:17:59', 'Rajut 1', 'A1', 'R27212-1 22X17', 'BLACK OFF WHITE BLACK', 40, '', 'gudang'),
(714, 143, '2025-06-30 11:18:00', 'Rajut 1', 'B1', 'R27212-1 24X21', 'BLACK OFF WHITE BLACK', 80, '', 'gudang'),
(715, 143, '2025-06-30 11:18:00', 'Rajut 1', 'C1', 'R27212-1 27X25', 'BLACK OFF WHITE BLACK', 80, '', 'gudang'),
(716, 144, '2025-06-30 11:18:00', 'Rajut 1', 'A1', 'R11312-1 25X8.5', 'WHITE GREY WHITE AY', 424.25, '', 'gudang'),
(717, 144, '2025-06-30 11:18:00', 'Rajut 1', 'B1', 'R11312-1 26.5X9', 'WHITE GREY WHITE AY', 212.25, '', 'gudang'),
(718, 30, '2025-06-30 11:18:00', 'Rajut 1', 'B1', 'R11612-1 25X11.5', 'BLACK WHITE AY BLACK', 175.5, '', 'gudang'),
(719, 30, '2025-06-30 11:18:00', 'Rajut 1', 'C1', 'R11612-1 26.5X12', 'BLACK WHITE AY BLACK', 44.5, '', 'gudang'),
(720, 30, '2025-06-30 11:18:00', 'Rajut 1', 'D1', 'R11612-1 28X12.5', 'BLACK WHITE AY BLACK', 1.75, '', 'gudang'),
(721, 31, '2025-06-30 11:18:00', 'Rajut 1', 'C1', 'R11612-1 25X11.5', 'BLACK WHITE AY BLACK', 329.5, '', 'gudang'),
(722, 31, '2025-06-30 11:18:00', 'Rajut 1', 'D1', 'R11612-1 26.5X12', 'BLACK WHITE AY BLACK', 210.5, '', 'gudang'),
(723, 31, '2025-06-30 11:18:00', 'Rajut 1', 'E1', 'R11612-1 28X12.5', 'BLACK WHITE AY BLACK', 10.5, '', 'gudang'),
(724, 32, '2025-06-30 11:18:00', 'Rajut 1', 'B1', 'R11712-1 25X22.5', 'WHITE GREY BLACK', 0, '', 'gudang'),
(725, 32, '2025-06-30 11:18:00', 'Rajut 1', 'C1', 'R11712-1 26.5X23.5', 'WHITE GREY BLACK', 344.5, '', 'gudang'),
(726, 35, '2025-06-30 11:18:00', 'Rajut 1', 'B1', 'R14412-3 25X11.5', 'WHITE GREY GREY FOUR', 86.5, '', 'gudang'),
(727, 35, '2025-06-30 11:18:00', 'Rajut 1', 'C1', 'R14412-3 26.5X12', 'WHITE GREY GREY FOUR', 26.25, '', 'gudang'),
(728, 35, '2025-06-30 11:18:00', 'Rajut 1', 'B2', 'R14412-4 25X11.5', 'GREY WHITE AY BLACK', 86.5, '', 'gudang'),
(729, 35, '2025-06-30 11:18:00', 'Rajut 1', 'C2', 'R14412-4 26.5X12', 'GREY WHITE AY BLACK', 26.25, '', 'gudang'),
(730, 35, '2025-06-30 11:18:00', 'Rajut 1', 'E3', 'R14712-1 25X11.5', 'BLACK WHITE AY GREY SIX', 86.5, '', 'gudang'),
(731, 35, '2025-06-30 11:18:00', 'Rajut 1', 'F3', 'R14712-1 26.5X12', 'BLACK WHITE AY GREY SIX', 26.25, '', 'gudang'),
(732, 37, '2025-06-30 11:18:00', 'Rajut 1', 'B1', 'R11012-5 25X22.5', 'WHITE GREY PURE TEAL', 34.75, '', 'gudang'),
(733, 37, '2025-06-30 11:18:00', 'Rajut 1', 'C1', 'R11012-5 26.5X23.5', 'WHITE GREY PURE TEAL', 10.17, '', 'gudang'),
(734, 37, '2025-06-30 11:18:00', 'Rajut 1', 'B2', 'R11012-6 25X22.5', 'WHITE GREY LUCID PINK', 34.75, '', 'gudang'),
(735, 37, '2025-06-30 11:18:00', 'Rajut 1', 'C2', 'R11012-6 26.5X23.5', 'WHITE GREY LUCID PINK', 10.17, '', 'gudang'),
(736, 37, '2025-06-30 11:18:00', 'Rajut 1', 'E3', 'R14812-1 25X22.5', 'WHITE GREY BLACK', 34.75, '', 'gudang'),
(737, 37, '2025-06-30 11:18:00', 'Rajut 1', 'F3', 'R14812-1 26.5X23.5', 'WHITE GREY BLACK', 10.17, '', 'gudang'),
(738, 42, '2025-06-30 11:18:00', 'Rajut 1', 'C1', 'R11512-1 25X11.5', 'WHITE GREY BLACK', 356.5, '', 'gudang'),
(739, 42, '2025-06-30 11:18:00', 'Rajut 1', 'D1', 'R11512-1 26.5X12', 'WHITE GREY BLACK', 201.5, '', 'gudang'),
(740, 42, '2025-06-30 11:18:00', 'Rajut 1', 'E1', 'R11512-1 28X12.5', 'WHITE GREY BLACK', 12, '', 'gudang'),
(741, 42, '2025-06-30 11:18:00', 'Rajut 1', 'F1', 'R11512-1 29.5X13', 'WHITE GREY BLACK', 0.5, '', 'gudang'),
(742, 98, '2025-06-30 11:18:00', 'Rajut 1', 'C1', 'Y85129-1 25.5X22.5', 'WHITE GREY BLACK', 72.92, '', 'gudang'),
(743, 98, '2025-06-30 11:18:00', 'Rajut 1', 'D1', 'Y85129-1 27X23.5', 'WHITE GREY BLACK', 50.92, '', 'gudang'),
(744, 98, '2025-06-30 11:18:00', 'Rajut 1', 'E1', 'Y85129-1 28X24.5', 'WHITE GREY BLACK', 6.5, '', 'gudang'),
(745, 98, '2025-06-30 11:18:00', 'Rajut 1', 'H2', 'Y85139-1 25.5X22.5', 'BLACK WHITE AY BLACK', 72.92, '', 'gudang'),
(746, 98, '2025-06-30 11:18:00', 'Rajut 1', 'I2', 'Y85139-1 27X23.5', 'BLACK WHITE AY BLACK', 50.92, '', 'gudang'),
(747, 98, '2025-06-30 11:18:00', 'Rajut 1', 'J2', 'Y85139-1 28X24.5', 'BLACK WHITE AY BLACK', 6.5, '', 'gudang'),
(748, 98, '2025-06-30 11:18:00', 'Rajut 1', 'M3', 'Y85159-1 25.5X22.5', 'M GREY H WHITE AY GREY', 72.92, '', 'gudang'),
(749, 98, '2025-06-30 11:18:00', 'Rajut 1', 'N3', 'Y85159-1 27X23.5', 'M GREY H WHITE AY GREY', 50.92, '', 'gudang'),
(750, 98, '2025-06-30 11:18:00', 'Rajut 1', 'O3', 'Y85159-1 28X24.5', 'M GREY H WHITE AY GREY', 6.5, '', 'gudang'),
(751, 99, '2025-06-30 11:18:00', 'Rajut 1', 'C1', 'Y85129-3 25.5X22.5', 'WHITE GREY LEGEND INK', 85.83, '', 'gudang'),
(752, 99, '2025-06-30 11:18:00', 'Rajut 1', 'D1', 'Y85129-3 27X23.5', 'WHITE GREY LEGEND INK', 3.33, '', 'gudang'),
(753, 99, '2025-06-30 11:18:00', 'Rajut 1', 'C2', 'Y85129-4 25.5X22.5', 'CREAM WHITE GREY DARK BLUE', 85.83, '', 'gudang'),
(754, 99, '2025-06-30 11:18:00', 'Rajut 1', 'D2', 'Y85129-4 27X23.5', 'CREAM WHITE GREY DARK BLUE', 3.33, '', 'gudang'),
(755, 99, '2025-06-30 11:18:00', 'Rajut 1', 'G3', 'Y85139-2 25.5X22.5', 'TACTILE BLUE CREAM WHITE BLUE', 85.83, '', 'gudang'),
(756, 99, '2025-06-30 11:18:00', 'Rajut 1', 'H3', 'Y85139-2 27X23.5', 'TACTILE BLUE CREAM WHITE BLUE', 3.33, '', 'gudang'),
(757, 145, '2025-06-30 11:18:00', 'Rajut 1', 'A1', 'Y85189-1 16.5X6', 'BLACK WHITE AY WHITE AY', 4.75, '', 'gudang'),
(758, 145, '2025-06-30 11:18:00', 'Rajut 1', 'B1', 'Y85189-1 18X6', 'BLACK WHITE AY WHITE AY', 86.5, '', 'gudang'),
(759, 145, '2025-06-30 11:18:00', 'Rajut 1', 'C1', 'Y85189-1 19.5X6', 'BLACK WHITE AY WHITE AY', 103.25, '', 'gudang'),
(760, 145, '2025-06-30 11:18:00', 'Rajut 1', 'D1', 'Y85189-1 21.5X6', 'BLACK WHITE AY WHITE AY', 64.75, '', 'gudang'),
(761, 145, '2025-06-30 11:18:00', 'Rajut 1', 'E1', 'Y85189-1 22.5X6', 'BLACK WHITE AY WHITE AY', 3.25, '', 'gudang'),
(762, 146, '2025-06-30 11:18:00', 'Rajut 1', 'A1', 'Y85189-1 18X6', 'BLACK WHITE AY WHITE AY', 11.25, '', 'gudang'),
(763, 146, '2025-06-30 11:18:00', 'Rajut 1', 'B1', 'Y85189-1 19.5X6', 'BLACK WHITE AY WHITE AY', 18.25, '', 'gudang'),
(764, 146, '2025-06-30 11:18:00', 'Rajut 1', 'C1', 'Y85189-1 21.5X6', 'BLACK WHITE AY WHITE AY', 8, '', 'gudang'),
(765, 147, '2025-06-30 11:18:00', 'Rajut 1', 'A1', 'Y85399-1 23.5X7.5', 'WHITE BLACK BLACK', 365.5, '', 'gudang'),
(766, 147, '2025-06-30 11:18:00', 'Rajut 1', 'B1', 'Y85399-1 25.5X8.5', 'WHITE BLACK BLACK', 284.5, '', 'gudang'),
(767, 148, '2025-06-30 11:18:00', 'Rajut 1', 'A1', 'Y77299-1 22X8', 'WHITE GREY BLACK', 369.25, '', 'gudang'),
(768, 148, '2025-06-30 11:18:00', 'Rajut 1', 'B1', 'Y77299-1 23.5X8.5', 'WHITE GREY BLACK', 641.5, '', 'gudang'),
(769, 148, '2025-06-30 11:18:00', 'Rajut 1', 'C1', 'Y77299-1 25.5X9', 'WHITE GREY BLACK', 315.5, '', 'gudang'),
(770, 148, '2025-06-30 11:18:00', 'Rajut 1', 'D1', 'Y77299-1 27.5X9', 'WHITE GREY BLACK', 1.67, '', 'gudang'),
(771, 149, '2025-06-30 11:18:00', 'Rajut 1', 'A1', 'Y77289-1 22X8', 'GREY BLACK GREY AY', 42.17, '', 'gudang'),
(772, 149, '2025-06-30 11:18:00', 'Rajut 1', 'B1', 'Y77289-1 23.5X8.5', 'GREY BLACK GREY AY', 80.58, '', 'gudang'),
(773, 149, '2025-06-30 11:18:00', 'Rajut 1', 'C1', 'Y77289-1 25.5X9', 'GREY BLACK GREY AY', 42.67, '', 'gudang'),
(774, 149, '2025-06-30 11:18:00', 'Rajut 1', 'D1', 'Y77289-1 27.5X9', 'GREY BLACK GREY AY', 0.58, '', 'gudang'),
(775, 149, '2025-06-30 11:18:00', 'Rajut 1', 'E2', 'Y77299-1 22X8', 'WHITE GREY BLACK', 42.17, '', 'gudang'),
(776, 149, '2025-06-30 11:18:00', 'Rajut 1', 'F2', 'Y77299-1 23.5X8.5', 'WHITE GREY BLACK', 80.58, '', 'gudang'),
(777, 149, '2025-06-30 11:18:00', 'Rajut 1', 'G2', 'Y77299-1 25.5X9', 'WHITE GREY BLACK', 42.67, '', 'gudang'),
(778, 149, '2025-06-30 11:18:00', 'Rajut 1', 'H2', 'Y77299-1 27.5X9', 'WHITE GREY BLACK', 0.58, '', 'gudang'),
(779, 149, '2025-06-30 11:18:00', 'Rajut 1', 'I3', 'Y77309-1 22X8', 'BLACK WHITE AY BLACK', 42.17, '', 'gudang'),
(780, 149, '2025-06-30 11:18:00', 'Rajut 1', 'J3', 'Y77309-1 23.5X8.5', 'BLACK WHITE AY BLACK', 80.58, '', 'gudang'),
(781, 149, '2025-06-30 11:18:00', 'Rajut 1', 'K3', 'Y77309-1 25.5X9', 'BLACK WHITE AY BLACK', 42.67, '', 'gudang'),
(782, 149, '2025-06-30 11:18:00', 'Rajut 1', 'L3', 'Y77309-1 27.5X9', 'BLACK WHITE AY BLACK', 0.58, '', 'gudang'),
(783, 150, '2025-06-30 11:18:00', 'Rajut 1', 'A1', 'Y74789-1 20.5X6.5', 'WHITE WHITE AY BLACK', 3.75, '', 'gudang'),
(784, 150, '2025-06-30 11:18:00', 'Rajut 1', 'B1', 'Y74789-1 22X6.5', 'WHITE WHITE AY BLACK', 238, '', 'gudang'),
(785, 150, '2025-06-30 11:18:00', 'Rajut 1', 'C1', 'Y74789-1 23.5X6.5', 'WHITE WHITE AY BLACK', 449.5, '', 'gudang'),
(786, 150, '2025-06-30 11:18:00', 'Rajut 1', 'D1', 'Y74789-1 25X6.5', 'WHITE WHITE AY BLACK', 235.75, '', 'gudang'),
(787, 150, '2025-06-30 11:18:00', 'Rajut 1', 'E1', 'Y74789-1 27.5X6.5', 'WHITE WHITE AY BLACK', 2.75, '', 'gudang'),
(788, 100, '2025-06-30 11:18:00', 'Rajut 1', 'C1', 'Y78939-1 25X11.5', 'WHITE GREY BLACK', 534, '', 'gudang'),
(789, 100, '2025-06-30 11:18:00', 'Rajut 1', 'D1', 'Y78939-1 26.5X12', 'WHITE GREY BLACK', 271.5, '', 'gudang'),
(790, 100, '2025-06-30 11:18:00', 'Rajut 1', 'E1', 'Y78939-1 28X12.5', 'WHITE GREY BLACK', 3.5, '', 'gudang'),
(791, 101, '2025-06-30 11:18:00', 'Rajut 1', 'C1', 'Y77399-1 25X11.5', 'BLACK WHITE AY BLACK', 133.5, '', 'gudang'),
(792, 101, '2025-06-30 11:18:00', 'Rajut 1', 'D1', 'Y77399-1 26.5X12', 'BLACK WHITE AY BLACK', 81, '', 'gudang'),
(793, 101, '2025-06-30 11:18:00', 'Rajut 1', 'E1', 'Y77399-1 28X12.5', 'BLACK WHITE AY BLACK', 7.75, '', 'gudang'),
(794, 101, '2025-06-30 11:18:00', 'Rajut 1', 'F1', 'Y77399-1 29.5X13', 'BLACK WHITE AY BLACK', 0.25, '', 'gudang'),
(795, 102, '2025-06-30 11:18:00', 'Rajut 1', 'C1', 'Y77399-1 25X11.5', 'BLACK WHITE AY BLACK', 113.16, '', 'gudang'),
(796, 102, '2025-06-30 11:18:00', 'Rajut 1', 'D1', 'Y77399-1 26.5X12', 'BLACK WHITE AY BLACK', 58.5, '', 'gudang'),
(797, 102, '2025-06-30 11:18:00', 'Rajut 1', 'E1', 'Y77399-1 28X12.5', 'BLACK WHITE AY BLACK', 3, '', 'gudang'),
(798, 102, '2025-06-30 11:18:00', 'Rajut 1', 'H2', 'Y78939-1 25X11.5', 'WHITE GREY BLACK', 113.16, '', 'gudang'),
(799, 102, '2025-06-30 11:18:00', 'Rajut 1', 'I2', 'Y78939-1 26.5X12', 'WHITE GREY BLACK', 58.5, '', 'gudang'),
(800, 102, '2025-06-30 11:18:00', 'Rajut 1', 'J2', 'Y78939-1 28X12.5', 'WHITE GREY BLACK', 3, '', 'gudang'),
(801, 102, '2025-06-30 11:18:00', 'Rajut 1', 'M3', 'Y79479-1 25X11.5', 'GREY WHITE AY GREY AY', 113.16, '', 'gudang'),
(802, 102, '2025-06-30 11:18:00', 'Rajut 1', 'N3', 'Y79479-1 26.5X12', 'GREY WHITE AY GREY AY', 58.5, '', 'gudang'),
(803, 102, '2025-06-30 11:18:00', 'Rajut 1', 'O3', 'Y79479-1 28X12.5', 'GREY WHITE AY GREY AY', 3, '', 'gudang'),
(804, 103, '2025-06-30 11:18:00', 'Rajut 1', 'B1', 'Y77339-5 24.5X22.5', 'WHITE GREY BETTER SCARLET', 520, '', 'gudang'),
(805, 103, '2025-06-30 11:18:00', 'Rajut 1', 'C1', 'Y77339-5 26X23.5', 'WHITE GREY BETTER SCARLET', 110, '', 'gudang'),
(806, 103, '2025-06-30 11:18:00', 'Rajut 1', 'B2', 'Y77339-7 24.5X22.5', 'WHITE GREY COLLEGIATE GREEN', 520, '', 'gudang'),
(807, 103, '2025-06-30 11:18:00', 'Rajut 1', 'C2', 'Y77339-7 26X23.5', 'WHITE GREY COLLEGIATE GREEN', 110, '', 'gudang'),
(808, 103, '2025-06-30 11:18:00', 'Rajut 1', 'B3', 'Y77339-10 24.5X22.5', 'WHITE GREY NIGHT INDIGO', 520, '', 'gudang'),
(809, 103, '2025-06-30 11:18:00', 'Rajut 1', 'C3', 'Y77339-10 26X23.5', 'WHITE GREY NIGHT INDIGO', 110, '', 'gudang'),
(810, 104, '2025-06-30 11:18:00', 'Rajut 1', 'B1', 'Y77339-7 24.5X22.5', 'WHITE GREY COLLEGIATE GREEN', 64.83, '', 'gudang'),
(811, 104, '2025-06-30 11:18:00', 'Rajut 1', 'C1', 'Y77339-7 26X23.5', 'WHITE GREY COLLEGIATE GREEN', 19.75, '', 'gudang'),
(812, 104, '2025-06-30 11:18:00', 'Rajut 1', 'E2', 'Y81309-3 24.5X22.5', 'WHITE GREY BOLD GOLD', 64.83, '', 'gudang'),
(813, 104, '2025-06-30 11:18:00', 'Rajut 1', 'F2', 'Y81309-3 26X23.5', 'WHITE GREY BOLD GOLD', 19.75, '', 'gudang'),
(814, 104, '2025-06-30 11:18:00', 'Rajut 1', 'E3', 'Y81309-4 24.5X22.5', 'WHITE GREY ORANGE', 64.83, '', 'gudang'),
(815, 104, '2025-06-30 11:18:00', 'Rajut 1', 'F3', 'Y81309-4 26X23.5', 'WHITE GREY ORANGE', 19.75, '', 'gudang'),
(816, 105, '2025-06-30 11:18:00', 'Rajut 1', 'C1', 'Y85919-1 25.5X29.5', 'OFFWHITE GREY CLEARSKY', 36.75, '', 'gudang'),
(817, 105, '2025-06-30 11:18:00', 'Rajut 1', 'D1', 'Y85919-1 26.5X31', 'OFFWHITE GREY CLEARSKY', 2.75, '', 'gudang'),
(818, 105, '2025-06-30 11:18:00', 'Rajut 1', 'C2', 'Y85919-2 25.5X29.5', 'OFFWHITE GREY CARDBOARD', 36.75, '', 'gudang'),
(819, 105, '2025-06-30 11:18:00', 'Rajut 1', 'D2', 'Y85919-2 26.5X31', 'OFFWHITE GREY CARDBOARD', 2.75, '', 'gudang'),
(820, 105, '2025-06-30 11:18:00', 'Rajut 1', 'G3', 'Y86619-1 25.5X29.5', 'C BROWN GREY OFFWHITE', 36.75, '', 'gudang'),
(821, 105, '2025-06-30 11:18:00', 'Rajut 1', 'H3', 'Y86619-1 26.5X31', 'C BROWN GREY OFFWHITE', 2.75, '', 'gudang'),
(822, 106, '2025-06-30 11:18:00', 'Rajut 1', 'C1', 'Y78939-1 25X11.5', 'WHITE GREY BLACK', 101, '', 'gudang'),
(823, 106, '2025-06-30 11:18:00', 'Rajut 1', 'D1', 'Y78939-1 26.5X12', 'WHITE GREY BLACK', 57, '', 'gudang'),
(824, 106, '2025-06-30 11:18:00', 'Rajut 1', 'E1', 'Y78939-1 28X12.5', 'WHITE GREY BLACK', 9.5, '', 'gudang'),
(825, 106, '2025-06-30 11:18:00', 'Rajut 1', 'F1', 'Y78939-1 29.5X13', 'WHITE GREY BLACK', 2, '', 'gudang'),
(826, 151, '2025-06-30 11:18:00', 'Rajut 1', 'A1', 'Y85179-1 16.5X6', 'WHITE BLACK BLACK', 4.25, '', 'gudang'),
(827, 151, '2025-06-30 11:18:00', 'Rajut 1', 'B1', 'Y85179-1 18X6', 'WHITE BLACK BLACK', 141, '', 'gudang'),
(828, 151, '2025-06-30 11:18:00', 'Rajut 1', 'C1', 'Y85179-1 19.5X6', 'WHITE BLACK BLACK', 237.25, '', 'gudang'),
(829, 151, '2025-06-30 11:18:00', 'Rajut 1', 'D1', 'Y85179-1 21.5X6', 'WHITE BLACK BLACK', 167.5, '', 'gudang'),
(830, 151, '2025-06-30 11:18:00', 'Rajut 1', 'E1', 'Y85179-1 22.5X6', 'WHITE BLACK BLACK', 2.75, '', 'gudang'),
(831, 152, '2025-06-30 11:18:00', 'Rajut 1', 'B1', 'Y86049-1 26X26.5', 'BLACK RW BLACK', 0, '', 'gudang'),
(832, 153, '2025-06-30 11:18:00', 'Rajut 1', 'A1', 'Y82389-3 25.5X23.5', 'NEW BLACK BLACK RW', 644.58, '', 'gudang'),
(833, 153, '2025-06-30 11:18:00', 'Rajut 1', 'B1', 'Y82389-3 29.5X25.5', 'NEW BLACK BLACK RW', 73.75, '', 'gudang'),
(834, 154, '2025-06-30 11:18:00', 'Rajut 1', 'A1', 'Y82389-3 25.5X23.5', 'NEW BLACK BLACK RW', 0, '', 'gudang'),
(835, 154, '2025-06-30 11:18:00', 'Rajut 1', 'B1', 'Y82389-3 27.5X24.5', 'NEW BLACK BLACK RW', 0, '', 'gudang'),
(836, 154, '2025-06-30 11:18:00', 'Rajut 1', 'C1', 'Y82389-3 29.5X25.5', 'NEW BLACK BLACK RW', 215, '', 'gudang'),
(837, 155, '2025-06-30 11:18:00', 'Rajut 1', 'A1', 'Y82389-3 25.5X23.5', 'NEW BLACK BLACK RW', 23.33, '', 'gudang'),
(838, 155, '2025-06-30 11:18:00', 'Rajut 1', 'B1', 'Y82389-3 27.5X24.5', 'NEW BLACK BLACK RW', 493.75, '', 'gudang'),
(839, 155, '2025-06-30 11:18:00', 'Rajut 1', 'C1', 'Y82389-3 29.5X25.5', 'NEW BLACK BLACK RW', 219.58, '', 'gudang'),
(840, 156, '2025-06-30 11:18:00', 'Rajut 1', 'A1', 'Y84789-4 26X25', 'BLACK L GREY MEL BLACK', 510, '', 'gudang'),
(841, 156, '2025-06-30 11:18:00', 'Rajut 1', 'B1', 'Y84789-4 28X27', 'BLACK L GREY MEL BLACK', 885, '', 'gudang'),
(842, 157, '2025-06-30 11:18:00', 'Rajut 1', 'A1', 'Y84789-5 26X25', 'DENIM BLUE MEL DRESS BLUE DENI', 147.5, '', 'gudang'),
(843, 157, '2025-06-30 11:18:00', 'Rajut 1', 'B1', 'Y84789-5 28X27', 'DENIM BLUE MEL DRESS BLUE DENI', 155, '', 'gudang'),
(844, 157, '2025-06-30 11:18:00', 'Rajut 1', 'A2', 'Y84789-6 26X25', 'M BLUE MEL DRESS BLUE DENIM', 147.5, '', 'gudang'),
(845, 157, '2025-06-30 11:18:00', 'Rajut 1', 'B2', 'Y84789-6 28X27', 'M BLUE MEL DRESS BLUE DENIM', 155, '', 'gudang'),
(846, 157, '2025-06-30 11:18:00', 'Rajut 1', 'A3', 'Y84789-7 26X25', 'DRESS BLUES DENIM BLUE MEL NAV', 147.5, '', 'gudang'),
(847, 157, '2025-06-30 11:18:00', 'Rajut 1', 'B3', 'Y84789-7 28X27', 'DRESS BLUES DENIM BLUE MEL NAV', 155, '', 'gudang'),
(848, 158, '2025-06-30 11:18:00', 'Rajut 1', 'A1', 'Y84789-11 26X25', 'BEIGE MEL D BROWN MEL BEIGE', 260, '', 'gudang'),
(849, 158, '2025-06-30 11:18:00', 'Rajut 1', 'B1', 'Y84789-11 28X27', 'BEIGE MEL D BROWN MEL BEIGE', 265, '', 'gudang'),
(850, 158, '2025-06-30 11:18:00', 'Rajut 1', 'A2', 'Y84789-12 26X25', 'BROWN MEL BEIGE MEL BROWN', 260, '', 'gudang'),
(851, 158, '2025-06-30 11:18:00', 'Rajut 1', 'B2', 'Y84789-12 28X27', 'BROWN MEL BEIGE MEL BROWN', 265, '', 'gudang'),
(852, 158, '2025-06-30 11:18:00', 'Rajut 1', 'A3', 'Y84789-13 26X25', 'D BROWN MEL BROWN MEL D BROWN', 260, '', 'gudang'),
(853, 158, '2025-06-30 11:18:00', 'Rajut 1', 'B3', 'Y84789-13 28X27', 'D BROWN MEL BROWN MEL D BROWN', 265, '', 'gudang'),
(854, 159, '2025-06-30 11:18:00', 'Rajut 1', 'A1', 'Y84789-4 26X25', 'BLACK L GREY MEL BLACK', 0, '', 'gudang'),
(855, 159, '2025-06-30 11:18:00', 'Rajut 1', 'B1', 'Y84789-4 28X27', 'BLACK L GREY MEL BLACK', 0, '', 'gudang'),
(856, 160, '2025-06-30 11:18:00', 'Rajut 1', 'A1', 'Y84789-8 26X25', 'L GREY MEL ANTRA MEL RW', 235, '', 'gudang'),
(857, 160, '2025-06-30 11:18:00', 'Rajut 1', 'B1', 'Y84789-8 28X27', 'L GREY MEL ANTRA MEL RW', 320, '', 'gudang'),
(858, 160, '2025-06-30 11:18:00', 'Rajut 1', 'A2', 'Y84789-9 26X25', 'GREY MEL ANTRA MEL GREY', 235, '', 'gudang'),
(859, 160, '2025-06-30 11:18:00', 'Rajut 1', 'B2', 'Y84789-9 28X27', 'GREY MEL ANTRA MEL GREY', 320, '', 'gudang'),
(860, 160, '2025-06-30 11:18:00', 'Rajut 1', 'A3', 'Y84789-10 26X25', 'ANTRA MEL L GREY MEL BLACK', 235, '', 'gudang'),
(861, 160, '2025-06-30 11:18:00', 'Rajut 1', 'B3', 'Y84789-10 28X27', 'ANTRA MEL L GREY MEL BLACK', 320, '', 'gudang'),
(862, 161, '2025-06-30 11:18:00', 'Rajut 1', 'A1', 'Y84789-5 26X25', 'DENIM BLUE MEL DRESS BLUE DENI', 240, '', 'gudang'),
(863, 161, '2025-06-30 11:18:00', 'Rajut 1', 'B1', 'Y84789-5 28X27', 'DENIM BLUE MEL DRESS BLUE DENI', 252.5, '', 'gudang'),
(864, 161, '2025-06-30 11:18:00', 'Rajut 1', 'A2', 'Y84789-6 26X25', 'M BLUE MEL DRESS BLUE DENIM', 240, '', 'gudang'),
(865, 161, '2025-06-30 11:18:00', 'Rajut 1', 'B2', 'Y84789-6 28X27', 'M BLUE MEL DRESS BLUE DENIM', 252.5, '', 'gudang'),
(866, 161, '2025-06-30 11:18:00', 'Rajut 1', 'A3', 'Y84789-7 26X25', 'DRESS BLUES DENIM BLUE MEL NAV', 240, '', 'gudang'),
(867, 161, '2025-06-30 11:18:00', 'Rajut 1', 'B3', 'Y84789-7 28X27', 'DRESS BLUES DENIM BLUE MEL NAV', 252.5, '', 'gudang'),
(868, 162, '2025-06-30 11:18:00', 'Rajut 1', 'A1', 'Y84789-11 26X25', 'BEIGE MEL D BROWN MEL BEIGE', 235, '', 'gudang');
INSERT INTO `tabel_anak` (`id_anak`, `id_induk`, `waktu_input`, `area`, `inisial`, `style`, `warna`, `qty_po_inisial`, `keterangan`, `admin`) VALUES
(869, 162, '2025-06-30 11:18:00', 'Rajut 1', 'B1', 'Y84789-11 28X27', 'BEIGE MEL D BROWN MEL BEIGE', 347.5, '', 'gudang'),
(870, 162, '2025-06-30 11:18:00', 'Rajut 1', 'A2', 'Y84789-12 26X25', 'BROWN MEL BEIGE MEL BROWN', 235, '', 'gudang'),
(871, 162, '2025-06-30 11:18:00', 'Rajut 1', 'B2', 'Y84789-12 28X27', 'BROWN MEL BEIGE MEL BROWN', 347.5, '', 'gudang'),
(872, 162, '2025-06-30 11:18:00', 'Rajut 1', 'A3', 'Y84789-13 26X25', 'D BROWN MEL BROWN MEL D BROWN', 235, '', 'gudang'),
(873, 162, '2025-06-30 11:18:00', 'Rajut 1', 'B3', 'Y84789-13 28X27', 'D BROWN MEL BROWN MEL D BROWN', 347.5, '', 'gudang'),
(874, 163, '2025-06-30 11:18:00', 'Rajut 1', 'A1', 'Y86219-2 25X7', 'BLACK WHITE BLACK', 280, '', 'gudang'),
(875, 163, '2025-06-30 11:18:00', 'Rajut 1', 'B1', 'Y86219-2 27X7', 'BLACK WHITE BLACK', 405, '', 'gudang'),
(876, 164, '2025-06-30 11:18:00', 'Rajut 1', 'A1', 'Y84789-11 26X25', 'BEIGE MEL D BROWN MEL BEIGE', 5, '', 'gudang'),
(877, 164, '2025-06-30 11:18:00', 'Rajut 1', 'A2', 'Y84789-12 26X25', 'BROWN MEL BEIGE MEL BROWN', 5, '', 'gudang'),
(878, 164, '2025-06-30 11:18:00', 'Rajut 1', 'A3', 'Y84789-13 26X25', 'D BROWN MEL BROWN MEL D BROWN', 5, '', 'gudang'),
(879, 165, '2025-06-30 11:18:00', 'Rajut 1', 'B1', 'Y86089-1 26X26.5', 'BLACK RW BLACK', 0, '', 'gudang'),
(880, 108, '2025-06-30 11:18:00', 'Rajut 1', 'B1', 'Y82199-1 24.5X8', 'BLACK RW BLACK', 0, '', 'gudang'),
(881, 108, '2025-06-30 11:18:00', 'Rajut 1', 'B2', 'Y82199-2 24.5X8', 'WHITE BLACK RW', 0, '', 'gudang'),
(882, 108, '2025-06-30 11:18:00', 'Rajut 1', 'B3', 'Y82199-3 24.5X8', 'M GREY MEL BLACK RW', 0, '', 'gudang'),
(883, 108, '2025-06-30 11:18:00', 'Rajut 1', 'B4', 'Y82199-4 24.5X8', 'ANTRHA MELANGE RW BLACK', 0, '', 'gudang'),
(884, 108, '2025-06-30 11:18:00', 'Rajut 1', 'B5', 'Y82199-5 24.5X8', 'NAVY RW BLACK', 0, '', 'gudang'),
(885, 109, '2025-06-30 11:18:00', 'Rajut 1', 'B1', 'Y86699-4 26X26.5', 'BLACK RW BLACK', 0, '', 'gudang'),
(886, 109, '2025-06-30 11:18:00', 'Rajut 1', 'B2', 'Y86699-5 26X26.5', 'NAVY BLAZER RW BLACK', 988.5, '', 'gudang'),
(887, 109, '2025-06-30 11:18:00', 'Rajut 1', 'B3', 'Y86699-6 26X26.5', 'ANTHRA MELANGE RW BLACK', 988.5, '', 'gudang'),
(888, 109, '2025-06-30 11:18:00', 'Rajut 1', 'D4', 'Y86709-1 26X26.5', 'M GREY MEL RW RW', 988.5, '', 'gudang'),
(889, 109, '2025-06-30 11:18:00', 'Rajut 1', 'F5', 'Y86749-1 26X26.5', 'NAVY BLAZER RW BLACK', 988.5, '', 'gudang'),
(890, 109, '2025-06-30 11:18:00', 'Rajut 1', 'F6', 'Y86749-2 26X26.5', 'ANTHRA MELANGE RW BLACK', 988.5, '', 'gudang'),
(891, 110, '2025-06-30 11:18:00', 'Rajut 1', 'B1', 'Y86759-1 26X26.5', 'BLACK RW BLACK', 0, '', 'gudang'),
(892, 110, '2025-06-30 11:18:00', 'Rajut 1', 'B2', 'Y86759-2 26X26.5', 'NAVY RW BLACK', 166.67, '', 'gudang'),
(893, 110, '2025-06-30 11:18:00', 'Rajut 1', 'B3', 'Y86759-3 26X26.5', 'ANTHRA MELANGE RW BLACK', 166.67, '', 'gudang'),
(894, 110, '2025-06-30 11:18:00', 'Rajut 1', 'D4', 'Y86769-1 26X26.5', 'NAVY RW BLACK', 166.67, '', 'gudang'),
(895, 110, '2025-06-30 11:18:00', 'Rajut 1', 'D5', 'Y86769-2 26X26.5', 'ANTHRA MELANGE RW BLACK', 166.67, '', 'gudang'),
(896, 110, '2025-06-30 11:18:00', 'Rajut 1', 'F6', 'Y86779-1 26X26.5', 'MID GREY MEL RW RW', 166.67, '', 'gudang'),
(897, 166, '2025-06-30 11:18:00', 'Rajut 2', 'A1', 'SC4595-1 18X16', 'White Black Rw', 50, '', 'gudang'),
(898, 167, '2025-06-30 11:18:00', 'Rajut 2', 'A1', 'J246572-2 17X6.5', 'New Black Black Rw', 43.33, '', 'gudang'),
(899, 167, '2025-06-30 11:18:00', 'Rajut 2', 'B1', 'J246572-2 20X7', 'New Black Black Rw', 109.17, '', 'gudang'),
(900, 168, '2025-06-30 11:18:00', 'Rajut 2', 'A1', 'J246572-2 17X6.5', 'New Black Black Rw', 156.67, '', 'gudang'),
(901, 168, '2025-06-30 11:18:00', 'Rajut 2', 'B1', 'J246572-2 18.5X7', 'New Black Black Rw', 215.83, '', 'gudang'),
(902, 168, '2025-06-30 11:18:00', 'Rajut 2', 'C1', 'J246572-2 20X7', 'New Black Black Rw', 0, '', 'gudang'),
(903, 169, '2025-06-30 11:18:00', 'Rajut 2', 'A1', 'J254172-1 15X13.5', 'Oatmeal Melange Grey', 20.17, '', 'gudang'),
(904, 169, '2025-06-30 11:18:00', 'Rajut 2', 'B1', 'J254172-1 17X14.5', 'Oatmeal Melange Grey', 48.92, '', 'gudang'),
(905, 169, '2025-06-30 11:18:00', 'Rajut 2', 'C1', 'J254172-1 19X15.5', 'Oatmeal Melange Grey', 45.25, '', 'gudang'),
(906, 169, '2025-06-30 11:18:00', 'Rajut 2', 'D1', 'J254172-1 21X16.5', 'Oatmeal Melange Grey', 87.25, '', 'gudang'),
(907, 169, '2025-06-30 11:18:00', 'Rajut 2', 'A2', 'J254172-2 15X13.5', 'Coblostone Grey Rw', 20.17, '', 'gudang'),
(908, 169, '2025-06-30 11:18:00', 'Rajut 2', 'B2', 'J254172-2 17X14.5', 'Coblostone Grey Rw', 48.92, '', 'gudang'),
(909, 169, '2025-06-30 11:18:00', 'Rajut 2', 'C2', 'J254172-2 19X15.5', 'Coblostone Grey Rw', 45.25, '', 'gudang'),
(910, 169, '2025-06-30 11:18:00', 'Rajut 2', 'D2', 'J254172-2 21X16.5', 'Coblostone Grey Rw', 87.25, '', 'gudang'),
(911, 169, '2025-06-30 11:18:00', 'Rajut 2', 'A3', 'J254172-3 15X13.5', 'Blue Shadow Grey Blue', 20.17, '', 'gudang'),
(912, 169, '2025-06-30 11:18:00', 'Rajut 2', 'B3', 'J254172-3 17X14.5', 'Blue Shadow Grey Blue', 48.92, '', 'gudang'),
(913, 169, '2025-06-30 11:18:00', 'Rajut 2', 'C3', 'J254172-3 19X15.5', 'Blue Shadow Grey Blue', 45.25, '', 'gudang'),
(914, 169, '2025-06-30 11:18:00', 'Rajut 2', 'D3', 'J254172-3 21X16.5', 'Blue Shadow Grey Blue', 87.25, '', 'gudang'),
(915, 169, '2025-06-30 11:18:00', 'Rajut 2', 'A4', 'J254172-4 15X13.5', 'Stellar Grey D Blue', 20.17, '', 'gudang'),
(916, 169, '2025-06-30 11:18:00', 'Rajut 2', 'B4', 'J254172-4 17X14.5', 'Stellar Grey D Blue', 48.92, '', 'gudang'),
(917, 169, '2025-06-30 11:18:00', 'Rajut 2', 'C4', 'J254172-4 19X15.5', 'Stellar Grey D Blue', 45.25, '', 'gudang'),
(918, 169, '2025-06-30 11:18:00', 'Rajut 2', 'D4', 'J254172-4 21X16.5', 'Stellar Grey D Blue', 87.25, '', 'gudang'),
(919, 169, '2025-06-30 11:18:00', 'Rajut 2', 'A5', 'J254172-5 15X13.5', 'Dress Blue Rw Navy', 20.17, '', 'gudang'),
(920, 169, '2025-06-30 11:18:00', 'Rajut 2', 'B5', 'J254172-5 17X14.5', 'Dress Blue Rw Navy', 48.92, '', 'gudang'),
(921, 169, '2025-06-30 11:18:00', 'Rajut 2', 'C5', 'J254172-5 19X15.5', 'Dress Blue Rw Navy', 45.25, '', 'gudang'),
(922, 169, '2025-06-30 11:18:00', 'Rajut 2', 'D5', 'J254172-5 21X16.5', 'Dress Blue Rw Navy', 87.25, '', 'gudang'),
(923, 169, '2025-06-30 11:18:00', 'Rajut 2', 'A6', 'J254172-6 15X13.5', 'Green Rw Green', 20.17, '', 'gudang'),
(924, 169, '2025-06-30 11:18:00', 'Rajut 2', 'B6', 'J254172-6 17X14.5', 'Green Rw Green', 48.92, '', 'gudang'),
(925, 169, '2025-06-30 11:18:00', 'Rajut 2', 'C6', 'J254172-6 19X15.5', 'Green Rw Green', 45.25, '', 'gudang'),
(926, 169, '2025-06-30 11:18:00', 'Rajut 2', 'D6', 'J254172-6 21X16.5', 'Green Rw Green', 87.25, '', 'gudang'),
(927, 169, '2025-06-30 11:18:00', 'Rajut 2', 'A7', 'J254172-7 15X13.5', 'Dark Forest Grey Green', 20.17, '', 'gudang'),
(928, 169, '2025-06-30 11:18:00', 'Rajut 2', 'B7', 'J254172-7 17X14.5', 'Dark Forest Grey Green', 48.92, '', 'gudang'),
(929, 169, '2025-06-30 11:18:00', 'Rajut 2', 'C7', 'J254172-7 19X15.5', 'Dark Forest Grey Green', 45.25, '', 'gudang'),
(930, 169, '2025-06-30 11:18:00', 'Rajut 2', 'D7', 'J254172-7 21X16.5', 'Dark Forest Grey Green', 87.25, '', 'gudang'),
(931, 170, '2025-06-30 11:18:00', 'Rajut 2', 'A1', 'J255742-1 19x15.5', 'Black Grey', 377, '', 'gudang'),
(932, 170, '2025-06-30 11:18:00', 'Rajut 2', 'B1', 'J255742-1 21x16.5', 'Black Grey', 872, '', 'gudang'),
(933, 170, '2025-06-30 11:18:00', 'Rajut 2', 'E2', 'J255752-1 19x15.5', 'Black L Blue', 377, '', 'gudang'),
(934, 170, '2025-06-30 11:18:00', 'Rajut 2', 'F2', 'J255752-1 21x16.5', 'Black L Blue', 872, '', 'gudang'),
(935, 170, '2025-06-30 11:18:00', 'Rajut 2', 'I3', 'J255762-1 19x15.5', 'Black Green Rw', 377, '', 'gudang'),
(936, 170, '2025-06-30 11:18:00', 'Rajut 2', 'J3', 'J255762-1 21x16.5', 'Black Green Rw', 872, '', 'gudang'),
(937, 170, '2025-06-30 11:18:00', 'Rajut 2', 'M4', 'J255772-1 19x15.5', 'Black Royal', 377, '', 'gudang'),
(938, 170, '2025-06-30 11:18:00', 'Rajut 2', 'N4', 'J255772-1 21x16.5', 'Black Royal', 872, '', 'gudang'),
(939, 170, '2025-06-30 11:18:00', 'Rajut 2', 'Q5', 'J255782-1 19x15.5', 'Black Yellow', 377, '', 'gudang'),
(940, 170, '2025-06-30 11:18:00', 'Rajut 2', 'R5', 'J255782-1 21x16.5', 'Black Yellow', 872, '', 'gudang'),
(941, 170, '2025-06-30 11:18:00', 'Rajut 2', 'U6', 'J255792-1 19x15.5', 'Black Orange', 377, '', 'gudang'),
(942, 170, '2025-06-30 11:18:00', 'Rajut 2', 'V6', 'J255792-1 21x16.5', 'Black Orange', 872, '', 'gudang'),
(943, 170, '2025-06-30 11:18:00', 'Rajut 2', 'A1-1', 'J255802-1 19x15.5', 'Black Royal', 377, '', 'gudang'),
(944, 170, '2025-06-30 11:18:00', 'Rajut 2', 'B1-1', 'J255802-1 21x16.5', 'Black Royal', 872, '', 'gudang'),
(945, 171, '2025-06-30 11:18:00', 'Rajut 2', 'A1', 'J255742-1 19X15.5', 'Black Grey Green', 183.33, '', 'gudang'),
(946, 171, '2025-06-30 11:18:00', 'Rajut 2', 'B1', 'J255742-1 21X16.5', 'Black Grey Green', 380.33, '', 'gudang'),
(947, 171, '2025-06-30 11:18:00', 'Rajut 2', 'E2', 'J255752-1 19X15.5', 'Black L Blue Rw', 183.33, '', 'gudang'),
(948, 171, '2025-06-30 11:18:00', 'Rajut 2', 'F2', 'J255752-1 21X16.5', 'Black L Blue Rw', 380.33, '', 'gudang'),
(949, 171, '2025-06-30 11:18:00', 'Rajut 2', 'I3', 'J255762-1 19X15.5', 'Black Green Rw', 183.33, '', 'gudang'),
(950, 171, '2025-06-30 11:18:00', 'Rajut 2', 'J3', 'J255762-1 21X16.5', 'Black Green Rw', 380.33, '', 'gudang'),
(951, 171, '2025-06-30 11:18:00', 'Rajut 2', 'M4', 'J255772-1 19X15.5', 'Black Royal Rw', 183.33, '', 'gudang'),
(952, 171, '2025-06-30 11:18:00', 'Rajut 2', 'N4', 'J255772-1 21X16.5', 'Black Royal Rw', 380.33, '', 'gudang'),
(953, 171, '2025-06-30 11:18:00', 'Rajut 2', 'Q5', 'J255782-1 19X15.5', 'Black Yellow Blue', 183.33, '', 'gudang'),
(954, 171, '2025-06-30 11:18:00', 'Rajut 2', 'R5', 'J255782-1 21X16.5', 'Black Yellow Blue', 380.33, '', 'gudang'),
(955, 171, '2025-06-30 11:18:00', 'Rajut 2', 'U6', 'J255792-1 19X15.5', 'Black Orange Rw', 183.33, '', 'gudang'),
(956, 171, '2025-06-30 11:18:00', 'Rajut 2', 'V6', 'J255792-1 21X16.5', 'Black Orange Rw', 380.33, '', 'gudang'),
(957, 171, '2025-06-30 11:18:00', 'Rajut 2', 'A1-1', 'J255802-1 19X15.5', 'Black Royal Orange', 183.33, '', 'gudang'),
(958, 171, '2025-06-30 11:18:00', 'Rajut 2', 'B1-1', 'J255802-1 21X16.5', 'Black Royal Orange', 380.33, '', 'gudang'),
(959, 172, '2025-06-30 11:18:00', 'Rajut 2', 'A1', 'J247952-1 19X11', 'White Royal D Grey', 79.67, '', 'gudang'),
(960, 172, '2025-06-30 11:18:00', 'Rajut 2', 'B1', 'J247952-1 21X12', 'White Royal D Grey', 186.67, '', 'gudang'),
(961, 172, '2025-06-30 11:18:00', 'Rajut 2', 'A2', 'J247952-2 19X11', 'White Azure D Grey', 79.67, '', 'gudang'),
(962, 172, '2025-06-30 11:18:00', 'Rajut 2', 'B2', 'J247952-2 21X12', 'White Azure D Grey', 186.67, '', 'gudang'),
(963, 172, '2025-06-30 11:18:00', 'Rajut 2', 'A3', 'J247952-3 19X11', 'M.Greymel Green D.Grey', 79.67, '', 'gudang'),
(964, 172, '2025-06-30 11:18:00', 'Rajut 2', 'B3', 'J247952-3 21X12', 'M.Greymel Green D.Grey', 186.67, '', 'gudang'),
(965, 172, '2025-06-30 11:18:00', 'Rajut 2', 'A4', 'J247952-4 19X11', 'M.Greymel White D.Grey', 79.67, '', 'gudang'),
(966, 172, '2025-06-30 11:18:00', 'Rajut 2', 'B4', 'J247952-4 21X12', 'M.Greymel White D.Grey', 186.67, '', 'gudang'),
(967, 172, '2025-06-30 11:18:00', 'Rajut 2', 'A5', 'J247952-5 19X11', 'Black Blue Rw', 79.67, '', 'gudang'),
(968, 172, '2025-06-30 11:18:00', 'Rajut 2', 'B5', 'J247952-5 21X12', 'Black Blue Rw', 186.67, '', 'gudang'),
(969, 172, '2025-06-30 11:18:00', 'Rajut 2', 'E6', 'J248482-1 19X11', 'M.Greymel Black Rw', 79.67, '', 'gudang'),
(970, 172, '2025-06-30 11:18:00', 'Rajut 2', 'F6', 'J248482-1 21X12', 'M.Greymel Black Rw', 186.67, '', 'gudang'),
(971, 172, '2025-06-30 11:18:00', 'Rajut 2', 'E7', 'J248482-2 19X11', 'Black Green Rw', 79.67, '', 'gudang'),
(972, 172, '2025-06-30 11:18:00', 'Rajut 2', 'F7', 'J248482-2 21X12', 'Black Green Rw', 186.67, '', 'gudang'),
(973, 173, '2025-06-30 11:18:00', 'Rajut 2', 'A1', 'J170172-2 14X50', 'L Grey Melange Rw', 45.42, '', 'gudang'),
(974, 173, '2025-06-30 11:18:00', 'Rajut 2', 'A2', 'J170172-34 14X50', 'White Rw Rw', 45.42, '', 'gudang'),
(975, 173, '2025-06-30 11:18:00', 'Rajut 2', 'A3', 'J170172-36 14X50', 'L Denim Melange L Denim', 45.42, '', 'gudang'),
(976, 174, '2025-06-30 11:18:00', 'Rajut 2', 'A1', 'J170172-38 14X50', 'Orchid Petal Orchid', 12, '', 'gudang'),
(977, 174, '2025-06-30 11:18:00', 'Rajut 2', 'F2', 'J256062-1 14X50', 'White Lrx Silver Rw', 12, '', 'gudang'),
(978, 175, '2025-06-30 11:18:00', 'Rajut 2', 'A1', 'J170172-39 14X50', 'Haute Red Red', 38.83, '', 'gudang'),
(979, 175, '2025-06-30 11:18:00', 'Rajut 2', 'F2', 'J256062-2 14X50', 'Beige Lrx Gold Beige', 38.83, '', 'gudang'),
(980, 176, '2025-06-30 11:18:00', 'Rajut 2', 'A1', 'J255452-1 08X31', 'Gardenia Pink Beige', 220.92, '', 'gudang'),
(981, 176, '2025-06-30 11:18:00', 'Rajut 2', 'B1', 'J255452-1 10X38', 'Gardenia Pink Beige', 301.67, '', 'gudang'),
(982, 176, '2025-06-30 11:18:00', 'Rajut 2', 'C1', 'J255452-1 11.5X45', 'Gardenia Pink Beige', 422.08, '', 'gudang'),
(983, 176, '2025-06-30 11:18:00', 'Rajut 2', 'A2', 'J255452-2 08X31', 'Black Iris Rw Beige', 220.92, '', 'gudang'),
(984, 176, '2025-06-30 11:18:00', 'Rajut 2', 'B2', 'J255452-2 10X38', 'Black Iris Rw Beige', 301.67, '', 'gudang'),
(985, 176, '2025-06-30 11:18:00', 'Rajut 2', 'C2', 'J255452-2 11.5X45', 'Black Iris Rw Beige', 422.08, '', 'gudang'),
(986, 176, '2025-06-30 11:18:00', 'Rajut 2', 'F3', 'J255462-1 08X31', 'Tuffet Rw Rw', 220.92, '', 'gudang'),
(987, 176, '2025-06-30 11:18:00', 'Rajut 2', 'G3', 'J255462-1 10X38', 'Tuffet Rw Rw', 301.67, '', 'gudang'),
(988, 176, '2025-06-30 11:18:00', 'Rajut 2', 'H3', 'J255462-1 11.5X45', 'Tuffet Rw Rw', 422.08, '', 'gudang'),
(989, 177, '2025-06-30 11:18:00', 'Rajut 2', 'A1', 'G44945-1 15X13.5', 'L Grey Mel White Black', 355.25, '', 'gudang'),
(990, 177, '2025-06-30 11:18:00', 'Rajut 2', 'B1', 'G44945-1 17X14.5', 'L Grey Mel White Black', 768.08, '', 'gudang'),
(991, 177, '2025-06-30 11:18:00', 'Rajut 2', 'C1', 'G44945-1 19X15.5', 'L Grey Mel White Black', 511.67, '', 'gudang'),
(992, 177, '2025-06-30 11:18:00', 'Rajut 2', 'D2', 'G44955-1 15X13.5', 'Black Black Red', 355.25, '', 'gudang'),
(993, 177, '2025-06-30 11:18:00', 'Rajut 2', 'E2', 'G44955-1 17X14.5', 'Black Black Red', 768.08, '', 'gudang'),
(994, 177, '2025-06-30 11:18:00', 'Rajut 2', 'F2', 'G44955-1 19X15.5', 'Black Black Red', 511.67, '', 'gudang'),
(995, 177, '2025-06-30 11:18:00', 'Rajut 2', 'G3', 'G44965-1 15X13.5', 'D Grey Mel Black Royal', 355.25, '', 'gudang'),
(996, 177, '2025-06-30 11:18:00', 'Rajut 2', 'H3', 'G44965-1 17X14.5', 'D Grey Mel Black Royal', 768.08, '', 'gudang'),
(997, 177, '2025-06-30 11:18:00', 'Rajut 2', 'I3', 'G44965-1 19X15.5', 'D Grey Mel Black Royal', 511.67, '', 'gudang'),
(998, 178, '2025-06-30 11:18:00', 'Rajut 2', 'A1', 'SC2052-1 19X9', 'Black White Black', 250, '', 'gudang'),
(999, 178, '2025-06-30 11:18:00', 'Rajut 2', 'B1', 'SC2052-1 21.5X10', 'Black White Black', 250, '', 'gudang'),
(1000, 166, '2025-06-30 11:18:00', 'Rajut 2', 'B1', 'SC4596-1 20X18', 'White Black Rw', 50, '', 'gudang'),
(1001, 166, '2025-06-30 11:18:00', 'Rajut 2', 'C1', 'SC4596-1 22X20', 'White Black Rw', 50, '', 'gudang'),
(1002, 179, '2025-06-30 11:18:00', 'Rajut 2', 'A1', 'SC4697-1 23X24', 'Black White Black', 50, '', 'gudang'),
(1003, 165, '2025-06-30 11:18:00', 'Rajut 2', 'A1', 'J484074-1 23.5X24', 'Black Rw Black', 0, '', 'gudang'),
(1004, 165, '2025-06-30 11:18:00', 'Rajut 2', 'A2', 'J484074-2 23.5X24', 'Dark Grey Melange Rw', 0, '', 'gudang'),
(1005, 165, '2025-06-30 11:18:00', 'Rajut 2', 'A3', 'J484074-3 23.5X24', 'Dark Green Melange Rw', 0, '', 'gudang'),
(1006, 165, '2025-06-30 11:18:00', 'Rajut 2', 'C4', 'J484084-1 23.5X24', 'Mid Grey Melange Rw', 0, '', 'gudang'),
(1007, 167, '2025-06-30 11:18:00', 'Rajut 2', 'C1', 'J466064-2 23.5X8', 'New Black Black Rw', 62.5, '', 'gudang'),
(1008, 168, '2025-06-30 11:18:00', 'Rajut 2', 'D1', 'J466064-2 22X8', 'New Black Black Rw', 15, '', 'gudang'),
(1009, 168, '2025-06-30 11:18:00', 'Rajut 2', 'E1', 'J466064-2 23.5X8', 'New Black Black Rw', 2.5, '', 'gudang'),
(1010, 169, '2025-06-30 11:18:00', 'Rajut 2', 'E1', 'J481224-1 23X17.5', 'Oatmeal Melange Grey', 66.42, '', 'gudang'),
(1011, 169, '2025-06-30 11:18:00', 'Rajut 2', 'F1', 'J481224-1 25X18.5', 'Oatmeal Melange Grey', 34.58, '', 'gudang'),
(1012, 169, '2025-06-30 11:18:00', 'Rajut 2', 'E2', 'J481224-2 23X17.5', 'Coblostone Grey Rw', 66.42, '', 'gudang'),
(1013, 169, '2025-06-30 11:18:00', 'Rajut 2', 'F2', 'J481224-2 25X18.5', 'Coblostone Grey Rw', 34.58, '', 'gudang'),
(1014, 169, '2025-06-30 11:18:00', 'Rajut 2', 'E3', 'J481224-3 23X17.5', 'Blue Shadow Grey Blue', 66.42, '', 'gudang'),
(1015, 169, '2025-06-30 11:18:00', 'Rajut 2', 'F3', 'J481224-3 25X18.5', 'Blue Shadow Grey Blue', 34.58, '', 'gudang'),
(1016, 169, '2025-06-30 11:18:00', 'Rajut 2', 'E4', 'J481224-4 23X17.5', 'Stellar Grey D Blue', 66.42, '', 'gudang'),
(1017, 169, '2025-06-30 11:18:00', 'Rajut 2', 'F4', 'J481224-4 25X18.5', 'Stellar Grey D Blue', 34.58, '', 'gudang'),
(1018, 169, '2025-06-30 11:18:00', 'Rajut 2', 'E5', 'J481224-5 23X17.5', 'Dress Blue Rw Navy', 66.42, '', 'gudang'),
(1019, 169, '2025-06-30 11:18:00', 'Rajut 2', 'F5', 'J481224-5 25X18.5', 'Dress Blue Rw Navy', 34.58, '', 'gudang'),
(1020, 169, '2025-06-30 11:18:00', 'Rajut 2', 'E6', 'J481224-6 23X17.5', 'Green Rw Green', 66.42, '', 'gudang'),
(1021, 169, '2025-06-30 11:18:00', 'Rajut 2', 'F6', 'J481224-6 25X18.5', 'Green Rw Green', 34.58, '', 'gudang'),
(1022, 169, '2025-06-30 11:18:00', 'Rajut 2', 'E7', 'J481224-7 23X17.5', 'Dark Forest Grey Green', 66.42, '', 'gudang'),
(1023, 169, '2025-06-30 11:18:00', 'Rajut 2', 'F7', 'J481224-7 25X18.5', 'Dark Forest Grey Green', 34.58, '', 'gudang'),
(1024, 170, '2025-06-30 11:18:00', 'Rajut 2', 'C1', 'J482784-1 23X17.5', 'Black Grey', 776.58, '', 'gudang'),
(1025, 170, '2025-06-30 11:18:00', 'Rajut 2', 'D1', 'J482784-1 25X18.5', 'Black Grey', 294.25, '', 'gudang'),
(1026, 170, '2025-06-30 11:18:00', 'Rajut 2', 'G2', 'J482794-1 23X17.5', 'Black L Blue', 776.58, '', 'gudang'),
(1027, 170, '2025-06-30 11:18:00', 'Rajut 2', 'H2', 'J482794-1 25X18.5', 'Black L Blue', 294.25, '', 'gudang'),
(1028, 170, '2025-06-30 11:18:00', 'Rajut 2', 'K3', 'J482804-1 23X17.5', 'Black Green Rw', 776.58, '', 'gudang'),
(1029, 170, '2025-06-30 11:18:00', 'Rajut 2', 'L3', 'J482804-1 25X18.5', 'Black Green Rw', 294.25, '', 'gudang'),
(1030, 170, '2025-06-30 11:18:00', 'Rajut 2', 'O4', 'J482814-1 23X17.5', 'Black Royal', 776.58, '', 'gudang'),
(1031, 170, '2025-06-30 11:18:00', 'Rajut 2', 'P4', 'J482814-1 25X18.5', 'Black Royal', 294.25, '', 'gudang'),
(1032, 170, '2025-06-30 11:18:00', 'Rajut 2', 'S5', 'J482824-1 23X17.5', 'Black Yellow', 776.58, '', 'gudang'),
(1033, 170, '2025-06-30 11:18:00', 'Rajut 2', 'T5', 'J482824-1 25X18.5', 'Black Yellow', 294.25, '', 'gudang'),
(1034, 170, '2025-06-30 11:18:00', 'Rajut 2', 'W6', 'J482834-1 23X17.5', 'Black Orange', 776.58, '', 'gudang'),
(1035, 170, '2025-06-30 11:18:00', 'Rajut 2', 'X6', 'J482834-1 25X18.5', 'Black Orange', 294.25, '', 'gudang'),
(1036, 170, '2025-06-30 11:18:00', 'Rajut 2', 'C1-1', 'J482844-1 23X17.5', 'Black Royal', 776.58, '', 'gudang'),
(1037, 170, '2025-06-30 11:18:00', 'Rajut 2', 'D1-1', 'J482844-1 25X18.5', 'Black Royal', 294.25, '', 'gudang'),
(1038, 171, '2025-06-30 11:18:00', 'Rajut 2', 'C1', 'J482784-1 23X17.5', 'Black Grey Green', 382, '', 'gudang'),
(1039, 171, '2025-06-30 11:18:00', 'Rajut 2', 'D1', 'J482784-1 25X18.5', 'Black Grey Green', 193.75, '', 'gudang'),
(1040, 171, '2025-06-30 11:18:00', 'Rajut 2', 'G2', 'J482794-1 23X17.5', 'Black L Blue Rw', 382, '', 'gudang'),
(1041, 171, '2025-06-30 11:18:00', 'Rajut 2', 'H2', 'J482794-1 25X18.5', 'Black L Blue Rw', 193.75, '', 'gudang'),
(1042, 171, '2025-06-30 11:18:00', 'Rajut 2', 'K3', 'J482804-1 23X17.5', 'Black Green Rw', 382, '', 'gudang'),
(1043, 171, '2025-06-30 11:18:00', 'Rajut 2', 'L3', 'J482804-1 25X18.5', 'Black Green Rw', 193.75, '', 'gudang'),
(1044, 171, '2025-06-30 11:18:00', 'Rajut 2', 'O4', 'J482814-1 23X17.5', 'Black Royal Rw', 382, '', 'gudang'),
(1045, 171, '2025-06-30 11:18:00', 'Rajut 2', 'P4', 'J482814-1 25X18.5', 'Black Royal Rw', 193.75, '', 'gudang'),
(1046, 171, '2025-06-30 11:18:00', 'Rajut 2', 'S5', 'J482824-1 23X17.5', 'Black Yellow Blue', 382, '', 'gudang'),
(1047, 171, '2025-06-30 11:18:00', 'Rajut 2', 'T5', 'J482824-1 25X18.5', 'Black Yellow Blue', 193.75, '', 'gudang'),
(1048, 171, '2025-06-30 11:18:00', 'Rajut 2', 'W6', 'J482834-1 23X17.5', 'Black Orange Rw', 382, '', 'gudang'),
(1049, 171, '2025-06-30 11:18:00', 'Rajut 2', 'X6', 'J482834-1 25X18.5', 'Black Orange Rw', 193.75, '', 'gudang'),
(1050, 171, '2025-06-30 11:18:00', 'Rajut 2', 'C1-1', 'J482844-1 23X17.5', 'Black Royal Orange', 382, '', 'gudang'),
(1051, 171, '2025-06-30 11:18:00', 'Rajut 2', 'D1-1', 'J482844-1 25X18.5', 'Black Royal Orange', 193.75, '', 'gudang'),
(1052, 172, '2025-06-30 11:18:00', 'Rajut 2', 'C1', 'J470234-1 23X13', 'White Royal D Grey', 171.17, '', 'gudang'),
(1053, 172, '2025-06-30 11:18:00', 'Rajut 2', 'D1', 'J470234-1 25X14', 'White Royal D Grey', 72.5, '', 'gudang'),
(1054, 172, '2025-06-30 11:18:00', 'Rajut 2', 'C2', 'J470234-2 23X13', 'White Azure D Grey', 171.17, '', 'gudang'),
(1055, 172, '2025-06-30 11:18:00', 'Rajut 2', 'D2', 'J470234-2 25X14', 'White Azure D Grey', 72.5, '', 'gudang'),
(1056, 172, '2025-06-30 11:18:00', 'Rajut 2', 'C3', 'J470234-3 23X13', 'M.Greymel Green D.Grey', 171.17, '', 'gudang'),
(1057, 172, '2025-06-30 11:18:00', 'Rajut 2', 'D3', 'J470234-3 25X14', 'M.Greymel Green D.Grey', 72.5, '', 'gudang'),
(1058, 172, '2025-06-30 11:18:00', 'Rajut 2', 'C4', 'J470234-4 23X13', 'M.Greymel White D.Grey', 171.17, '', 'gudang'),
(1059, 172, '2025-06-30 11:18:00', 'Rajut 2', 'D4', 'J470234-4 25X14', 'M.Greymel White D.Grey', 72.5, '', 'gudang'),
(1060, 172, '2025-06-30 11:18:00', 'Rajut 2', 'C5', 'J470234-5 23X13', 'Black Blue Rw', 171.17, '', 'gudang'),
(1061, 172, '2025-06-30 11:18:00', 'Rajut 2', 'D5', 'J470234-5 25X14', 'Black Blue Rw', 72.5, '', 'gudang'),
(1062, 172, '2025-06-30 11:18:00', 'Rajut 2', 'G6', 'J471294-1 23X13', 'M.Greymel Black Rw', 171.17, '', 'gudang'),
(1063, 172, '2025-06-30 11:18:00', 'Rajut 2', 'H6', 'J471294-1 25X14', 'M.Greymel Black Rw', 72.5, '', 'gudang'),
(1064, 172, '2025-06-30 11:18:00', 'Rajut 2', 'G7', 'J471294-2 23X13', 'Black Green Rw', 171.17, '', 'gudang'),
(1065, 172, '2025-06-30 11:18:00', 'Rajut 2', 'H7', 'J471294-2 25X14', 'Black Green Rw', 72.5, '', 'gudang'),
(1066, 173, '2025-06-30 11:18:00', 'Rajut 2', 'B1', 'J294534-2 15X58.5', 'L Grey Melange Rw', 195.42, '', 'gudang'),
(1067, 173, '2025-06-30 11:18:00', 'Rajut 2', 'C1', 'J294534-2 17X67.5', 'L Grey Melange Rw', 194.92, '', 'gudang'),
(1068, 173, '2025-06-30 11:18:00', 'Rajut 2', 'D1', 'J294534-2 18X72.5', 'L Grey Melange Rw', 118.58, '', 'gudang'),
(1069, 173, '2025-06-30 11:18:00', 'Rajut 2', 'E1', 'J294914-10 20X79.5', 'L Grey Melange Rw', 181.08, '', 'gudang'),
(1070, 173, '2025-06-30 11:18:00', 'Rajut 2', 'F1', 'J294914-10 23X88', 'L Grey Melange Rw', 136.83, '', 'gudang'),
(1071, 173, '2025-06-30 11:18:00', 'Rajut 2', 'G1', 'J294914-10 24X93', 'L Grey Melange Rw', 58.42, '', 'gudang'),
(1072, 173, '2025-06-30 11:18:00', 'Rajut 2', 'B2', 'J294534-46 15X58.5', 'White Rw Rw', 195.42, '', 'gudang'),
(1073, 173, '2025-06-30 11:18:00', 'Rajut 2', 'C2', 'J294534-46 17X67.5', 'White Rw Rw', 194.92, '', 'gudang'),
(1074, 173, '2025-06-30 11:18:00', 'Rajut 2', 'D2', 'J294534-46 18X72.5', 'White Rw Rw', 118.58, '', 'gudang'),
(1075, 173, '2025-06-30 11:18:00', 'Rajut 2', 'E2', 'J294914-20 20X79.5', 'White Rw Rw', 181.08, '', 'gudang'),
(1076, 173, '2025-06-30 11:18:00', 'Rajut 2', 'F2', 'J294914-20 23X88', 'White Rw Rw', 136.83, '', 'gudang'),
(1077, 173, '2025-06-30 11:18:00', 'Rajut 2', 'G2', 'J294914-20 24X93', 'White Rw Rw', 58.42, '', 'gudang'),
(1078, 173, '2025-06-30 11:18:00', 'Rajut 2', 'B3', 'J294534-45 15X58.5', 'L Denim Melange L Denim', 195.42, '', 'gudang'),
(1079, 173, '2025-06-30 11:18:00', 'Rajut 2', 'C3', 'J294534-45 17X67.5', 'L Denim Melange L Denim', 194.92, '', 'gudang'),
(1080, 173, '2025-06-30 11:18:00', 'Rajut 2', 'D3', 'J294534-45 18X72.5', 'L Denim Melange L Denim', 118.58, '', 'gudang'),
(1081, 173, '2025-06-30 11:18:00', 'Rajut 2', 'E3', 'J294914-23 20X79.5', 'L Denim Melange L Denim', 181.08, '', 'gudang'),
(1082, 173, '2025-06-30 11:18:00', 'Rajut 2', 'F3', 'J294914-23 23X88', 'L Denim Melange L Denim', 136.83, '', 'gudang'),
(1083, 173, '2025-06-30 11:18:00', 'Rajut 2', 'G3', 'J294914-23 24X93', 'L Denim Melange L Denim', 58.42, '', 'gudang'),
(1084, 174, '2025-06-30 11:18:00', 'Rajut 2', 'B1', 'J294534-48 15X58.5', 'Orchid Petal', 38.58, '', 'gudang'),
(1085, 174, '2025-06-30 11:18:00', 'Rajut 2', 'C1', 'J294534-48 17X67.5', 'Orchid Petal', 52, '', 'gudang'),
(1086, 174, '2025-06-30 11:18:00', 'Rajut 2', 'D1', 'J294534-48 18X72.5', 'Orchid Petal', 41.92, '', 'gudang'),
(1087, 174, '2025-06-30 11:18:00', 'Rajut 2', 'E1', 'J294914-25 20X79.5', 'Orchid Petal', 5.42, '', 'gudang'),
(1088, 174, '2025-06-30 11:18:00', 'Rajut 2', 'G2', 'J482964-1 15X58.5', 'White Lurex Silver', 38.58, '', 'gudang'),
(1089, 174, '2025-06-30 11:18:00', 'Rajut 2', 'H2', 'J482964-1 17X67.5', 'White Lurex Silver', 52, '', 'gudang'),
(1090, 174, '2025-06-30 11:18:00', 'Rajut 2', 'I2', 'J482964-1 18X72.5', 'White Lurex Silver', 41.92, '', 'gudang'),
(1091, 174, '2025-06-30 11:18:00', 'Rajut 2', 'J2', 'J482944-1 20X79.5', 'White Lurex Silver', 5.42, '', 'gudang'),
(1092, 175, '2025-06-30 11:18:00', 'Rajut 2', 'B1', 'J294534-49 15X58.5', 'Haute Red Red', 114.92, '', 'gudang'),
(1093, 175, '2025-06-30 11:18:00', 'Rajut 2', 'C1', 'J294534-49 17X67.5', 'Haute Red Red', 131.67, '', 'gudang'),
(1094, 175, '2025-06-30 11:18:00', 'Rajut 2', 'D1', 'J294534-49 18X72.5', 'Haute Red Red', 145.75, '', 'gudang'),
(1095, 175, '2025-06-30 11:18:00', 'Rajut 2', 'E1', 'J294914-26 20X79.5', 'Haute Red Red', 37.33, '', 'gudang'),
(1096, 175, '2025-06-30 11:18:00', 'Rajut 2', 'G2', 'J482964-2 15X58.5', 'Beige Lrx Gold Beige', 114.92, '', 'gudang'),
(1097, 175, '2025-06-30 11:18:00', 'Rajut 2', 'H2', 'J482964-2 17X67.5', 'Beige Lrx Gold Beige', 131.67, '', 'gudang'),
(1098, 175, '2025-06-30 11:18:00', 'Rajut 2', 'I2', 'J482964-2 18X72.5', 'Beige Lrx Gold Beige', 145.75, '', 'gudang'),
(1099, 175, '2025-06-30 11:18:00', 'Rajut 2', 'J2', 'J482944-2 20X79.5', 'Beige Lrx Gold Beige', 37.33, '', 'gudang'),
(1100, 180, '2025-06-30 11:18:00', 'Rajut 2', 'A1', 'J365164-15 22X8', 'Sand Mel Grey Rw', 260, '', 'gudang'),
(1101, 180, '2025-06-30 11:18:00', 'Rajut 2', 'B1', 'J365164-15 24X8', 'Sand Mel Grey Rw', 440, '', 'gudang'),
(1102, 180, '2025-06-30 11:18:00', 'Rajut 2', 'A2', 'J365164-16 22X8', 'Whitecap Grey Grey', 260, '', 'gudang'),
(1103, 180, '2025-06-30 11:18:00', 'Rajut 2', 'B2', 'J365164-16 24X8', 'Whitecap Grey Grey', 440, '', 'gudang'),
(1104, 180, '2025-06-30 11:18:00', 'Rajut 2', 'A3', 'J365164-17 22X8', 'Blue Mel Grey Rw', 260, '', 'gudang'),
(1105, 180, '2025-06-30 11:18:00', 'Rajut 2', 'B3', 'J365164-17 24X8', 'Blue Mel Grey Rw', 440, '', 'gudang'),
(1106, 180, '2025-06-30 11:18:00', 'Rajut 2', 'A4', 'J365164-18 22X8', 'L Blue Mel Grey Rw', 260, '', 'gudang'),
(1107, 180, '2025-06-30 11:18:00', 'Rajut 2', 'B4', 'J365164-18 24X8', 'L Blue Mel Grey Rw', 440, '', 'gudang'),
(1108, 180, '2025-06-30 11:18:00', 'Rajut 2', 'A5', 'J365164-19 22X8', 'Sky Captain White Rw', 260, '', 'gudang'),
(1109, 180, '2025-06-30 11:18:00', 'Rajut 2', 'B5', 'J365164-19 24X8', 'Sky Captain White Rw', 440, '', 'gudang'),
(1110, 181, '2025-06-30 11:18:00', 'Rajut 2', 'A1', 'J365164-12 22X8', 'L Grey Mel Grey Rw', 300, '', 'gudang'),
(1111, 181, '2025-06-30 11:18:00', 'Rajut 2', 'B1', 'J365164-12 24X8', 'L Grey Mel Grey Rw', 340, '', 'gudang'),
(1112, 181, '2025-06-30 11:18:00', 'Rajut 2', 'A2', 'J365164-13 22X8', 'Silvergrey Mel Grey', 300, '', 'gudang'),
(1113, 181, '2025-06-30 11:18:00', 'Rajut 2', 'B2', 'J365164-13 24X8', 'Silvergrey Mel Grey', 340, '', 'gudang'),
(1114, 181, '2025-06-30 11:18:00', 'Rajut 2', 'A3', 'J365164-20 22X8', 'Rosa Mel Grey Rw', 300, '', 'gudang'),
(1115, 181, '2025-06-30 11:18:00', 'Rajut 2', 'B3', 'J365164-20 24X8', 'Rosa Mel Grey Rw', 340, '', 'gudang'),
(1116, 181, '2025-06-30 11:18:00', 'Rajut 2', 'A4', 'J365164-21 22X8', 'Wintersorbet Mel Grey', 300, '', 'gudang'),
(1117, 181, '2025-06-30 11:18:00', 'Rajut 2', 'B4', 'J365164-21 24X8', 'Wintersorbet Mel Grey', 340, '', 'gudang'),
(1118, 181, '2025-06-30 11:18:00', 'Rajut 2', 'A5', 'J365164-22 22X8', 'Cinder Mel Grey Rw', 300, '', 'gudang'),
(1119, 181, '2025-06-30 11:18:00', 'Rajut 2', 'B5', 'J365164-22 24X8', 'Cinder Mel Grey Rw', 340, '', 'gudang'),
(1120, 182, '2025-06-30 11:18:00', 'Rajut 2', 'A1', 'J365164-11 22X8', 'Ex L Grey Mel Grey', 510, '', 'gudang'),
(1121, 182, '2025-06-30 11:18:00', 'Rajut 2', 'B1', 'J365164-11 24X8', 'Ex L Grey Mel Grey', 500, '', 'gudang'),
(1122, 182, '2025-06-30 11:18:00', 'Rajut 2', 'A2', 'J365164-12 22X8', 'L Grey Mel Grey Rw', 510, '', 'gudang'),
(1123, 182, '2025-06-30 11:18:00', 'Rajut 2', 'B2', 'J365164-12 24X8', 'L Grey Mel Grey Rw', 500, '', 'gudang'),
(1124, 182, '2025-06-30 11:18:00', 'Rajut 2', 'A3', 'J365164-13 22X8', 'Silvergrey Mel Grey', 510, '', 'gudang'),
(1125, 182, '2025-06-30 11:18:00', 'Rajut 2', 'B3', 'J365164-13 24X8', 'Silvergrey Mel Grey', 500, '', 'gudang'),
(1126, 182, '2025-06-30 11:18:00', 'Rajut 2', 'A4', 'J365164-14 22X8', 'Black White Rw', 510, '', 'gudang'),
(1127, 182, '2025-06-30 11:18:00', 'Rajut 2', 'B4', 'J365164-14 24X8', 'Black White Rw', 500, '', 'gudang'),
(1128, 182, '2025-06-30 11:18:00', 'Rajut 2', 'C5', 'J365174-2 22X8', 'Bright White Black Rw', 510, '', 'gudang'),
(1129, 182, '2025-06-30 11:18:00', 'Rajut 2', 'D5', 'J365174-2 24X8', 'Bright White Black Rw', 500, '', 'gudang'),
(1130, 183, '2025-06-30 11:18:00', 'Rajut 2', 'A1', 'H58467-1 24.5X13', 'Black Green Yellow', 114.67, '', 'gudang'),
(1131, 183, '2025-06-30 11:18:01', 'Rajut 2', 'A2', 'H58467-2 24.5X13', 'Black Green Blue', 114.67, '', 'gudang'),
(1132, 183, '2025-06-30 11:18:01', 'Rajut 2', 'A3', 'H58467-3 24.5X13', 'Black Green Orange', 114.67, '', 'gudang'),
(1133, 183, '2025-06-30 11:18:01', 'Rajut 2', 'A4', 'H58467-4 24.5X13', 'Black Green L Grey', 344, '', 'gudang'),
(1134, 184, '2025-06-30 11:18:01', 'Rajut 2', 'A1', 'H59317-1 24X8', 'Black L Grey Grey', 0, '', 'gudang'),
(1135, 185, '2025-06-30 11:18:01', 'Rajut 2', 'A1', 'H58667-1 24X8', 'Grey Green WhiteAy', 360, '', 'gudang'),
(1136, 186, '2025-06-30 11:18:01', 'Rajut 2', 'A1', 'H58517-1 25X12', 'White Green L Grey', 0, '', 'gudang'),
(1137, 187, '2025-06-30 11:18:01', 'Rajut 2', 'A1', 'H58517-1 25X12', 'White Green L Grey', 0, '', 'gudang'),
(1138, 188, '2025-06-30 11:18:01', 'Rajut 2', 'A1', 'H59317-1 24X8', 'Black L Grey Grey', 900, '', 'gudang'),
(1139, 189, '2025-06-30 11:18:01', 'Rajut 2', 'A1', 'H59327-4 24X8', 'D Grey Green White', 150, '', 'gudang'),
(1140, 189, '2025-06-30 11:18:01', 'Rajut 2', 'B2', 'H58427-1 24X8', 'D Grey L Grey White', 150, '', 'gudang'),
(1141, 190, '2025-06-30 11:18:01', 'Rajut 2', 'A1', 'H58437-1 24X8', 'Orange Black Orange', 186.67, '', 'gudang'),
(1142, 190, '2025-06-30 11:18:01', 'Rajut 2', 'A2', 'H58437-2 24X8', 'Dorange Black Dorange', 186.67, '', 'gudang'),
(1143, 190, '2025-06-30 11:18:01', 'Rajut 2', 'B3', 'H58757-1 24X8', 'Blue Black Blue', 186.67, '', 'gudang'),
(1144, 190, '2025-06-30 11:18:01', 'Rajut 2', 'C4', 'H59327-1 24X8', 'DgreyMel Green Blue', 186.67, '', 'gudang'),
(1145, 190, '2025-06-30 11:18:01', 'Rajut 2', 'C5', 'H59327-2 24X8', 'Dgrey Mel Green Orange', 186.67, '', 'gudang'),
(1146, 190, '2025-06-30 11:18:01', 'Rajut 2', 'C6', 'H59327-3 24X8', 'Dgrey Mel Green Dorange', 186.67, '', 'gudang'),
(1147, 191, '2025-06-30 11:18:01', 'Rajut 2', 'A1', 'H58367-1 24X8', 'White L Grey Grey', 0, '', 'gudang'),
(1148, 192, '2025-06-30 11:18:01', 'Rajut 2', 'A1', 'H58367-1 24X8', 'White L Grey Grey', 900, '', 'gudang'),
(1149, 193, '2025-06-30 11:18:01', 'Rajut 2', 'A1', 'J484474-1 23X8', 'Orange Green Grey', 187.5, '', 'gudang'),
(1150, 193, '2025-06-30 11:18:01', 'Rajut 2', 'A2', 'J484474-2 23X8', 'Pink Green Grey', 375, '', 'gudang'),
(1151, 193, '2025-06-30 11:18:01', 'Rajut 2', 'A3', 'J484474-3 23X8', 'L Green Green Grey', 187.5, '', 'gudang'),
(1152, 193, '2025-06-30 11:18:01', 'Rajut 2', 'A4', 'J484474-4 23X8', 'Blue Green Grey', 375, '', 'gudang'),
(1153, 193, '2025-06-30 11:18:01', 'Rajut 2', 'A5', 'J484474-5 23X8', 'D Pink Green Grey', 187.5, '', 'gudang'),
(1154, 193, '2025-06-30 11:18:01', 'Rajut 2', 'A6', 'J484474-6 23X8', 'D Green Green Grey', 187.5, '', 'gudang'),
(1155, 194, '2025-06-30 11:18:01', 'Rajut 2', 'A1', 'H59757-1 22X8', 'White Grey Green', 0, '', 'gudang'),
(1156, 194, '2025-06-30 11:18:01', 'Rajut 2', 'A2', 'H59757-2 22X8', 'White Black Green\'', 0, '', 'gudang'),
(1157, 195, '2025-06-30 11:18:01', 'Rajut 2', 'A1', 'H58517-1 25X12', 'White Green L Grey', 688, '', 'gudang'),
(1158, 196, '2025-06-30 11:18:01', 'Rajut 2', 'A1', 'H59517-1 22.5X8', 'White L Green D Grey', 0, '', 'gudang'),
(1159, 197, '2025-06-30 11:18:01', 'Rajut 2', 'A1', 'H59767-1 22X8', 'White K Pink L Green', 375, '', 'gudang'),
(1160, 197, '2025-06-30 11:18:01', 'Rajut 2', 'A2', 'H59767-2 22X8', 'White V Pink L Green', 187.5, '', 'gudang'),
(1161, 197, '2025-06-30 11:18:01', 'Rajut 2', 'B3', 'H60477-1 22X8', 'White Green L Green', 187.5, '', 'gudang'),
(1162, 197, '2025-06-30 11:18:01', 'Rajut 2', 'B4', 'H60477-2 22X8', 'White Lgrey Mel L Green', 375, '', 'gudang'),
(1163, 197, '2025-06-30 11:18:01', 'Rajut 2', 'B5', 'H60477-3 22X8', 'White Lgrey Mel L Green', 187.5, '', 'gudang'),
(1164, 197, '2025-06-30 11:18:01', 'Rajut 2', 'B6', 'H60477-4 22X8', 'White Lgrey Mel L Green', 187.5, '', 'gudang'),
(1165, 198, '2025-06-30 11:18:01', 'Rajut 2', 'A1', 'H59757-1 22X8', 'White Grey Green', 0, '', 'gudang'),
(1166, 198, '2025-06-30 11:18:01', 'Rajut 2', 'A2', 'H59757-2 22X8', 'White Black Green', 0, '', 'gudang'),
(1167, 199, '2025-06-30 11:18:01', 'Rajut 2', 'A1', 'H60687-1 21.5X8', 'White Green L Grey', 400, '', 'gudang'),
(1168, 200, '2025-06-30 11:18:01', 'Rajut 2', 'A1', 'H60687-1 26.5X8.5', 'White Green L Grey', 600, '', 'gudang'),
(1169, 201, '2025-06-30 11:18:01', 'Rajut 2', 'A1', 'H60687-1 29X8.5', 'White Green L Grey', 300, '', 'gudang'),
(1170, 202, '2025-06-30 11:18:01', 'Rajut 2', 'A1', 'J474014-1 21.5X20', 'Black Golden Poppy', 0, '', 'gudang'),
(1171, 202, '2025-06-30 11:18:01', 'Rajut 2', 'B1', 'J474014-1 23.5X22', 'Black Golden Poppy', 896.33, '', 'gudang'),
(1172, 202, '2025-06-30 11:18:01', 'Rajut 2', 'D2', 'J474024-1 21.5X20', 'Black Green Spruce', 0, '', 'gudang'),
(1173, 202, '2025-06-30 11:18:01', 'Rajut 2', 'E2', 'J474024-1 23.5X22', 'Black Green Spruce', 896.33, '', 'gudang'),
(1174, 202, '2025-06-30 11:18:01', 'Rajut 2', 'G3', 'J474094-1 21.5X20', 'Black Purple Opulance', 896.33, '', 'gudang'),
(1175, 202, '2025-06-30 11:18:01', 'Rajut 2', 'H3', 'J474094-1 23.5X22', 'Black Purple Opulance', 0, '', 'gudang'),
(1176, 202, '2025-06-30 11:18:01', 'Rajut 2', 'J4', 'J474104-1 21.5X20', 'Purple Opulance Green Spruce', 896.33, '', 'gudang'),
(1177, 202, '2025-06-30 11:18:01', 'Rajut 2', 'K4', 'J474104-1 23.5X22', 'Purple Opulance Green Spruce', 0, '', 'gudang'),
(1178, 202, '2025-06-30 11:18:01', 'Rajut 2', 'M5', 'J474114-1 21.5X20', 'Navy Blazer Rw', 896.33, '', 'gudang'),
(1179, 202, '2025-06-30 11:18:01', 'Rajut 2', 'N5', 'J474114-1 23.5X22', 'Navy Blazer Rw', 0, '', 'gudang'),
(1180, 202, '2025-06-30 11:18:01', 'Rajut 2', 'P6', 'J475134-1 21.5X20', 'Mid Grey Mel Verdant Green', 896.33, '', 'gudang'),
(1181, 202, '2025-06-30 11:18:01', 'Rajut 2', 'Q6', 'J475134-1 23.5X22', 'Mid Grey Mel Verdant Green', 0, '', 'gudang'),
(1182, 202, '2025-06-30 11:18:01', 'Rajut 2', 'S7', 'J478374-1 21.5X20', 'Mid Grey Mel Golden Poppy', 896.33, '', 'gudang'),
(1183, 202, '2025-06-30 11:18:01', 'Rajut 2', 'T7', 'J478374-1 23.5X22', 'Mid Grey Mel Golden Poppy', 0, '', 'gudang'),
(1184, 202, '2025-06-30 11:18:01', 'Rajut 2', 'V8', 'J478384-1 21.5X20', 'Black Poppy Red Verdant Green', 896.33, '', 'gudang'),
(1185, 202, '2025-06-30 11:18:01', 'Rajut 2', 'W8', 'J478384-1 23.5X22', 'Black Poppy Red Verdant Green', 0, '', 'gudang'),
(1186, 202, '2025-06-30 11:18:01', 'Rajut 2', 'A1-1', 'J478394-1 21.5X20', 'Navy Blazer Blue Atol', 896.33, '', 'gudang'),
(1187, 202, '2025-06-30 11:18:01', 'Rajut 2', 'B1-1', 'J478394-1 23.5X22', 'Navy Blazer Blue Atol', 0, '', 'gudang'),
(1188, 202, '2025-06-30 11:18:01', 'Rajut 2', 'D2-1', 'J478404-1 21.5X20', 'Black Beeswax True Navy', 0, '', 'gudang'),
(1189, 202, '2025-06-30 11:18:01', 'Rajut 2', 'E2-1', 'J478404-1 23.5X22', 'Black Beeswax True Navy', 0, '', 'gudang'),
(1190, 202, '2025-06-30 11:18:01', 'Rajut 2', 'G3-1', 'J478414-1 21.5X20', 'Black White True Navy', 0, '', 'gudang'),
(1191, 202, '2025-06-30 11:18:01', 'Rajut 2', 'H3-1', 'J478414-1 23.5X22', 'Black White True Navy', 0, '', 'gudang'),
(1192, 202, '2025-06-30 11:18:01', 'Rajut 2', 'J4-1', 'J478424-1 21.5X20', 'Botanical Green Golden Poppy', 0, '', 'gudang'),
(1193, 202, '2025-06-30 11:18:01', 'Rajut 2', 'K4-1', 'J478424-1 23.5X22', 'Botanical Green Golden Poppy', 0, '', 'gudang'),
(1194, 202, '2025-06-30 11:18:01', 'Rajut 2', 'M5-1', 'J478434-1 21.5X20', 'Botanical Green Blue Atol', 0, '', 'gudang'),
(1195, 202, '2025-06-30 11:18:01', 'Rajut 2', 'N5-1', 'J478434-1 23.5X22', 'Botanical Green Blue Atol', 0, '', 'gudang'),
(1196, 202, '2025-06-30 11:18:01', 'Rajut 2', 'P6-1', 'J478444-1 21.5X20', 'Mid Grey Mel Verdant Green', 0, '', 'gudang'),
(1197, 202, '2025-06-30 11:18:01', 'Rajut 2', 'Q6-1', 'J478444-1 23.5X22', 'Mid Grey Mel Verdant Green', 0, '', 'gudang'),
(1198, 202, '2025-06-30 11:18:01', 'Rajut 2', 'S7-1', 'J478454-1 21.5X20', 'Mid Grey Mel Cyber Yellow', 0, '', 'gudang'),
(1199, 202, '2025-06-30 11:18:01', 'Rajut 2', 'T7-1', 'J478454-1 23.5X22', 'Mid Grey Mel Cyber Yellow', 0, '', 'gudang'),
(1200, 202, '2025-06-30 11:18:01', 'Rajut 2', 'V8-1', 'J478464-1 21.5X20', 'Poppy Red White Rw', 896.33, '', 'gudang'),
(1201, 202, '2025-06-30 11:18:01', 'Rajut 2', 'W8-1', 'J478464-1 23.5X22', 'Poppy Red White Rw', 0, '', 'gudang'),
(1202, 202, '2025-06-30 11:18:01', 'Rajut 2', 'A1-2', 'J478474-1 21.5X20', 'Mid Grey Mel Cyber Yellow', 896.33, '', 'gudang'),
(1203, 202, '2025-06-30 11:18:01', 'Rajut 2', 'B1-2', 'J478474-1 23.5X22', 'Mid Grey Mel Cyber Yellow', 0, '', 'gudang'),
(1204, 202, '2025-06-30 11:18:01', 'Rajut 2', 'D2-2', 'J478484-1 21.5X20', 'Navy Blazer Blue Atol', 896.33, '', 'gudang'),
(1205, 202, '2025-06-30 11:18:01', 'Rajut 2', 'E2-2', 'J478484-1 23.5X22', 'Navy Blazer Blue Atol', 0, '', 'gudang'),
(1206, 202, '2025-06-30 11:18:01', 'Rajut 2', 'G3-2', 'J478494-1 21.5X20', 'Purple Opulance Beeswax', 896.33, '', 'gudang'),
(1207, 202, '2025-06-30 11:18:01', 'Rajut 2', 'H3-2', 'J478494-1 23.5X22', 'Purple Opulance Beeswax', 0, '', 'gudang'),
(1208, 202, '2025-06-30 11:18:01', 'Rajut 2', 'J4-2', 'J478504-1 21.5X20', 'Black Rw Beeswax', 896.33, '', 'gudang'),
(1209, 202, '2025-06-30 11:18:01', 'Rajut 2', 'K4-2', 'J478504-1 23.5X22', 'Black Rw Beeswax', 0, '', 'gudang'),
(1210, 176, '2025-06-30 11:18:01', 'Rajut 2', 'D1', 'J482224-1 13.75X55.5', 'Gardenia Pink Beige', 126.08, '', 'gudang'),
(1211, 176, '2025-06-30 11:18:01', 'Rajut 2', 'E1', 'J482224-1 13X52', 'Gardenia Pink Beige', 338.83, '', 'gudang'),
(1212, 176, '2025-06-30 11:18:01', 'Rajut 2', 'D2', 'J482224-2 13.75X55.5', 'Black Iris Rw Beige', 126.08, '', 'gudang'),
(1213, 176, '2025-06-30 11:18:01', 'Rajut 2', 'E2', 'J482224-2 13X52', 'Black Iris Rw Beige', 338.83, '', 'gudang'),
(1214, 176, '2025-06-30 11:18:01', 'Rajut 2', 'I3', 'J482234-1 13.75X55.5', 'Tuffet Rw Rw', 126.08, '', 'gudang'),
(1215, 176, '2025-06-30 11:18:01', 'Rajut 2', 'J3', 'J482234-1 13X52', 'Tuffet Rw Rw', 338.83, '', 'gudang'),
(1216, 165, '2025-06-30 11:18:01', 'Rajut 2', 'B2', 'Y86089-2 26X26.5', 'Dark Grey Melange Rw', 0, '', 'gudang'),
(1217, 165, '2025-06-30 11:18:01', 'Rajut 2', 'B3', 'Y86089-3 26X26.5', 'Dark Green Melange Rw', 0, '', 'gudang'),
(1218, 165, '2025-06-30 11:18:01', 'Rajut 2', 'D4', 'Y86099-1 26X26.5', 'Mid Grey Melange Rw', 0, '', 'gudang'),
(1219, 203, '2025-06-30 11:18:01', 'Rajut 2', 'A1', 'Y82699-3 25X25', 'Cabernet Bright White Red', 150, '', 'gudang'),
(1220, 203, '2025-06-30 11:18:01', 'Rajut 2', 'B1', 'Y82699-3 27X27', 'Cabernet Bright White Red', 235, '', 'gudang'),
(1221, 203, '2025-06-30 11:18:01', 'Rajut 2', 'C2', 'Y85019-2 25X25', 'Sky Captain Cabernet B White', 150, '', 'gudang'),
(1222, 203, '2025-06-30 11:18:01', 'Rajut 2', 'D2', 'Y85019-2 27X27', 'Sky Captain Cabernet B White', 235, '', 'gudang'),
(1223, 203, '2025-06-30 11:18:01', 'Rajut 2', 'C3', 'Y85019-3 25X25', 'L Grey Mel Cabernet B White', 150, '', 'gudang'),
(1224, 203, '2025-06-30 11:18:01', 'Rajut 2', 'D3', 'Y85019-3 27X27', 'L Grey Mel Cabernet B White', 235, '', 'gudang'),
(1225, 204, '2025-06-30 11:18:01', 'Rajut 2', 'A1', 'Y84379-7 23X39.5', 'Greymel Black Rw', 398.83, '', 'gudang'),
(1226, 204, '2025-06-30 11:18:01', 'Rajut 2', 'B1', 'Y84379-7 25X39.5', 'Greymel Black Rw', 551, '', 'gudang'),
(1227, 204, '2025-06-30 11:18:01', 'Rajut 2', 'C2', 'Y84429-1 23X39.5', 'Jet Black Black Rw', 398.83, '', 'gudang'),
(1228, 204, '2025-06-30 11:18:01', 'Rajut 2', 'D2', 'Y84429-1 25X39.5', 'Jet Black Black Rw', 551, '', 'gudang'),
(1229, 204, '2025-06-30 11:18:01', 'Rajut 2', 'E3', 'Y84999-1 23X39.5', 'Jet Black Greymel Pomegranate', 398.83, '', 'gudang'),
(1230, 204, '2025-06-30 11:18:01', 'Rajut 2', 'F3', 'Y84999-1 25X39.5', 'Jet Black Greymel Pomegranate', 551, '', 'gudang'),
(1231, 205, '2025-06-30 11:18:01', 'Rajut 2', 'A1', 'Y84379-2 23X39.5', 'Taupemel Beige Rw', 294.75, '', 'gudang'),
(1232, 205, '2025-06-30 11:18:01', 'Rajut 2', 'B1', 'Y84379-2 25X39.5', 'Taupemel Beige Rw', 412.83, '', 'gudang'),
(1233, 205, '2025-06-30 11:18:01', 'Rajut 2', 'A2', 'Y84379-3 23X39.5', 'S Greymel S Grey', 294.75, '', 'gudang'),
(1234, 205, '2025-06-30 11:18:01', 'Rajut 2', 'B2', 'Y84379-3 25X39.5', 'S Greymel S Grey', 412.83, '', 'gudang'),
(1235, 205, '2025-06-30 11:18:01', 'Rajut 2', 'A3', 'Y84379-4 23X39.5', 'Lt Greymel Rw Rw', 294.75, '', 'gudang'),
(1236, 205, '2025-06-30 11:18:01', 'Rajut 2', 'B3', 'Y84379-4 25X39.5', 'S Greymel S Grey', 412.83, '', 'gudang'),
(1237, 206, '2025-06-30 11:18:01', 'Rajut 2', 'A1', 'Y84379-8 23X39.5', 'Sandmel Sand Rw', 307.58, '', 'gudang'),
(1238, 206, '2025-06-30 11:18:01', 'Rajut 2', 'B1', 'Y84379-8 25X39.5', 'Sandmel Sand Rw', 429.33, '', 'gudang'),
(1239, 206, '2025-06-30 11:18:01', 'Rajut 2', 'C2', 'Y84429-2 23X39.5', 'Dark Taupemel Taupe', 307.58, '', 'gudang'),
(1240, 206, '2025-06-30 11:18:01', 'Rajut 2', 'D2', 'Y84429-2 25X39.5', 'Dark Taupemel Taupe', 429.33, '', 'gudang'),
(1241, 206, '2025-06-30 11:18:01', 'Rajut 2', 'E3', 'Y84999-2 23X39.5', 'Dark Taupemel Sandmel', 307.58, '', 'gudang'),
(1242, 206, '2025-06-30 11:18:01', 'Rajut 2', 'F3', 'Y84999-2 25X39.5', 'Dark Taupemel Sandmel', 429.33, '', 'gudang'),
(1243, 207, '2025-06-30 11:18:01', 'Rajut 2', 'A1', 'Y81729-1 22X7', 'Natural White Rw RwAy', 0, '', 'gudang'),
(1244, 207, '2025-06-30 11:18:01', 'Rajut 2', 'B1', 'Y81729-1 24X7', 'Natural White Rw RwAy', 0, '', 'gudang'),
(1245, 207, '2025-06-30 11:18:01', 'Rajut 2', 'C1', 'Y81729-1 26X7', 'Natural White Rw RwAy', 238.33, '', 'gudang'),
(1246, 208, '2025-06-30 11:18:01', 'Rajut 2', 'A1', 'Y81719-1 22X7', 'New Black', 0, '', 'gudang'),
(1247, 208, '2025-06-30 11:18:01', 'Rajut 2', 'B1', 'Y81719-1 24X7', 'New Black', 0, '', 'gudang'),
(1248, 208, '2025-06-30 11:18:01', 'Rajut 2', 'C1', 'Y81719-1 26X7', 'New Black', 460, '', 'gudang'),
(1249, 202, '2025-06-30 11:18:01', 'Rajut 2', 'C1', 'Y83679-1 26X24.5', 'Black Golden Poppy', 0, '', 'gudang'),
(1250, 202, '2025-06-30 11:18:01', 'Rajut 2', 'F2', 'Y83689-1 26X24.5', 'Black Green Spruce', 0, '', 'gudang'),
(1251, 202, '2025-06-30 11:18:01', 'Rajut 2', 'I3', 'Y83759-1 26X24.5', 'Black Purple Opulance', 896.33, '', 'gudang'),
(1252, 202, '2025-06-30 11:18:01', 'Rajut 2', 'L4', 'Y83769-1 26X24.5', 'Purple Opulance Green Spruce', 896.33, '', 'gudang'),
(1253, 202, '2025-06-30 11:18:01', 'Rajut 2', 'O5', 'Y83779-1 26X24.5', 'Navy Blazer Rw', 0, '', 'gudang'),
(1254, 202, '2025-06-30 11:18:01', 'Rajut 2', 'R6', 'Y83989-1 26X24.5', 'Mid Grey Mel Verdant Green', 896.33, '', 'gudang'),
(1255, 202, '2025-06-30 11:18:01', 'Rajut 2', 'U7', 'Y84539-1 26X24.5', 'Mid Grey Mel Golden Poppy', 896.33, '', 'gudang'),
(1256, 202, '2025-06-30 11:18:01', 'Rajut 2', 'X8', 'Y84549-1 26X24.5', 'Black Poppy Red Verdant Green', 896.33, '', 'gudang'),
(1257, 202, '2025-06-30 11:18:01', 'Rajut 2', 'C1-1', 'Y84559-1 26X24.5', 'Navy Blazer Blue Atol', 896.33, '', 'gudang'),
(1258, 202, '2025-06-30 11:18:01', 'Rajut 2', 'F2-1', 'Y84569-1 26X24.5', 'Black Beeswax True Navy', 896.33, '', 'gudang'),
(1259, 202, '2025-06-30 11:18:01', 'Rajut 2', 'I3-1', 'Y84579-1 26X24.5', 'Black White True Navy', 896.33, '', 'gudang'),
(1260, 202, '2025-06-30 11:18:01', 'Rajut 2', 'L4-1', 'Y84589-1 26X24.5', 'Botanical Green Golden Poppy', 896.33, '', 'gudang'),
(1261, 202, '2025-06-30 11:18:01', 'Rajut 2', 'O5-1', 'Y84599-1 26X24.5', 'Botanical Green Blue Atol', 896.33, '', 'gudang'),
(1262, 202, '2025-06-30 11:18:01', 'Rajut 2', 'R6-1', 'Y84609-1 26X24.5', 'Mid Grey Mel Verdant Green', 896.33, '', 'gudang'),
(1263, 202, '2025-06-30 11:18:01', 'Rajut 2', 'U7-1', 'Y84619-1 26X24.5', 'Mid Grey Mel Cyber Yellow', 896.33, '', 'gudang'),
(1264, 202, '2025-06-30 11:18:01', 'Rajut 2', 'X8-1', 'Y84629-1 26X24.5', 'Poppy Red White Rw', 0, '', 'gudang'),
(1265, 202, '2025-06-30 11:18:01', 'Rajut 2', 'C1-2', 'Y84639-1 26X24.5', 'Mid Grey Mel Cyber Yellow', 0, '', 'gudang'),
(1266, 202, '2025-06-30 11:18:01', 'Rajut 2', 'F2-2', 'Y84649-1 26X24.5', 'Navy Blazer Blue Atol', 0, '', 'gudang'),
(1267, 202, '2025-06-30 11:18:01', 'Rajut 2', 'I3-2', 'Y84659-1 26X24.5', 'Purple Opulance Beeswax', 0, '', 'gudang'),
(1268, 202, '2025-06-30 11:18:01', 'Rajut 2', 'L4-2', 'Y84669-1 26X24.5', 'Black Rw Beeswax', 0, '', 'gudang'),
(1269, 209, '2025-06-30 11:18:01', 'Rajut 3', 'A1', 'J256562-1 14X50', 'L GREY MELANGE BLACK', 126.92, '', 'gudang'),
(1270, 209, '2025-06-30 11:18:01', 'Rajut 3', 'E2', 'J256572-1 14X50', 'D GREY MELANGE BLACK', 126.92, '', 'gudang'),
(1271, 210, '2025-06-30 11:18:01', 'Rajut 3', 'A1', 'J170172-34 14X50', 'WHITE RW', 17.25, '', 'gudang'),
(1272, 210, '2025-06-30 11:18:01', 'Rajut 3', 'H3', 'J170172-28 14X50', 'OATMEL MELANGE RW', 17.25, '', 'gudang'),
(1273, 210, '2025-06-30 11:18:01', 'Rajut 3', 'O5', 'J170172-2 14X50', 'L GREY MELANGE RW', 17.25, '', 'gudang'),
(1274, 210, '2025-06-30 11:18:01', 'Rajut 3', 'A7', 'J170172-35 14X50', 'D GREY MELANGE BLACK', 17.25, '', 'gudang'),
(1275, 210, '2025-06-30 11:18:01', 'Rajut 3', 'H9', 'J170172-12 14X50', 'BLACK BLACK', 17.25, '', 'gudang'),
(1276, 211, '2025-06-30 11:18:01', 'Rajut 3', 'A1', 'J256622-1 0X55.5', 'ROSE SHADOW RW', 6, '', 'gudang'),
(1277, 211, '2025-06-30 11:18:01', 'Rajut 3', 'E2', 'J256602-1 0X55.5', 'SNOW WHITE LILAC', 6, '', 'gudang'),
(1278, 212, '2025-06-30 11:18:01', 'Rajut 3', 'A1', 'J201302-16 21X8', 'L GREY MEL L GREY', 1053.33, '', 'gudang'),
(1279, 212, '2025-06-30 11:18:01', 'Rajut 3', 'A2', 'J201302-17 21X8', 'SILVERGREY MEL L GREY', 1053.33, '', 'gudang'),
(1280, 212, '2025-06-30 11:18:01', 'Rajut 3', 'A3', 'J201302-30 21X8', 'D. ROSA MEL L GREY', 1053.33, '', 'gudang'),
(1281, 212, '2025-06-30 11:18:01', 'Rajut 3', 'A4', 'J201302-31 21X8', 'HEAVENLY PINK L GREY', 1053.33, '', 'gudang'),
(1282, 212, '2025-06-30 11:18:01', 'Rajut 3', 'A5', 'J201302-32 21X8', 'GREYMEL GREY', 1053.33, '', 'gudang'),
(1283, 213, '2025-06-30 11:18:01', 'Rajut 3', 'A1', 'J201302-12 21X8', 'BRIGHT WHITE L GREY', 1280, '', 'gudang'),
(1284, 213, '2025-06-30 11:18:01', 'Rajut 3', 'A2', 'J201302-15 21X8', 'EX L GREY MEL L GREY', 1280, '', 'gudang'),
(1285, 213, '2025-06-30 11:18:01', 'Rajut 3', 'A3', 'J201302-16 21X8', 'L GREY MEL L GREY', 640, '', 'gudang'),
(1286, 213, '2025-06-30 11:18:01', 'Rajut 3', 'A4', 'J201302-18 21X8', 'L BLUE MEL L GREY', 640, '', 'gudang'),
(1287, 213, '2025-06-30 11:18:01', 'Rajut 3', 'A5', 'J201302-19 21X8', 'MARINA L GREY', 640, '', 'gudang'),
(1288, 213, '2025-06-30 11:18:01', 'Rajut 3', 'A6', 'J201302-20 21X8', 'SKY CAPTAIN L GREY', 640, '', 'gudang'),
(1289, 213, '2025-06-30 11:18:01', 'Rajut 3', 'A7', 'J201302-21 21X8', 'SAND MEL L GREY', 1280, '', 'gudang'),
(1290, 214, '2025-06-30 11:18:01', 'Rajut 3', 'A1', 'J201302-12 21X8', 'BRIGHT WHITE L GREY', 14933.33, '', 'gudang'),
(1291, 215, '2025-06-30 11:18:01', 'Rajut 3', 'A1', 'J254062-1 15.5X12.5', 'OFFWHITE GREY (KANAN)', 1.71, '', 'gudang'),
(1292, 215, '2025-06-30 11:18:01', 'Rajut 3', 'B1', 'J254062-1 17X13.5', 'OFFWHITE GREY (KANAN)', 2.83, '', 'gudang'),
(1293, 215, '2025-06-30 11:18:01', 'Rajut 3', 'C1', 'J254062-1 18.5X14.5', 'OFFWHITE GREY (KANAN)', 3.67, '', 'gudang'),
(1294, 215, '2025-06-30 11:18:01', 'Rajut 3', 'D1', 'J254062-1 20X15.5', 'OFFWHITE GREY (KANAN)', 3.33, '', 'gudang'),
(1295, 215, '2025-06-30 11:18:01', 'Rajut 3', 'F2', 'J254072-1 15.5X12.5', 'OFFWHITE GREY (KIRI)', 1.71, '', 'gudang'),
(1296, 215, '2025-06-30 11:18:01', 'Rajut 3', 'G2', 'J254072-1 17X13.5', 'OFFWHITE GREY (KIRI)', 2.83, '', 'gudang'),
(1297, 215, '2025-06-30 11:18:01', 'Rajut 3', 'H2', 'J254072-1 18.5X14.5', 'OFFWHITE GREY (KIRI)', 3.67, '', 'gudang'),
(1298, 215, '2025-06-30 11:18:01', 'Rajut 3', 'I2', 'J254072-1 20X15.5', 'OFFWHITE GREY (KIRI)', 3.33, '', 'gudang'),
(1299, 215, '2025-06-30 11:18:01', 'Rajut 3', 'K3', 'J254082-1 15.5X12.5', 'L. PINK WHITE AY (KANAN)', 1.71, '', 'gudang'),
(1300, 215, '2025-06-30 11:18:01', 'Rajut 3', 'L3', 'J254082-1 17X13.5', 'L. PINK WHITE AY (KANAN)', 2.83, '', 'gudang'),
(1301, 215, '2025-06-30 11:18:01', 'Rajut 3', 'M3', 'J254082-1 18.5X14.5', 'L. PINK WHITE AY (KANAN)', 3.67, '', 'gudang'),
(1302, 215, '2025-06-30 11:18:01', 'Rajut 3', 'N3', 'J254082-1 20X15.5', 'L. PINK WHITE AY (KANAN)', 3.33, '', 'gudang'),
(1303, 215, '2025-06-30 11:18:01', 'Rajut 3', 'P4', 'J254092-1 15.5X12.5', 'L. PINK WHITE AY (KIRI)', 1.71, '', 'gudang'),
(1304, 215, '2025-06-30 11:18:01', 'Rajut 3', 'Q4', 'J254092-1 17X13.5', 'L. PINK WHITE AY (KIRI)', 2.83, '', 'gudang'),
(1305, 215, '2025-06-30 11:18:01', 'Rajut 3', 'R4', 'J254092-1 18.5X14.5', 'L. PINK WHITE AY (KIRI)', 3.67, '', 'gudang'),
(1306, 215, '2025-06-30 11:18:01', 'Rajut 3', 'S4', 'J254092-1 20X15.5', 'L. PINK WHITE AY (KIRI)', 3.33, '', 'gudang'),
(1307, 215, '2025-06-30 11:18:01', 'Rajut 3', 'U5', 'J254102-1 15.5X12.5', 'L. PINK BLACK (KANAN)', 1.71, '', 'gudang');
INSERT INTO `tabel_anak` (`id_anak`, `id_induk`, `waktu_input`, `area`, `inisial`, `style`, `warna`, `qty_po_inisial`, `keterangan`, `admin`) VALUES
(1308, 215, '2025-06-30 11:18:01', 'Rajut 3', 'V5', 'J254102-1 17X13.5', 'L. PINK BLACK (KANAN)', 2.83, '', 'gudang'),
(1309, 215, '2025-06-30 11:18:01', 'Rajut 3', 'W5', 'J254102-1 18.5X14.5', 'L. PINK BLACK (KANAN)', 3.67, '', 'gudang'),
(1310, 215, '2025-06-30 11:18:01', 'Rajut 3', 'X5', 'J254102-1 20X15.5', 'L. PINK BLACK (KANAN)', 3.33, '', 'gudang'),
(1311, 215, '2025-06-30 11:18:01', 'Rajut 3', 'A6', 'J254122-1 15.5X12.5', 'L. PINK BLACK (KIRI)', 1.71, '', 'gudang'),
(1312, 215, '2025-06-30 11:18:01', 'Rajut 3', 'B6', 'J254122-1 17X13.5', 'L. PINK BLACK (KIRI)', 2.83, '', 'gudang'),
(1313, 215, '2025-06-30 11:18:01', 'Rajut 3', 'C6', 'J254122-1 18.5X14.5', 'L. PINK BLACK (KIRI)', 3.67, '', 'gudang'),
(1314, 215, '2025-06-30 11:18:01', 'Rajut 3', 'D6', 'J254122-1 20X15.5', 'L. PINK BLACK (KIRI)', 3.33, '', 'gudang'),
(1315, 215, '2025-06-30 11:18:01', 'Rajut 3', 'F7', 'J254142-1 15.5X12.5', 'GREEN L. PINK AY', 3.42, '', 'gudang'),
(1316, 215, '2025-06-30 11:18:01', 'Rajut 3', 'G7', 'J254142-1 17X13.5', 'GREEN L. PINK AY', 5.67, '', 'gudang'),
(1317, 215, '2025-06-30 11:18:01', 'Rajut 3', 'H7', 'J254142-1 18.5X14.5', 'GREEN L. PINK AY', 7.33, '', 'gudang'),
(1318, 215, '2025-06-30 11:18:01', 'Rajut 3', 'I7', 'J254142-1 20X15.5', 'GREEN L. PINK AY', 6.67, '', 'gudang'),
(1319, 215, '2025-06-30 11:18:01', 'Rajut 3', 'K8', 'J254242-1 15.5X12.5', 'OFFWHITE RW AY', 3.42, '', 'gudang'),
(1320, 215, '2025-06-30 11:18:01', 'Rajut 3', 'L8', 'J254242-1 17X13.5', 'OFFWHITE RW AY', 5.67, '', 'gudang'),
(1321, 215, '2025-06-30 11:18:01', 'Rajut 3', 'M8', 'J254242-1 18.5X14.5', 'OFFWHITE RW AY', 7.33, '', 'gudang'),
(1322, 215, '2025-06-30 11:18:01', 'Rajut 3', 'N8', 'J254242-1 20X15.5', 'OFFWHITE RW AY', 6.67, '', 'gudang'),
(1323, 215, '2025-06-30 11:18:01', 'Rajut 3', 'P9', 'J254252-1 15.5X12.5', 'GREEN L. GREEN', 3.42, '', 'gudang'),
(1324, 215, '2025-06-30 11:18:01', 'Rajut 3', 'Q9', 'J254252-1 17X13.5', 'GREEN L. GREEN', 5.67, '', 'gudang'),
(1325, 215, '2025-06-30 11:18:01', 'Rajut 3', 'R9', 'J254252-1 18.5X14.5', 'GREEN L. GREEN', 7.33, '', 'gudang'),
(1326, 215, '2025-06-30 11:18:01', 'Rajut 3', 'S9', 'J254252-1 20X15.5', 'GREEN L. GREEN', 6.67, '', 'gudang'),
(1327, 215, '2025-06-30 11:18:01', 'Rajut 3', 'U10', 'J256532-1 15.5X12.5', 'L. ORANGE WHITE', 3.42, '', 'gudang'),
(1328, 215, '2025-06-30 11:18:01', 'Rajut 3', 'V10', 'J256532-1 17X13.5', 'L. ORANGE WHITE', 5.67, '', 'gudang'),
(1329, 215, '2025-06-30 11:18:01', 'Rajut 3', 'W10', 'J256532-1 18.5X14.5', 'L. ORANGE WHITE', 7.33, '', 'gudang'),
(1330, 215, '2025-06-30 11:18:01', 'Rajut 3', 'X10', 'J256532-1 20X15.5', 'L. ORANGE WHITE', 6.67, '', 'gudang'),
(1331, 216, '2025-06-30 11:18:01', 'Rajut 3', 'A1', 'J253442-1 14.5X12', 'NAVY D. BROWN GREY', 107.25, '', 'gudang'),
(1332, 216, '2025-06-30 11:18:01', 'Rajut 3', 'B1', 'J253442-1 16.5X14', 'NAVY D. BROWN GREY', 163, '', 'gudang'),
(1333, 216, '2025-06-30 11:18:01', 'Rajut 3', 'C1', 'J253442-1 18.5X16', 'NAVY D. BROWN GREY', 198.75, '', 'gudang'),
(1334, 216, '2025-06-30 11:18:01', 'Rajut 3', 'E2', 'J253452-1 14.5X12', 'NAVY BROWN', 107.25, '', 'gudang'),
(1335, 216, '2025-06-30 11:18:01', 'Rajut 3', 'F2', 'J253452-1 16.5X14', 'NAVY BROWN', 163, '', 'gudang'),
(1336, 216, '2025-06-30 11:18:01', 'Rajut 3', 'G2', 'J253452-1 18.5X16', 'NAVY BROWN', 198.75, '', 'gudang'),
(1337, 216, '2025-06-30 11:18:01', 'Rajut 3', 'I3', 'J253462-1 14.5X12', 'D. BROWN NAVY GREY', 107.25, '', 'gudang'),
(1338, 216, '2025-06-30 11:18:01', 'Rajut 3', 'J3', 'J253462-1 16.5X14', 'D. BROWN NAVY GREY', 163, '', 'gudang'),
(1339, 216, '2025-06-30 11:18:01', 'Rajut 3', 'K3', 'J253462-1 18.5X16', 'D. BROWN NAVY GREY', 198.75, '', 'gudang'),
(1340, 216, '2025-06-30 11:18:01', 'Rajut 3', 'M4', 'J253472-1 14.5X12', 'BLACK L. GREYMEL ROYAL', 50.5, '', 'gudang'),
(1341, 216, '2025-06-30 11:18:01', 'Rajut 3', 'N4', 'J253472-1 16.5X14', 'BLACK L. GREYMEL ROYAL', 72.5, '', 'gudang'),
(1342, 216, '2025-06-30 11:18:01', 'Rajut 3', 'O4', 'J253472-1 18.5X16', 'BLACK L. GREYMEL ROYAL', 103.5, '', 'gudang'),
(1343, 216, '2025-06-30 11:18:01', 'Rajut 3', 'Q5', 'J253482-1 14.5X12', 'L. GREYMEL BLACK', 50.5, '', 'gudang'),
(1344, 216, '2025-06-30 11:18:01', 'Rajut 3', 'R5', 'J253482-1 16.5X14', 'L. GREYMEL BLACK', 72.5, '', 'gudang'),
(1345, 216, '2025-06-30 11:18:01', 'Rajut 3', 'S5', 'J253482-1 18.5X16', 'L. GREYMEL BLACK', 103.5, '', 'gudang'),
(1346, 216, '2025-06-30 11:18:01', 'Rajut 3', 'U6', 'J253492-1 14.5X12', 'GREYMEL ROYAL BLACK', 50.5, '', 'gudang'),
(1347, 216, '2025-06-30 11:18:01', 'Rajut 3', 'V6', 'J253492-1 16.5X14', 'GREYMEL ROYAL BLACK', 72.5, '', 'gudang'),
(1348, 216, '2025-06-30 11:18:01', 'Rajut 3', 'W6', 'J253492-1 18.5X16', 'GREYMEL ROYAL BLACK', 103.5, '', 'gudang'),
(1349, 216, '2025-06-30 11:18:01', 'Rajut 3', 'A7', 'J253502-1 14.5X12', 'BROWN L GREEN D. BLUE', 55.5, '', 'gudang'),
(1350, 216, '2025-06-30 11:18:01', 'Rajut 3', 'B7', 'J253502-1 16.5X14', 'BROWN L GREEN D. BLUE', 88.75, '', 'gudang'),
(1351, 216, '2025-06-30 11:18:01', 'Rajut 3', 'C7', 'J253502-1 18.5X16', 'BROWN L GREEN D. BLUE', 100, '', 'gudang'),
(1352, 216, '2025-06-30 11:18:01', 'Rajut 3', 'E8', 'J253522-1 14.5X12', 'D. BLUE L. GREYMEL GREEN', 55.5, '', 'gudang'),
(1353, 216, '2025-06-30 11:18:01', 'Rajut 3', 'F8', 'J253522-1 16.5X14', 'D. BLUE L. GREYMEL GREEN', 88.75, '', 'gudang'),
(1354, 216, '2025-06-30 11:18:01', 'Rajut 3', 'G8', 'J253522-1 18.5X16', 'D. BLUE L. GREYMEL GREEN', 100, '', 'gudang'),
(1355, 216, '2025-06-30 11:18:01', 'Rajut 3', 'I9', 'J253532-1 14.5X12', 'D. BLUE L GREEN L GREY BROWN', 55.5, '', 'gudang'),
(1356, 216, '2025-06-30 11:18:01', 'Rajut 3', 'J9', 'J253532-1 16.5X14', 'D. BLUE L GREEN L GREY BROWN', 88.75, '', 'gudang'),
(1357, 216, '2025-06-30 11:18:01', 'Rajut 3', 'K9', 'J253532-1 18.5X16', 'D. BLUE L GREEN L GREY BROWN', 100, '', 'gudang'),
(1358, 216, '2025-06-30 11:18:01', 'Rajut 3', 'M10', 'J253542-1 14.5X12', 'D. GREEN GREYMEL', 33, '', 'gudang'),
(1359, 216, '2025-06-30 11:18:01', 'Rajut 3', 'N10', 'J253542-1 16.5X14', 'D. GREEN GREYMEL', 58, '', 'gudang'),
(1360, 216, '2025-06-30 11:18:01', 'Rajut 3', 'O10', 'J253542-1 18.5X16', 'D. GREEN GREYMEL', 80.75, '', 'gudang'),
(1361, 216, '2025-06-30 11:18:01', 'Rajut 3', 'M11', 'J253542-2 14.5X12', 'GREYMEL D. GREYMEL', 33, '', 'gudang'),
(1362, 216, '2025-06-30 11:18:01', 'Rajut 3', 'N11', 'J253542-2 16.5X14', 'GREYMEL D. GREYMEL', 58, '', 'gudang'),
(1363, 216, '2025-06-30 11:18:01', 'Rajut 3', 'O11', 'J253542-2 18.5X16', 'GREYMEL D. GREYMEL', 80.75, '', 'gudang'),
(1364, 216, '2025-06-30 11:18:01', 'Rajut 3', 'M12', 'J253542-3 14.5X12', 'D. GREYMEL D. GREEN', 33, '', 'gudang'),
(1365, 216, '2025-06-30 11:18:01', 'Rajut 3', 'N12', 'J253542-3 16.5X14', 'D. GREYMEL D. GREEN', 58, '', 'gudang'),
(1366, 216, '2025-06-30 11:18:01', 'Rajut 3', 'O12', 'J253542-3 18.5X16', 'D. GREYMEL D. GREEN', 80.75, '', 'gudang'),
(1367, 216, '2025-06-30 11:18:01', 'Rajut 3', 'M13', 'J253542-4 14.5X12', 'D. BLUE BLUE', 44, '', 'gudang'),
(1368, 216, '2025-06-30 11:18:01', 'Rajut 3', 'N13', 'J253542-4 16.5X14', 'D. BLUE BLUE', 74.25, '', 'gudang'),
(1369, 216, '2025-06-30 11:18:01', 'Rajut 3', 'O13', 'J253542-4 18.5X16', 'D. BLUE BLUE', 110, '', 'gudang'),
(1370, 216, '2025-06-30 11:18:01', 'Rajut 3', 'M14', 'J253542-5 14.5X12', 'BLUE D. BLUE', 44, '', 'gudang'),
(1371, 216, '2025-06-30 11:18:01', 'Rajut 3', 'N14', 'J253542-5 16.5X14', 'BLUE D. BLUE', 74.25, '', 'gudang'),
(1372, 216, '2025-06-30 11:18:01', 'Rajut 3', 'O14', 'J253542-5 18.5X16', 'BLUE D. BLUE', 110, '', 'gudang'),
(1373, 216, '2025-06-30 11:18:01', 'Rajut 3', 'M15', 'J253542-6 14.5X12', 'L. BEIGE D. BLUE', 44, '', 'gudang'),
(1374, 216, '2025-06-30 11:18:01', 'Rajut 3', 'N15', 'J253542-6 16.5X14', 'L. BEIGE D. BLUE', 74.25, '', 'gudang'),
(1375, 216, '2025-06-30 11:18:01', 'Rajut 3', 'O15', 'J253542-6 18.5X16', 'L. BEIGE D. BLUE', 110, '', 'gudang'),
(1376, 216, '2025-06-30 11:18:01', 'Rajut 3', 'Q16', 'J253552-1 14.5X12', 'L. GREYMEL YELLOW BLACK', 22.25, '', 'gudang'),
(1377, 216, '2025-06-30 11:18:01', 'Rajut 3', 'R16', 'J253552-1 16.5X14', 'L. GREYMEL YELLOW BLACK', 35, '', 'gudang'),
(1378, 216, '2025-06-30 11:18:01', 'Rajut 3', 'S16', 'J253552-1 18.5X16', 'L. GREYMEL YELLOW BLACK', 56.25, '', 'gudang'),
(1379, 216, '2025-06-30 11:18:01', 'Rajut 3', 'U17', 'J253562-1 14.5X12', 'L. GREYMEL NAVY YELLOW', 22.25, '', 'gudang'),
(1380, 216, '2025-06-30 11:18:01', 'Rajut 3', 'V17', 'J253562-1 16.5X14', 'L. GREYMEL NAVY YELLOW', 35, '', 'gudang'),
(1381, 216, '2025-06-30 11:18:01', 'Rajut 3', 'W17', 'J253562-1 18.5X16', 'L. GREYMEL NAVY YELLOW', 56.25, '', 'gudang'),
(1382, 216, '2025-06-30 11:18:01', 'Rajut 3', 'A18', 'J253572-1 14.5X12', 'NAVY YELLOW L GREY', 22.25, '', 'gudang'),
(1383, 216, '2025-06-30 11:18:01', 'Rajut 3', 'B18', 'J253572-1 16.5X14', 'NAVY YELLOW L GREY', 35, '', 'gudang'),
(1384, 216, '2025-06-30 11:18:01', 'Rajut 3', 'C18', 'J253572-1 18.5X16', 'NAVY YELLOW L GREY', 56.25, '', 'gudang'),
(1385, 217, '2025-06-30 11:18:01', 'Rajut 3', 'A1', 'J254502-1 15X13.5', 'WHISPER WHITE PIROUTTE', 114.92, '', 'gudang'),
(1386, 217, '2025-06-30 11:18:01', 'Rajut 3', 'B1', 'J254502-1 17X14.5', 'WHISPER WHITE PIROUTTE', 123, '', 'gudang'),
(1387, 217, '2025-06-30 11:18:01', 'Rajut 3', 'C1', 'J254502-1 19X15.5', 'WHISPER WHITE PIROUTTE', 142.67, '', 'gudang'),
(1388, 217, '2025-06-30 11:18:01', 'Rajut 3', 'D1', 'J254502-1 21X16.5', 'WHISPER WHITE PIROUTTE', 36.75, '', 'gudang'),
(1389, 217, '2025-06-30 11:18:01', 'Rajut 3', 'E2', 'J254522-1 15X13.5', 'PIROUTTE L PINK', 114.92, '', 'gudang'),
(1390, 217, '2025-06-30 11:18:01', 'Rajut 3', 'F2', 'J254522-1 17X14.5', 'PIROUTTE L PINK', 123, '', 'gudang'),
(1391, 217, '2025-06-30 11:18:01', 'Rajut 3', 'G2', 'J254522-1 19X15.5', 'PIROUTTE L PINK', 142.67, '', 'gudang'),
(1392, 217, '2025-06-30 11:18:01', 'Rajut 3', 'H2', 'J254522-1 21X16.5', 'PIROUTTE L PINK', 36.75, '', 'gudang'),
(1393, 217, '2025-06-30 11:18:01', 'Rajut 3', 'I3', 'J254532-1 15X13.5', 'L BLUE MELANGE BLUE', 114.92, '', 'gudang'),
(1394, 217, '2025-06-30 11:18:01', 'Rajut 3', 'J3', 'J254532-1 17X14.5', 'L BLUE MELANGE BLUE', 123, '', 'gudang'),
(1395, 217, '2025-06-30 11:18:01', 'Rajut 3', 'K3', 'J254532-1 19X15.5', 'L BLUE MELANGE BLUE', 142.67, '', 'gudang'),
(1396, 217, '2025-06-30 11:18:01', 'Rajut 3', 'L3', 'J254532-1 21X16.5', 'L BLUE MELANGE BLUE', 36.75, '', 'gudang'),
(1397, 217, '2025-06-30 11:18:01', 'Rajut 3', 'M4', 'J254542-1 15X13.5', 'OATMEAL MELANGE BLACK', 114.92, '', 'gudang'),
(1398, 217, '2025-06-30 11:18:01', 'Rajut 3', 'N4', 'J254542-1 17X14.5', 'OATMEAL MELANGE BLACK', 123, '', 'gudang'),
(1399, 217, '2025-06-30 11:18:01', 'Rajut 3', 'O4', 'J254542-1 19X15.5', 'OATMEAL MELANGE BLACK', 142.67, '', 'gudang'),
(1400, 217, '2025-06-30 11:18:01', 'Rajut 3', 'P4', 'J254542-1 21X16.5', 'OATMEAL MELANGE BLACK', 36.75, '', 'gudang'),
(1401, 217, '2025-06-30 11:18:01', 'Rajut 3', 'Q5', 'J254552-1 15X13.5', 'PIROUTTE ORCHID', 114.92, '', 'gudang'),
(1402, 217, '2025-06-30 11:18:01', 'Rajut 3', 'R5', 'J254552-1 17X14.5', 'PIROUTTE ORCHID', 123, '', 'gudang'),
(1403, 217, '2025-06-30 11:18:01', 'Rajut 3', 'S5', 'J254552-1 19X15.5', 'PIROUTTE ORCHID', 142.67, '', 'gudang'),
(1404, 217, '2025-06-30 11:18:01', 'Rajut 3', 'T5', 'J254552-1 21X16.5', 'PIROUTTE ORCHID', 36.75, '', 'gudang'),
(1405, 218, '2025-06-30 11:18:01', 'Rajut 3', 'A1', 'J257792-1 15X13.5', 'LILAC D. PINK', 266.67, '', 'gudang'),
(1406, 218, '2025-06-30 11:18:01', 'Rajut 3', 'B1', 'J257792-1 17X14.5', 'LILAC D. PINK', 361.83, '', 'gudang'),
(1407, 218, '2025-06-30 11:18:01', 'Rajut 3', 'C1', 'J257792-1 19X15.5', 'LILAC D. PINK', 174.83, '', 'gudang'),
(1408, 218, '2025-06-30 11:18:01', 'Rajut 3', 'D2', 'J257802-1 15X13.5', 'PURPLE D. BROWN', 266.67, '', 'gudang'),
(1409, 218, '2025-06-30 11:18:01', 'Rajut 3', 'E2', 'J257802-1 17X14.5', 'PURPLE D. BROWN', 361.83, '', 'gudang'),
(1410, 218, '2025-06-30 11:18:01', 'Rajut 3', 'F2', 'J257802-1 19X15.5', 'PURPLE D. BROWN', 174.83, '', 'gudang'),
(1411, 218, '2025-06-30 11:18:01', 'Rajut 3', 'G3', 'J257822-1 15X13.5', 'WHISPER WHITE BEIGE', 266.67, '', 'gudang'),
(1412, 218, '2025-06-30 11:18:01', 'Rajut 3', 'H3', 'J257822-1 17X14.5', 'WHISPER WHITE BEIGE', 361.83, '', 'gudang'),
(1413, 218, '2025-06-30 11:18:01', 'Rajut 3', 'I3', 'J257822-1 19X15.5', 'WHISPER WHITE BEIGE', 174.83, '', 'gudang'),
(1414, 218, '2025-06-30 11:18:01', 'Rajut 3', 'J4', 'J257832-1 15X13.5', 'LILAC WHITE', 266.67, '', 'gudang'),
(1415, 218, '2025-06-30 11:18:01', 'Rajut 3', 'K4', 'J257832-1 17X14.5', 'LILAC WHITE', 361.83, '', 'gudang'),
(1416, 218, '2025-06-30 11:18:01', 'Rajut 3', 'L4', 'J257832-1 19X15.5', 'LILAC WHITE', 174.83, '', 'gudang'),
(1417, 218, '2025-06-30 11:18:01', 'Rajut 3', 'M5', 'J257842-1 15X13.5', 'BLACK IRIS L. BLUE', 266.67, '', 'gudang'),
(1418, 218, '2025-06-30 11:18:01', 'Rajut 3', 'N5', 'J257842-1 17X14.5', 'BLACK IRIS L. BLUE', 361.83, '', 'gudang'),
(1419, 218, '2025-06-30 11:18:01', 'Rajut 3', 'O5', 'J257842-1 19X15.5', 'BLACK IRIS L. BLUE', 174.83, '', 'gudang'),
(1420, 219, '2025-06-30 11:18:01', 'Rajut 3', 'A1', 'J257862-1 19X15.5', 'GREEN BLACK (KANAN)', 26.38, '', 'gudang'),
(1421, 219, '2025-06-30 11:18:01', 'Rajut 3', 'B1', 'J257862-1 21X16.5', 'GREEN BLACK (KANAN)', 67.13, '', 'gudang'),
(1422, 219, '2025-06-30 11:18:01', 'Rajut 3', 'E2', 'J258292-1 19X15.5', 'GREEN BLACK (KIRI)', 26.38, '', 'gudang'),
(1423, 219, '2025-06-30 11:18:01', 'Rajut 3', 'F2', 'J258292-1 21X16.5', 'GREEN BLACK (KIRI)', 67.13, '', 'gudang'),
(1424, 219, '2025-06-30 11:18:01', 'Rajut 3', 'I3', 'J257872-1 19X15.5', 'BLUE NAVY', 52.75, '', 'gudang'),
(1425, 219, '2025-06-30 11:18:01', 'Rajut 3', 'J3', 'J257872-1 21X16.5', 'BLUE NAVY', 134.25, '', 'gudang'),
(1426, 219, '2025-06-30 11:18:01', 'Rajut 3', 'M4', 'J257882-1 19X15.5', 'SKY WAY SNOW WHITE (KANAN)', 26.38, '', 'gudang'),
(1427, 219, '2025-06-30 11:18:01', 'Rajut 3', 'N4', 'J257882-1 21X16.5', 'SKY WAY SNOW WHITE (KANAN)', 67.13, '', 'gudang'),
(1428, 219, '2025-06-30 11:18:01', 'Rajut 3', 'Q5', 'J257892-1 19X15.5', 'SKY WAY SNOW WHITE (KIRI)', 26.38, '', 'gudang'),
(1429, 219, '2025-06-30 11:18:01', 'Rajut 3', 'R5', 'J257892-1 21X16.5', 'SKY WAY SNOW WHITE (KIRI)', 67.13, '', 'gudang'),
(1430, 219, '2025-06-30 11:18:01', 'Rajut 3', 'U6', 'J257902-1 19X15.5', 'LIGHT TAUPE PINK', 52.75, '', 'gudang'),
(1431, 219, '2025-06-30 11:18:01', 'Rajut 3', 'V6', 'J257902-1 21X16.5', 'LIGHT TAUPE PINK', 134.25, '', 'gudang'),
(1432, 219, '2025-06-30 11:18:01', 'Rajut 3', 'A7', 'J257922-1 19X15.5', 'SNOW WHITE PINK (KANAN)', 26.38, '', 'gudang'),
(1433, 219, '2025-06-30 11:18:01', 'Rajut 3', 'B7', 'J257922-1 21X16.5', 'SNOW WHITE PINK (KANAN)', 67.13, '', 'gudang'),
(1434, 219, '2025-06-30 11:18:01', 'Rajut 3', 'E8', 'J257932-1 19X15.5', 'SNOW WHITE PINK (KIRI)', 26.38, '', 'gudang'),
(1435, 219, '2025-06-30 11:18:01', 'Rajut 3', 'F8', 'J257932-1 21X16.5', 'SNOW WHITE PINK (KIRI)', 67.13, '', 'gudang'),
(1436, 220, '2025-06-30 11:18:01', 'Rajut 3', 'A1', 'J257622-1 19X15.5', 'ANGEL FALLS RW', 217, '', 'gudang'),
(1437, 220, '2025-06-30 11:18:01', 'Rajut 3', 'B1', 'J257622-1 21X16.5', 'ANGEL FALLS RW', 534.58, '', 'gudang'),
(1438, 220, '2025-06-30 11:18:01', 'Rajut 3', 'D2', 'J257632-1 19X15.5', 'ALLURE NAVY', 217, '', 'gudang'),
(1439, 220, '2025-06-30 11:18:01', 'Rajut 3', 'E2', 'J257632-1 21X16.5', 'ALLURE NAVY', 534.58, '', 'gudang'),
(1440, 220, '2025-06-30 11:18:01', 'Rajut 3', 'G3', 'J257642-1 19X15.5', 'NAVY RW', 217, '', 'gudang'),
(1441, 220, '2025-06-30 11:18:01', 'Rajut 3', 'H3', 'J257642-1 21X16.5', 'NAVY RW', 534.58, '', 'gudang'),
(1442, 220, '2025-06-30 11:18:01', 'Rajut 3', 'G4', 'J257642-2 19X15.5', 'PEACH D. GREY', 217, '', 'gudang'),
(1443, 220, '2025-06-30 11:18:01', 'Rajut 3', 'H4', 'J257642-2 21X16.5', 'PEACH D. GREY', 534.58, '', 'gudang'),
(1444, 220, '2025-06-30 11:18:01', 'Rajut 3', 'J5', 'J257652-1 19X15.5', 'WHITE BEIGEXLUREX GOLD', 217, '', 'gudang'),
(1445, 220, '2025-06-30 11:18:01', 'Rajut 3', 'K5', 'J257652-1 21X16.5', 'WHITE BEIGEXLUREX GOLD', 534.58, '', 'gudang'),
(1446, 220, '2025-06-30 11:18:01', 'Rajut 3', 'M6', 'J257662-1 19X15.5', 'BLUSHING ROSE RW', 217, '', 'gudang'),
(1447, 220, '2025-06-30 11:18:01', 'Rajut 3', 'N6', 'J257662-1 21X16.5', 'BLUSHING ROSE RW', 534.58, '', 'gudang'),
(1448, 220, '2025-06-30 11:18:01', 'Rajut 3', 'P7', 'J257672-1 19X15.5', 'ANEMONE L. PINK', 217, '', 'gudang'),
(1449, 220, '2025-06-30 11:18:01', 'Rajut 3', 'Q7', 'J257672-1 21X16.5', 'ANEMONE L. PINK', 534.58, '', 'gudang'),
(1450, 221, '2025-06-30 11:18:01', 'Rajut 3', 'A1', 'J256582-1 14X50', 'BROWN MELANGE D. BEIGE', 12, '', 'gudang'),
(1451, 221, '2025-06-30 11:18:01', 'Rajut 3', 'F2', 'J256592-1 14X50', 'OATMEAL MELANGE D. PINK', 12, '', 'gudang'),
(1452, 222, '2025-06-30 11:18:01', 'Rajut 3', 'A1', 'J228392-3 14X50', 'OATMEAL MELANGE RW', 141.92, '', 'gudang'),
(1453, 222, '2025-06-30 11:18:01', 'Rajut 3', 'F2', 'J228392-4 14X50', 'BROWN MELANGE BEIGE', 141.92, '', 'gudang'),
(1454, 223, '2025-06-30 11:18:01', 'Rajut 3', 'A1', 'J255182-1 15X13.5', 'PASTEL LILAC D GREY (KANAN)', 39.29, '', 'gudang'),
(1455, 223, '2025-06-30 11:18:01', 'Rajut 3', 'B1', 'J255182-1 17X14.5', 'PASTEL LILAC D GREY (KANAN)', 83, '', 'gudang'),
(1456, 223, '2025-06-30 11:18:01', 'Rajut 3', 'C1', 'J255182-1 19X15.5', 'PASTEL LILAC D GREY (KANAN)', 168.79, '', 'gudang'),
(1457, 223, '2025-06-30 11:18:01', 'Rajut 3', 'D1', 'J255182-1 21X16.5', 'PASTEL LILAC D GREY (KANAN)', 189.63, '', 'gudang'),
(1458, 223, '2025-06-30 11:18:01', 'Rajut 3', 'G2', 'J255192-1 15X13.5', 'PASTEL LILAC D GREY (KIRI)', 39.29, '', 'gudang'),
(1459, 223, '2025-06-30 11:18:01', 'Rajut 3', 'H2', 'J255192-1 17X14.5', 'PASTEL LILAC D GREY (KIRI)', 83, '', 'gudang'),
(1460, 223, '2025-06-30 11:18:01', 'Rajut 3', 'I2', 'J255192-1 19X15.5', 'PASTEL LILAC D GREY (KIRI)', 168.79, '', 'gudang'),
(1461, 223, '2025-06-30 11:18:01', 'Rajut 3', 'J2', 'J255192-1 21X16.5', 'PASTEL LILAC D GREY (KIRI)', 189.63, '', 'gudang'),
(1462, 223, '2025-06-30 11:18:01', 'Rajut 3', 'M3', 'J255202-1 15X13.5', 'OPEN AIR BLACK', 78.58, '', 'gudang'),
(1463, 223, '2025-06-30 11:18:01', 'Rajut 3', 'N3', 'J255202-1 17X14.5', 'OPEN AIR BLACK', 166, '', 'gudang'),
(1464, 223, '2025-06-30 11:18:01', 'Rajut 3', 'O3', 'J255202-1 19X15.5', 'OPEN AIR BLACK', 337.58, '', 'gudang'),
(1465, 223, '2025-06-30 11:18:01', 'Rajut 3', 'P3', 'J255202-1 21X16.5', 'OPEN AIR BLACK', 379.25, '', 'gudang'),
(1466, 223, '2025-06-30 11:18:01', 'Rajut 3', 'S4', 'J255242-1 15X13.5', 'PASTEL LILAC NAVY', 78.58, '', 'gudang'),
(1467, 223, '2025-06-30 11:18:01', 'Rajut 3', 'T4', 'J255242-1 17X14.5', 'PASTEL LILAC NAVY', 166, '', 'gudang'),
(1468, 223, '2025-06-30 11:18:01', 'Rajut 3', 'U4', 'J255242-1 19X15.5', 'PASTEL LILAC NAVY', 337.58, '', 'gudang'),
(1469, 223, '2025-06-30 11:18:01', 'Rajut 3', 'V4', 'J255242-1 21X16.5', 'PASTEL LILAC NAVY', 379.25, '', 'gudang'),
(1470, 223, '2025-06-30 11:18:01', 'Rajut 3', 'A5', 'J255232-1 15X13.5', 'BLACK IRIS OPEN AIR', 78.58, '', 'gudang'),
(1471, 223, '2025-06-30 11:18:01', 'Rajut 3', 'B5', 'J255232-1 17X14.5', 'BLACK IRIS OPEN AIR', 166, '', 'gudang'),
(1472, 223, '2025-06-30 11:18:01', 'Rajut 3', 'C5', 'J255232-1 19X15.5', 'BLACK IRIS OPEN AIR', 337.58, '', 'gudang'),
(1473, 223, '2025-06-30 11:18:01', 'Rajut 3', 'D5', 'J255232-1 21X16.5', 'BLACK IRIS OPEN AIR', 379.25, '', 'gudang'),
(1474, 223, '2025-06-30 11:18:01', 'Rajut 3', 'G6', 'J255222-1 15X13.5', 'L BLUE MELANGE RW', 78.58, '', 'gudang'),
(1475, 223, '2025-06-30 11:18:01', 'Rajut 3', 'H6', 'J255222-1 17X14.5', 'L BLUE MELANGE RW', 166, '', 'gudang'),
(1476, 223, '2025-06-30 11:18:01', 'Rajut 3', 'I6', 'J255222-1 19X15.5', 'L BLUE MELANGE RW', 337.58, '', 'gudang'),
(1477, 223, '2025-06-30 11:18:01', 'Rajut 3', 'J6', 'J255222-1 21X16.5', 'L BLUE MELANGE RW', 379.25, '', 'gudang'),
(1478, 224, '2025-06-30 11:18:01', 'Rajut 3', 'A1', 'J257502-1 15X13.5', 'ALLURE RW', 47.42, '', 'gudang'),
(1479, 224, '2025-06-30 11:18:01', 'Rajut 3', 'B1', 'J257502-1 17X14.5', 'ALLURE RW', 111.83, '', 'gudang'),
(1480, 224, '2025-06-30 11:18:01', 'Rajut 3', 'C1', 'J257502-1 19X15.5', 'ALLURE RW', 180.92, '', 'gudang'),
(1481, 224, '2025-06-30 11:18:01', 'Rajut 3', 'D1', 'J257502-1 21X16.5', 'ALLURE RW', 282.5, '', 'gudang'),
(1482, 224, '2025-06-30 11:18:01', 'Rajut 3', 'G2', 'J257522-1 15X13.5', 'BLUSHING BRIDE PURPLE', 47.42, '', 'gudang'),
(1483, 224, '2025-06-30 11:18:01', 'Rajut 3', 'H2', 'J257522-1 17X14.5', 'BLUSHING BRIDE PURPLE', 111.83, '', 'gudang'),
(1484, 224, '2025-06-30 11:18:01', 'Rajut 3', 'I2', 'J257522-1 19X15.5', 'BLUSHING BRIDE PURPLE', 180.92, '', 'gudang'),
(1485, 224, '2025-06-30 11:18:01', 'Rajut 3', 'J2', 'J257522-1 21X16.5', 'BLUSHING BRIDE PURPLE', 282.5, '', 'gudang'),
(1486, 224, '2025-06-30 11:18:01', 'Rajut 3', 'M3', 'J257532-1 15X13.5', 'BLACK IRIS RW', 47.42, '', 'gudang'),
(1487, 224, '2025-06-30 11:18:01', 'Rajut 3', 'N3', 'J257532-1 17X14.5', 'BLACK IRIS RW', 111.83, '', 'gudang'),
(1488, 224, '2025-06-30 11:18:01', 'Rajut 3', 'O3', 'J257532-1 19X15.5', 'BLACK IRIS RW', 180.92, '', 'gudang'),
(1489, 224, '2025-06-30 11:18:01', 'Rajut 3', 'P3', 'J257532-1 21X16.5', 'BLACK IRIS RW', 282.5, '', 'gudang'),
(1490, 224, '2025-06-30 11:18:01', 'Rajut 3', 'S4', 'J257542-1 15X13.5', 'GREEN PINK', 47.42, '', 'gudang'),
(1491, 224, '2025-06-30 11:18:01', 'Rajut 3', 'T4', 'J257542-1 17X14.5', 'GREEN PINK', 111.83, '', 'gudang'),
(1492, 224, '2025-06-30 11:18:01', 'Rajut 3', 'U4', 'J257542-1 19X15.5', 'GREEN PINK', 180.92, '', 'gudang'),
(1493, 224, '2025-06-30 11:18:01', 'Rajut 3', 'V4', 'J257542-1 21X16.5', 'GREEN PINK', 282.5, '', 'gudang'),
(1494, 224, '2025-06-30 11:18:01', 'Rajut 3', 'A5', 'J257552-1 15X13.5', 'PURPLE PINK', 47.42, '', 'gudang'),
(1495, 224, '2025-06-30 11:18:01', 'Rajut 3', 'B5', 'J257552-1 17X14.5', 'PURPLE PINK', 111.83, '', 'gudang'),
(1496, 224, '2025-06-30 11:18:01', 'Rajut 3', 'C5', 'J257552-1 19X15.5', 'PURPLE PINK', 180.92, '', 'gudang'),
(1497, 224, '2025-06-30 11:18:01', 'Rajut 3', 'D5', 'J257552-1 21X16.5', 'PURPLE PINK', 282.5, '', 'gudang'),
(1498, 225, '2025-06-30 11:18:01', 'Rajut 3', 'A1', 'J241982-3 15X11.5', 'PINK L. PINK AY', 650.67, '', 'gudang'),
(1499, 225, '2025-06-30 11:18:01', 'Rajut 3', 'B1', 'J241982-3 18X14.5', 'PINK L. PINK AY', 592.17, '', 'gudang'),
(1500, 225, '2025-06-30 11:18:01', 'Rajut 3', 'A2', 'J241982-4 15X11.5', 'PURPLE PURPLE', 650.67, '', 'gudang'),
(1501, 225, '2025-06-30 11:18:01', 'Rajut 3', 'B2', 'J241982-4 18X14.5', 'PURPLE PURPLE', 592.17, '', 'gudang'),
(1502, 225, '2025-06-30 11:18:01', 'Rajut 3', 'D3', 'J246892-1 15X11.5', 'PURPLE BEIGE (KANAN)', 325.33, '', 'gudang'),
(1503, 225, '2025-06-30 11:18:01', 'Rajut 3', 'E3', 'J246892-1 18X14.5', 'PURPLE BEIGE (KANAN)', 296.08, '', 'gudang'),
(1504, 225, '2025-06-30 11:18:01', 'Rajut 3', 'G4', 'J246902-1 15X11.5', 'PURPLE BEIGE (KIRI)', 325.33, '', 'gudang'),
(1505, 225, '2025-06-30 11:18:01', 'Rajut 3', 'H4', 'J246902-1 18X14.5', 'PURPLE BEIGE (KIRI)', 296.08, '', 'gudang'),
(1506, 225, '2025-06-30 11:18:01', 'Rajut 3', 'J5', 'J246922-1 15X11.5', 'PINK OFF WHITE (KANAN)', 325.33, '', 'gudang'),
(1507, 225, '2025-06-30 11:18:01', 'Rajut 3', 'K5', 'J246922-1 18X14.5', 'PINK OFF WHITE (KANAN)', 296.08, '', 'gudang'),
(1508, 225, '2025-06-30 11:18:01', 'Rajut 3', 'M6', 'J246932-1 15X11.5', 'PINK OFF WHITE (KIRI)', 325.33, '', 'gudang'),
(1509, 225, '2025-06-30 11:18:01', 'Rajut 3', 'N6', 'J246932-1 18X14.5', 'PINK OFF WHITE (KIRI)', 296.08, '', 'gudang'),
(1510, 225, '2025-06-30 11:18:01', 'Rajut 3', 'P7', 'J246942-1 15X11.5', 'YELLOW OFF WHITE', 650.67, '', 'gudang'),
(1511, 225, '2025-06-30 11:18:01', 'Rajut 3', 'Q7', 'J246942-1 18X14.5', 'YELLOW OFF WHITE', 592.17, '', 'gudang'),
(1512, 225, '2025-06-30 11:18:01', 'Rajut 3', 'S8', 'J246952-1 15X11.5', 'PURPLE PINK', 650.67, '', 'gudang'),
(1513, 225, '2025-06-30 11:18:01', 'Rajut 3', 'T8', 'J246952-1 18X14.5', 'PURPLE PINK', 592.17, '', 'gudang'),
(1514, 225, '2025-06-30 11:18:01', 'Rajut 3', 'S9', 'J246952-2 15X11.5', 'GREEN OFF WHITE', 650.67, '', 'gudang'),
(1515, 225, '2025-06-30 11:18:01', 'Rajut 3', 'T9', 'J246952-2 18X14.5', 'GREEN OFF WHITE', 592.17, '', 'gudang'),
(1516, 226, '2025-06-30 11:18:01', 'Rajut 3', 'A1', 'J246562-1 17X6.5', 'NEW WHITE RW AY', 590.83, '', 'gudang'),
(1517, 226, '2025-06-30 11:18:01', 'Rajut 3', 'B1', 'J246562-1 18.5X7', 'NEW WHITE RW AY', 1525.83, '', 'gudang'),
(1518, 226, '2025-06-30 11:18:01', 'Rajut 3', 'C1', 'J246562-1 20X7', 'NEW WHITE RW AY', 624.17, '', 'gudang'),
(1519, 227, '2025-06-30 11:18:01', 'Rajut 3', 'A1', 'J246562-1 15.5X6.5', 'NEW WHITE RW AY', 190.67, '', 'gudang'),
(1520, 227, '2025-06-30 11:18:01', 'Rajut 3', 'B1', 'J246562-1 17X6.5', 'NEW WHITE RW AY', 49.17, '', 'gudang'),
(1521, 227, '2025-06-30 11:18:01', 'Rajut 3', 'C1', 'J246562-1 20X7', 'NEW WHITE RW AY', 62.33, '', 'gudang'),
(1522, 227, '2025-06-30 11:18:01', 'Rajut 3', 'A2', 'J246562-2 15.5X6.5', 'L. GREY RW AY', 286, '', 'gudang'),
(1523, 227, '2025-06-30 11:18:01', 'Rajut 3', 'B2', 'J246562-2 17X6.5', 'L. GREY RW AY', 73.75, '', 'gudang'),
(1524, 227, '2025-06-30 11:18:01', 'Rajut 3', 'C2', 'J246562-2 20X7', 'L. GREY RW AY', 93.5, '', 'gudang'),
(1525, 227, '2025-06-30 11:18:01', 'Rajut 3', 'G3', 'J246572-1 15.5X6.5', 'GREY RW', 190.67, '', 'gudang'),
(1526, 227, '2025-06-30 11:18:01', 'Rajut 3', 'H3', 'J246572-1 17X6.5', 'GREY RW', 49.17, '', 'gudang'),
(1527, 227, '2025-06-30 11:18:01', 'Rajut 3', 'I3', 'J246572-1 20X7', 'GREY RW', 62.33, '', 'gudang'),
(1528, 227, '2025-06-30 11:18:01', 'Rajut 3', 'G4', 'J246572-2 15.5X6.5', 'NEW BLACK BLACK', 286, '', 'gudang'),
(1529, 227, '2025-06-30 11:18:01', 'Rajut 3', 'H4', 'J246572-2 17X6.5', 'NEW BLACK BLACK', 73.75, '', 'gudang'),
(1530, 227, '2025-06-30 11:18:01', 'Rajut 3', 'I4', 'J246572-2 20X7', 'NEW BLACK BLACK', 93.5, '', 'gudang'),
(1531, 228, '2025-06-30 11:18:01', 'Rajut 3', 'A1', 'J254062-1 15.5X12.5', 'OFFWHITE GREY (KANAN)', 0.54, '', 'gudang'),
(1532, 228, '2025-06-30 11:18:01', 'Rajut 3', 'B1', 'J254062-1 17X13.5', 'OFFWHITE GREY (KANAN)', 1.21, '', 'gudang'),
(1533, 228, '2025-06-30 11:18:01', 'Rajut 3', 'C1', 'J254062-1 18.5X14.5', 'OFFWHITE GREY (KANAN)', 1.04, '', 'gudang'),
(1534, 228, '2025-06-30 11:18:01', 'Rajut 3', 'D1', 'J254062-1 20X15.5', 'OFFWHITE GREY (KANAN)', 0.67, '', 'gudang'),
(1535, 228, '2025-06-30 11:18:01', 'Rajut 3', 'F2', 'J254072-1 15.5X12.5', 'OFFWHITE GREY (KIRI)', 0.54, '', 'gudang'),
(1536, 228, '2025-06-30 11:18:01', 'Rajut 3', 'G2', 'J254072-1 17X13.5', 'OFFWHITE GREY (KIRI)', 1.21, '', 'gudang'),
(1537, 228, '2025-06-30 11:18:01', 'Rajut 3', 'H2', 'J254072-1 18.5X14.5', 'OFFWHITE GREY (KIRI)', 1.04, '', 'gudang'),
(1538, 228, '2025-06-30 11:18:01', 'Rajut 3', 'I2', 'J254072-1 20X15.5', 'OFFWHITE GREY (KIRI)', 0.67, '', 'gudang'),
(1539, 228, '2025-06-30 11:18:01', 'Rajut 3', 'K3', 'J254082-1 15.5X12.5', 'L. PINK WHITE AY (KANAN)', 0.54, '', 'gudang'),
(1540, 228, '2025-06-30 11:18:01', 'Rajut 3', 'L3', 'J254082-1 17X13.5', 'L. PINK WHITE AY (KANAN)', 1.21, '', 'gudang'),
(1541, 228, '2025-06-30 11:18:01', 'Rajut 3', 'M3', 'J254082-1 18.5X14.5', 'L. PINK WHITE AY (KANAN)', 1.04, '', 'gudang'),
(1542, 228, '2025-06-30 11:18:01', 'Rajut 3', 'N3', 'J254082-1 20X15.5', 'L. PINK WHITE AY (KANAN)', 0.67, '', 'gudang'),
(1543, 228, '2025-06-30 11:18:01', 'Rajut 3', 'P4', 'J254092-1 15.5X12.5', 'L. PINK WHITE AY (KIRI)', 0.54, '', 'gudang'),
(1544, 228, '2025-06-30 11:18:01', 'Rajut 3', 'Q4', 'J254092-1 17X13.5', 'L. PINK WHITE AY (KIRI)', 1.21, '', 'gudang'),
(1545, 228, '2025-06-30 11:18:02', 'Rajut 3', 'R4', 'J254092-1 18.5X14.5', 'L. PINK WHITE AY (KIRI)', 1.04, '', 'gudang'),
(1546, 228, '2025-06-30 11:18:02', 'Rajut 3', 'S4', 'J254092-1 20X15.5', 'L. PINK WHITE AY (KIRI)', 0.67, '', 'gudang'),
(1547, 228, '2025-06-30 11:18:02', 'Rajut 3', 'U5', 'J254102-1 15.5X12.5', 'L. PINK BLACK (KANAN)', 0.54, '', 'gudang'),
(1548, 228, '2025-06-30 11:18:02', 'Rajut 3', 'V5', 'J254102-1 17X13.5', 'L. PINK BLACK (KANAN)', 1.21, '', 'gudang'),
(1549, 228, '2025-06-30 11:18:02', 'Rajut 3', 'W5', 'J254102-1 18.5X14.5', 'L. PINK BLACK (KANAN)', 1.04, '', 'gudang'),
(1550, 228, '2025-06-30 11:18:02', 'Rajut 3', 'X5', 'J254102-1 20X15.5', 'L. PINK BLACK (KANAN)', 0.67, '', 'gudang'),
(1551, 228, '2025-06-30 11:18:02', 'Rajut 3', 'A6', 'J254122-1 15.5X12.5', 'L. PINK BLACK (KIRI)', 0.54, '', 'gudang'),
(1552, 228, '2025-06-30 11:18:02', 'Rajut 3', 'B6', 'J254122-1 17X13.5', 'L. PINK BLACK (KIRI)', 1.21, '', 'gudang'),
(1553, 228, '2025-06-30 11:18:02', 'Rajut 3', 'C6', 'J254122-1 18.5X14.5', 'L. PINK BLACK (KIRI)', 1.04, '', 'gudang'),
(1554, 228, '2025-06-30 11:18:02', 'Rajut 3', 'D6', 'J254122-1 20X15.5', 'L. PINK BLACK (KIRI)', 0.67, '', 'gudang'),
(1555, 228, '2025-06-30 11:18:02', 'Rajut 3', 'F7', 'J254142-1 15.5X12.5', 'GREEN L. PINK AY', 1.08, '', 'gudang'),
(1556, 228, '2025-06-30 11:18:02', 'Rajut 3', 'G7', 'J254142-1 17X13.5', 'GREEN L. PINK AY', 2.42, '', 'gudang'),
(1557, 228, '2025-06-30 11:18:02', 'Rajut 3', 'H7', 'J254142-1 18.5X14.5', 'GREEN L. PINK AY', 2.08, '', 'gudang'),
(1558, 228, '2025-06-30 11:18:02', 'Rajut 3', 'I7', 'J254142-1 20X15.5', 'GREEN L. PINK AY', 1.33, '', 'gudang'),
(1559, 228, '2025-06-30 11:18:02', 'Rajut 3', 'K8', 'J254242-1 15.5X12.5', 'OFFWHITE RW AY', 1.08, '', 'gudang'),
(1560, 228, '2025-06-30 11:18:02', 'Rajut 3', 'L8', 'J254242-1 17X13.5', 'OFFWHITE RW AY', 2.42, '', 'gudang'),
(1561, 228, '2025-06-30 11:18:02', 'Rajut 3', 'M8', 'J254242-1 18.5X14.5', 'OFFWHITE RW AY', 2.08, '', 'gudang'),
(1562, 228, '2025-06-30 11:18:02', 'Rajut 3', 'N8', 'J254242-1 20X15.5', 'OFFWHITE RW AY', 1.33, '', 'gudang'),
(1563, 228, '2025-06-30 11:18:02', 'Rajut 3', 'P9', 'J254252-1 15.5X12.5', 'GREEN L. GREEN', 1.08, '', 'gudang'),
(1564, 228, '2025-06-30 11:18:02', 'Rajut 3', 'Q9', 'J254252-1 17X13.5', 'GREEN L. GREEN', 2.42, '', 'gudang'),
(1565, 228, '2025-06-30 11:18:02', 'Rajut 3', 'R9', 'J254252-1 18.5X14.5', 'GREEN L. GREEN', 2.08, '', 'gudang'),
(1566, 228, '2025-06-30 11:18:02', 'Rajut 3', 'S9', 'J254252-1 20X15.5', 'GREEN L. GREEN', 1.33, '', 'gudang'),
(1567, 228, '2025-06-30 11:18:02', 'Rajut 3', 'U10', 'J256532-1 15.5X12.5', 'L. ORANGE WHITE', 1.08, '', 'gudang'),
(1568, 228, '2025-06-30 11:18:02', 'Rajut 3', 'V10', 'J256532-1 17X13.5', 'L. ORANGE WHITE', 2.42, '', 'gudang'),
(1569, 228, '2025-06-30 11:18:02', 'Rajut 3', 'W10', 'J256532-1 18.5X14.5', 'L. ORANGE WHITE', 2.08, '', 'gudang'),
(1570, 228, '2025-06-30 11:18:02', 'Rajut 3', 'X10', 'J256532-1 20X15.5', 'L. ORANGE WHITE', 1.33, '', 'gudang'),
(1571, 229, '2025-06-30 11:18:02', 'Rajut 3', 'A1', 'J135492-1 18X17', 'BLACK RW', 437.5, '', 'gudang'),
(1572, 229, '2025-06-30 11:18:02', 'Rajut 3', 'D2', 'J135492-2 18X17', 'NAVY RW', 262.5, '', 'gudang'),
(1573, 229, '2025-06-30 11:18:02', 'Rajut 3', 'G3', 'J135492-3 18X17', 'GREY MEL RW', 175, '', 'gudang'),
(1574, 230, '2025-06-30 11:18:02', 'Rajut 3', 'A1', 'J135472-1 18X7.5', 'WHITE BLACK', 285.83, '', 'gudang'),
(1575, 231, '2025-06-30 11:18:02', 'Rajut 3', 'A1', 'J201302-12 21X8', 'BRIGHT WHITE L GREY', 693.33, '', 'gudang'),
(1576, 231, '2025-06-30 11:18:02', 'Rajut 3', 'A2', 'J201302-15 21X8', 'EX L GREY MEL L GREY', 693.33, '', 'gudang'),
(1577, 231, '2025-06-30 11:18:02', 'Rajut 3', 'A3', 'J201302-16 21X8', 'L GREY MEL L GREY', 346.67, '', 'gudang'),
(1578, 231, '2025-06-30 11:18:02', 'Rajut 3', 'A4', 'J201302-18 21X8', 'L BLUE MEL L GREY', 346.67, '', 'gudang'),
(1579, 231, '2025-06-30 11:18:02', 'Rajut 3', 'A5', 'J201302-19 21X8', 'MARINA L GREY', 346.67, '', 'gudang'),
(1580, 231, '2025-06-30 11:18:02', 'Rajut 3', 'A6', 'J201302-20 21X8', 'SKY CAPTAIN L GREY', 346.67, '', 'gudang'),
(1581, 231, '2025-06-30 11:18:02', 'Rajut 3', 'A7', 'J201302-21 21X8', 'SAND MEL L GREY', 693.33, '', 'gudang'),
(1582, 232, '2025-06-30 11:18:02', 'Rajut 3', 'A1', 'J201302-12 21X8', 'BRIGHT WHITE L GREY', 8000, '', 'gudang'),
(1583, 233, '2025-06-30 11:18:02', 'Rajut 3', 'A1', 'J201302-16 21X8', 'L GREY MEL L GREY', 853.33, '', 'gudang'),
(1584, 233, '2025-06-30 11:18:02', 'Rajut 3', 'A2', 'J201302-17 21X8', 'SILVERGREY MEL L GREY', 853.33, '', 'gudang'),
(1585, 233, '2025-06-30 11:18:02', 'Rajut 3', 'A3', 'J201302-30 21X8', 'D. ROSA MEL L GREY', 853.33, '', 'gudang'),
(1586, 233, '2025-06-30 11:18:02', 'Rajut 3', 'A4', 'J201302-31 21X8', 'HEAVENLY PINK L GREY', 853.33, '', 'gudang'),
(1587, 233, '2025-06-30 11:18:02', 'Rajut 3', 'A5', 'J201302-32 21X8', 'GREYMEL GREY', 853.33, '', 'gudang'),
(1588, 234, '2025-06-30 11:18:02', 'Rajut 3', 'A1', 'J257682-1 15X13.5', 'GREEN NAVY', 206.83, '', 'gudang'),
(1589, 234, '2025-06-30 11:18:02', 'Rajut 3', 'B1', 'J257682-1 17X14.5', 'GREEN NAVY', 418.08, '', 'gudang'),
(1590, 234, '2025-06-30 11:18:02', 'Rajut 3', 'C1', 'J257682-1 19X15.5', 'GREEN NAVY', 390, '', 'gudang'),
(1591, 234, '2025-06-30 11:18:02', 'Rajut 3', 'D2', 'J257692-1 15X13.5', 'L GREY MELANGE NAVY', 206.83, '', 'gudang'),
(1592, 234, '2025-06-30 11:18:02', 'Rajut 3', 'E2', 'J257692-1 17X14.5', 'L GREY MELANGE NAVY', 418.08, '', 'gudang'),
(1593, 234, '2025-06-30 11:18:02', 'Rajut 3', 'F2', 'J257692-1 19X15.5', 'L GREY MELANGE NAVY', 390, '', 'gudang'),
(1594, 234, '2025-06-30 11:18:02', 'Rajut 3', 'G3', 'J257702-1 15X13.5', 'RED WHITE', 206.83, '', 'gudang'),
(1595, 234, '2025-06-30 11:18:02', 'Rajut 3', 'H3', 'J257702-1 17X14.5', 'RED WHITE', 418.08, '', 'gudang'),
(1596, 234, '2025-06-30 11:18:02', 'Rajut 3', 'I3', 'J257702-1 19X15.5', 'RED WHITE', 390, '', 'gudang'),
(1597, 234, '2025-06-30 11:18:02', 'Rajut 3', 'J4', 'J257722-1 15X13.5', 'NAVY GREY', 206.83, '', 'gudang'),
(1598, 234, '2025-06-30 11:18:02', 'Rajut 3', 'K4', 'J257722-1 17X14.5', 'NAVY GREY', 418.08, '', 'gudang'),
(1599, 234, '2025-06-30 11:18:02', 'Rajut 3', 'L4', 'J257722-1 19X15.5', 'NAVY GREY', 390, '', 'gudang'),
(1600, 234, '2025-06-30 11:18:02', 'Rajut 3', 'M5', 'J257732-1 15X13.5', 'L GREY MELANGE RED', 206.83, '', 'gudang'),
(1601, 234, '2025-06-30 11:18:02', 'Rajut 3', 'N5', 'J257732-1 17X14.5', 'L GREY MELANGE RED', 418.08, '', 'gudang'),
(1602, 234, '2025-06-30 11:18:02', 'Rajut 3', 'O5', 'J257732-1 19X15.5', 'L GREY MELANGE RED', 390, '', 'gudang'),
(1603, 235, '2025-06-30 11:18:02', 'Rajut 3', 'A1', 'J257562-1 19X15.5', 'L GREY MELANGE ROYAL', 22.67, '', 'gudang'),
(1604, 235, '2025-06-30 11:18:02', 'Rajut 3', 'B1', 'J257562-1 21X16.5', 'L GREY MELANGE ROYAL', 62.33, '', 'gudang'),
(1605, 235, '2025-06-30 11:18:02', 'Rajut 3', 'E2', 'J257572-1 19X15.5', 'L GREY MELANGE BLACK', 22.67, '', 'gudang'),
(1606, 235, '2025-06-30 11:18:02', 'Rajut 3', 'F2', 'J257572-1 21X16.5', 'L GREY MELANGE BLACK', 62.33, '', 'gudang'),
(1607, 235, '2025-06-30 11:18:02', 'Rajut 3', 'I3', 'J257592-1 19X15.5', 'D GREY MEL ROYAL', 22.67, '', 'gudang'),
(1608, 235, '2025-06-30 11:18:02', 'Rajut 3', 'J3', 'J257592-1 21X16.5', 'D GREY MEL ROYAL', 62.33, '', 'gudang'),
(1609, 235, '2025-06-30 11:18:02', 'Rajut 3', 'M4', 'J257602-1 19X15.5', 'BLACK RED', 22.67, '', 'gudang'),
(1610, 235, '2025-06-30 11:18:02', 'Rajut 3', 'N4', 'J257602-1 21X16.5', 'BLACK RED', 62.33, '', 'gudang'),
(1611, 235, '2025-06-30 11:18:02', 'Rajut 3', 'Q5', 'J257572-2 19X15.5', 'BLUE LOLITE BLACK', 22.67, '', 'gudang'),
(1612, 235, '2025-06-30 11:18:02', 'Rajut 3', 'R5', 'J257572-2 21X16.5', 'BLUE LOLITE BLACK', 62.33, '', 'gudang'),
(1613, 235, '2025-06-30 11:18:02', 'Rajut 3', 'U6', 'J257582-1 19X15.5', 'BLACK RED', 22.67, '', 'gudang'),
(1614, 235, '2025-06-30 11:18:02', 'Rajut 3', 'V6', 'J257582-1 21X16.5', 'BLACK RED', 62.33, '', 'gudang'),
(1615, 235, '2025-06-30 11:18:02', 'Rajut 3', 'A7', 'J257742-1 19X15.5', 'D GREY MEL BLACK', 22.67, '', 'gudang'),
(1616, 235, '2025-06-30 11:18:02', 'Rajut 3', 'B7', 'J257742-1 21X16.5', 'D GREY MEL BLACK', 62.33, '', 'gudang'),
(1617, 236, '2025-06-30 11:18:02', 'Rajut 3', 'A1', 'J201302-12 21X8', 'BRIGHT WHITE L GREY', 5333.33, '', 'gudang'),
(1618, 237, '2025-06-30 11:18:02', 'Rajut 3', 'A1', 'J201302-12 21X8', 'BRIGHT WHITE L GREY', 533.33, '', 'gudang'),
(1619, 237, '2025-06-30 11:18:02', 'Rajut 3', 'A2', 'J201302-15 21X8', 'EX L GREY MEL L GREY', 533.33, '', 'gudang'),
(1620, 237, '2025-06-30 11:18:02', 'Rajut 3', 'A3', 'J201302-16 21X8', 'L GREY MEL L GREY', 266.67, '', 'gudang'),
(1621, 237, '2025-06-30 11:18:02', 'Rajut 3', 'A4', 'J201302-18 21X8', 'L BLUE MEL L GREY', 266.67, '', 'gudang'),
(1622, 237, '2025-06-30 11:18:02', 'Rajut 3', 'A5', 'J201302-19 21X8', 'MARINA L GREY', 266.67, '', 'gudang'),
(1623, 237, '2025-06-30 11:18:02', 'Rajut 3', 'A6', 'J201302-20 21X8', 'SKY CAPTAIN L GREY', 266.67, '', 'gudang'),
(1624, 237, '2025-06-30 11:18:02', 'Rajut 3', 'A7', 'J201302-21 21X8', 'SAND MEL L GREY', 533.33, '', 'gudang'),
(1625, 238, '2025-06-30 11:18:02', 'Rajut 3', 'A1', 'J201302-16 21X8', 'L GREY MEL L GREY', 606.67, '', 'gudang'),
(1626, 238, '2025-06-30 11:18:02', 'Rajut 3', 'A2', 'J201302-17 21X8', 'SILVERGREY MEL L GREY', 606.67, '', 'gudang'),
(1627, 238, '2025-06-30 11:18:02', 'Rajut 3', 'A3', 'J201302-30 21X8', 'D. ROSA MEL L GREY', 606.67, '', 'gudang'),
(1628, 238, '2025-06-30 11:18:02', 'Rajut 3', 'A4', 'J201302-31 21X8', 'HEAVENLY PINK L GREY', 606.67, '', 'gudang'),
(1629, 238, '2025-06-30 11:18:02', 'Rajut 3', 'A5', 'J201302-32 21X8', 'GREYMEL GREY', 606.67, '', 'gudang'),
(1630, 239, '2025-06-30 11:18:02', 'Rajut 3', 'A1', 'J253842-1 15.5X6.5', 'L. PINK BLUE (KANAN)', 19.63, '', 'gudang'),
(1631, 239, '2025-06-30 11:18:02', 'Rajut 3', 'B1', 'J253842-1 17X6.5', 'L. PINK BLUE (KANAN)', 22.04, '', 'gudang'),
(1632, 239, '2025-06-30 11:18:02', 'Rajut 3', 'C1', 'J253842-1 18.5X7', 'L. PINK BLUE (KANAN)', 20.38, '', 'gudang'),
(1633, 239, '2025-06-30 11:18:02', 'Rajut 3', 'D1', 'J253842-1 20X7', 'L. PINK BLUE (KANAN)', 33.88, '', 'gudang'),
(1634, 239, '2025-06-30 11:18:02', 'Rajut 3', 'A2', 'J253842-2 15.5X6.5', 'L. PINK NAT WHITE (KANAN)', 19.63, '', 'gudang'),
(1635, 239, '2025-06-30 11:18:02', 'Rajut 3', 'B2', 'J253842-2 17X6.5', 'L. PINK NAT WHITE (KANAN)', 22.04, '', 'gudang'),
(1636, 239, '2025-06-30 11:18:02', 'Rajut 3', 'C2', 'J253842-2 18.5X7', 'L. PINK NAT WHITE (KANAN)', 20.38, '', 'gudang'),
(1637, 239, '2025-06-30 11:18:02', 'Rajut 3', 'D2', 'J253842-2 20X7', 'L. PINK NAT WHITE (KANAN)', 33.88, '', 'gudang'),
(1638, 239, '2025-06-30 11:18:02', 'Rajut 3', 'F3', 'J253852-1 15.5X6.5', 'L. PINK BLUE (KIRI)', 19.63, '', 'gudang'),
(1639, 239, '2025-06-30 11:18:02', 'Rajut 3', 'G3', 'J253852-1 17X6.5', 'L. PINK BLUE (KIRI)', 22.04, '', 'gudang'),
(1640, 239, '2025-06-30 11:18:02', 'Rajut 3', 'H3', 'J253852-1 18.5X7', 'L. PINK BLUE (KIRI)', 20.38, '', 'gudang'),
(1641, 239, '2025-06-30 11:18:02', 'Rajut 3', 'I3', 'J253852-1 20X7', 'L. PINK BLUE (KIRI)', 33.88, '', 'gudang'),
(1642, 239, '2025-06-30 11:18:02', 'Rajut 3', 'F4', 'J253852-2 15.5X6.5', 'L. PINK NAT WHITE (KIRI)', 19.63, '', 'gudang'),
(1643, 239, '2025-06-30 11:18:02', 'Rajut 3', 'G4', 'J253852-2 17X6.5', 'L. PINK NAT WHITE (KIRI)', 22.04, '', 'gudang'),
(1644, 239, '2025-06-30 11:18:02', 'Rajut 3', 'H4', 'J253852-2 18.5X7', 'L. PINK NAT WHITE (KIRI)', 20.38, '', 'gudang'),
(1645, 239, '2025-06-30 11:18:02', 'Rajut 3', 'I4', 'J253852-2 20X7', 'L. PINK NAT WHITE (KIRI)', 33.88, '', 'gudang'),
(1646, 239, '2025-06-30 11:18:02', 'Rajut 3', 'K5', 'J253862-1 15.5X6.5', 'L. PINK BLACK (KANAN)', 19.63, '', 'gudang'),
(1647, 239, '2025-06-30 11:18:02', 'Rajut 3', 'L5', 'J253862-1 17X6.5', 'L. PINK BLACK (KANAN)', 22.04, '', 'gudang'),
(1648, 239, '2025-06-30 11:18:02', 'Rajut 3', 'M5', 'J253862-1 18.5X7', 'L. PINK BLACK (KANAN)', 20.38, '', 'gudang'),
(1649, 239, '2025-06-30 11:18:02', 'Rajut 3', 'N5', 'J253862-1 20X7', 'L. PINK BLACK (KANAN)', 33.88, '', 'gudang'),
(1650, 239, '2025-06-30 11:18:02', 'Rajut 3', 'P6', 'J253872-1 15.5X6.5', 'L. PINK BLACK (KIRI)', 19.63, '', 'gudang'),
(1651, 239, '2025-06-30 11:18:02', 'Rajut 3', 'Q6', 'J253872-1 17X6.5', 'L. PINK BLACK (KIRI)', 22.04, '', 'gudang'),
(1652, 239, '2025-06-30 11:18:02', 'Rajut 3', 'R6', 'J253872-1 18.5X7', 'L. PINK BLACK (KIRI)', 20.38, '', 'gudang'),
(1653, 239, '2025-06-30 11:18:02', 'Rajut 3', 'S6', 'J253872-1 20X7', 'L. PINK BLACK (KIRI)', 33.88, '', 'gudang'),
(1654, 239, '2025-06-30 11:18:02', 'Rajut 3', 'U7', 'J253882-1 15.5X6.5', 'YELLOW BLACK (KANAN)', 19.63, '', 'gudang'),
(1655, 239, '2025-06-30 11:18:02', 'Rajut 3', 'V7', 'J253882-1 17X6.5', 'YELLOW BLACK (KANAN)', 22.04, '', 'gudang'),
(1656, 239, '2025-06-30 11:18:02', 'Rajut 3', 'W7', 'J253882-1 18.5X7', 'YELLOW BLACK (KANAN)', 20.38, '', 'gudang'),
(1657, 239, '2025-06-30 11:18:02', 'Rajut 3', 'X7', 'J253882-1 20X7', 'YELLOW BLACK (KANAN)', 33.88, '', 'gudang'),
(1658, 239, '2025-06-30 11:18:02', 'Rajut 3', 'A8', 'J253892-1 15.5X6.5', 'YELLOW BLACK (KIRI)', 19.63, '', 'gudang'),
(1659, 239, '2025-06-30 11:18:02', 'Rajut 3', 'B8', 'J253892-1 17X6.5', 'YELLOW BLACK (KIRI)', 22.04, '', 'gudang'),
(1660, 239, '2025-06-30 11:18:02', 'Rajut 3', 'C8', 'J253892-1 18.5X7', 'YELLOW BLACK (KIRI)', 20.38, '', 'gudang'),
(1661, 239, '2025-06-30 11:18:02', 'Rajut 3', 'D8', 'J253892-1 20X7', 'YELLOW BLACK (KIRI)', 33.88, '', 'gudang'),
(1662, 239, '2025-06-30 11:18:02', 'Rajut 3', 'F9', 'J253902-1 15.5X6.5', 'GREEN BLACK (KANAN)', 19.63, '', 'gudang'),
(1663, 239, '2025-06-30 11:18:02', 'Rajut 3', 'G9', 'J253902-1 17X6.5', 'GREEN BLACK (KANAN)', 22.04, '', 'gudang'),
(1664, 239, '2025-06-30 11:18:02', 'Rajut 3', 'H9', 'J253902-1 18.5X7', 'GREEN BLACK (KANAN)', 20.38, '', 'gudang'),
(1665, 239, '2025-06-30 11:18:02', 'Rajut 3', 'I9', 'J253902-1 20X7', 'GREEN BLACK (KANAN)', 33.88, '', 'gudang'),
(1666, 239, '2025-06-30 11:18:02', 'Rajut 3', 'K10', 'J253922-1 15.5X6.5', 'GREEN BLACK (KIRI)', 19.63, '', 'gudang'),
(1667, 239, '2025-06-30 11:18:02', 'Rajut 3', 'L10', 'J253922-1 17X6.5', 'GREEN BLACK (KIRI)', 22.04, '', 'gudang'),
(1668, 239, '2025-06-30 11:18:02', 'Rajut 3', 'M10', 'J253922-1 18.5X7', 'GREEN BLACK (KIRI)', 20.38, '', 'gudang'),
(1669, 239, '2025-06-30 11:18:02', 'Rajut 3', 'N10', 'J253922-1 20X7', 'GREEN BLACK (KIRI)', 33.88, '', 'gudang'),
(1670, 239, '2025-06-30 11:18:02', 'Rajut 3', 'P11', 'J253932-1 15.5X6.5', 'D. PINK BLACK (KANAN)', 19.63, '', 'gudang'),
(1671, 239, '2025-06-30 11:18:02', 'Rajut 3', 'Q11', 'J253932-1 17X6.5', 'D. PINK BLACK (KANAN)', 22.04, '', 'gudang'),
(1672, 239, '2025-06-30 11:18:02', 'Rajut 3', 'R11', 'J253932-1 18.5X7', 'D. PINK BLACK (KANAN)', 20.38, '', 'gudang'),
(1673, 239, '2025-06-30 11:18:02', 'Rajut 3', 'S11', 'J253932-1 20X7', 'D. PINK BLACK (KANAN)', 33.88, '', 'gudang'),
(1674, 239, '2025-06-30 11:18:02', 'Rajut 3', 'U12', 'J253942-1 15.5X6.5', 'D. PINK BLACK (KIRI)', 19.63, '', 'gudang'),
(1675, 239, '2025-06-30 11:18:02', 'Rajut 3', 'V12', 'J253942-1 17X6.5', 'D. PINK BLACK (KIRI)', 22.04, '', 'gudang'),
(1676, 239, '2025-06-30 11:18:02', 'Rajut 3', 'W12', 'J253942-1 18.5X7', 'D. PINK BLACK (KIRI)', 20.38, '', 'gudang'),
(1677, 239, '2025-06-30 11:18:02', 'Rajut 3', 'X12', 'J253942-1 20X7', 'D. PINK BLACK (KIRI)', 33.88, '', 'gudang'),
(1678, 239, '2025-06-30 11:18:02', 'Rajut 3', 'A13', 'J253952-1 15.5X6.5', 'L. PINK PURPLE (KANAN)', 19.63, '', 'gudang'),
(1679, 239, '2025-06-30 11:18:02', 'Rajut 3', 'B13', 'J253952-1 17X6.5', 'L. PINK PURPLE (KANAN)', 22.04, '', 'gudang'),
(1680, 239, '2025-06-30 11:18:02', 'Rajut 3', 'C13', 'J253952-1 18.5X7', 'L. PINK PURPLE (KANAN)', 20.38, '', 'gudang'),
(1681, 239, '2025-06-30 11:18:02', 'Rajut 3', 'D13', 'J253952-1 20X7', 'L. PINK PURPLE (KANAN)', 33.88, '', 'gudang'),
(1682, 239, '2025-06-30 11:18:02', 'Rajut 3', 'F14', 'J253962-1 15.5X6.5', 'L. PINK PURPLE (KIRI)', 19.63, '', 'gudang'),
(1683, 239, '2025-06-30 11:18:02', 'Rajut 3', 'G14', 'J253962-1 17X6.5', 'L. PINK PURPLE (KIRI)', 22.04, '', 'gudang'),
(1684, 239, '2025-06-30 11:18:02', 'Rajut 3', 'H14', 'J253962-1 18.5X7', 'L. PINK PURPLE (KIRI)', 20.38, '', 'gudang'),
(1685, 239, '2025-06-30 11:18:02', 'Rajut 3', 'I14', 'J253962-1 20X7', 'L. PINK PURPLE (KIRI)', 33.88, '', 'gudang'),
(1686, 240, '2025-06-30 11:18:02', 'Rajut 3', 'A1', 'J246562-10 15.5X6.5', 'L. PINK RW AY', 54.92, '', 'gudang'),
(1687, 240, '2025-06-30 11:18:02', 'Rajut 3', 'B1', 'J246562-10 17X6.5', 'L. PINK RW AY', 61.33, '', 'gudang'),
(1688, 240, '2025-06-30 11:18:02', 'Rajut 3', 'C1', 'J246562-10 18.5X7', 'L. PINK RW AY', 57, '', 'gudang'),
(1689, 240, '2025-06-30 11:18:02', 'Rajut 3', 'D1', 'J246562-10 20X7', 'L. PINK RW AY', 95.08, '', 'gudang'),
(1690, 240, '2025-06-30 11:18:02', 'Rajut 3', 'A2', 'J246562-9 15.5X6.5', 'L. GREEN RW AY', 54.92, '', 'gudang'),
(1691, 240, '2025-06-30 11:18:02', 'Rajut 3', 'B2', 'J246562-9 17X6.5', 'L. GREEN RW AY', 61.33, '', 'gudang'),
(1692, 240, '2025-06-30 11:18:02', 'Rajut 3', 'C2', 'J246562-9 18.5X7', 'L. GREEN RW AY', 57, '', 'gudang'),
(1693, 240, '2025-06-30 11:18:02', 'Rajut 3', 'D2', 'J246562-9 20X7', 'L. GREEN RW AY', 95.08, '', 'gudang'),
(1694, 240, '2025-06-30 11:18:02', 'Rajut 3', 'F3', 'J253132-1 15.5X6.5', 'PINK BLACK', 54.92, '', 'gudang'),
(1695, 240, '2025-06-30 11:18:02', 'Rajut 3', 'G3', 'J253132-1 17X6.5', 'PINK BLACK', 61.33, '', 'gudang'),
(1696, 240, '2025-06-30 11:18:02', 'Rajut 3', 'H3', 'J253132-1 18.5X7', 'PINK BLACK', 57, '', 'gudang'),
(1697, 240, '2025-06-30 11:18:02', 'Rajut 3', 'I3', 'J253132-1 20X7', 'PINK BLACK', 95.08, '', 'gudang'),
(1698, 240, '2025-06-30 11:18:02', 'Rajut 3', 'F4', 'J253132-2 15.5X6.5', 'YELLOW BLACK', 54.92, '', 'gudang'),
(1699, 240, '2025-06-30 11:18:02', 'Rajut 3', 'G4', 'J253132-2 17X6.5', 'YELLOW BLACK', 61.33, '', 'gudang'),
(1700, 240, '2025-06-30 11:18:02', 'Rajut 3', 'H4', 'J253132-2 18.5X7', 'YELLOW BLACK', 57, '', 'gudang'),
(1701, 240, '2025-06-30 11:18:02', 'Rajut 3', 'I4', 'J253132-2 20X7', 'YELLOW BLACK', 95.08, '', 'gudang'),
(1702, 240, '2025-06-30 11:18:02', 'Rajut 3', 'K5', 'J253142-1 15.5X6.5', 'YELLOW BLACK', 54.92, '', 'gudang'),
(1703, 240, '2025-06-30 11:18:02', 'Rajut 3', 'L5', 'J253142-1 17X6.5', 'YELLOW BLACK', 61.33, '', 'gudang'),
(1704, 240, '2025-06-30 11:18:02', 'Rajut 3', 'M5', 'J253142-1 18.5X7', 'YELLOW BLACK', 57, '', 'gudang'),
(1705, 240, '2025-06-30 11:18:02', 'Rajut 3', 'N5', 'J253142-1 20X7', 'YELLOW BLACK', 95.08, '', 'gudang'),
(1706, 240, '2025-06-30 11:18:02', 'Rajut 3', 'K6', 'J253142-2 15.5X6.5', 'PURPLE BLACK', 54.92, '', 'gudang'),
(1707, 240, '2025-06-30 11:18:02', 'Rajut 3', 'L6', 'J253142-2 17X6.5', 'PURPLE BLACK', 61.33, '', 'gudang'),
(1708, 240, '2025-06-30 11:18:02', 'Rajut 3', 'M6', 'J253142-2 18.5X7', 'PURPLE BLACK', 57, '', 'gudang'),
(1709, 240, '2025-06-30 11:18:02', 'Rajut 3', 'N6', 'J253142-2 20X7', 'PURPLE BLACK', 95.08, '', 'gudang'),
(1710, 240, '2025-06-30 11:18:02', 'Rajut 3', 'P7', 'J253362-1 15.5X6.5', 'OFFWHITE BLACK', 54.92, '', 'gudang'),
(1711, 240, '2025-06-30 11:18:02', 'Rajut 3', 'Q7', 'J253362-1 17X6.5', 'OFFWHITE BLACK', 61.33, '', 'gudang'),
(1712, 240, '2025-06-30 11:18:02', 'Rajut 3', 'R7', 'J253362-1 18.5X7', 'OFFWHITE BLACK', 57, '', 'gudang'),
(1713, 240, '2025-06-30 11:18:02', 'Rajut 3', 'S7', 'J253362-1 20X7', 'OFFWHITE BLACK', 95.08, '', 'gudang'),
(1714, 241, '2025-06-30 11:18:02', 'Rajut 3', 'A1', 'J246562-1 17X6.5', 'NEW WHITE RW AY', 35.33, '', 'gudang'),
(1715, 241, '2025-06-30 11:18:02', 'Rajut 3', 'A2', 'J246562-2 17X6.5', 'L. GREY RW AY', 53, '', 'gudang'),
(1716, 241, '2025-06-30 11:18:02', 'Rajut 3', 'D3', 'J246572-1 17X6.5', 'GREY RW', 35.33, '', 'gudang'),
(1717, 241, '2025-06-30 11:18:02', 'Rajut 3', 'D4', 'J246572-2 17X6.5', 'NEW BLACK BLACK', 53, '', 'gudang'),
(1718, 242, '2025-06-30 11:18:02', 'Rajut 3', 'A1', 'J246562-1 15.5X6.5', 'NEW WHITE RW AY', 406.67, '', 'gudang'),
(1719, 243, '2025-06-30 11:18:02', 'Rajut 3', 'A1', 'J241982-3 16.5X13', 'PINK L. PINK AY', 46, '', 'gudang'),
(1720, 243, '2025-06-30 11:18:02', 'Rajut 3', 'B1', 'J241982-3 18X14.5', 'PINK L. PINK AY', 30, '', 'gudang'),
(1721, 243, '2025-06-30 11:18:02', 'Rajut 3', 'A2', 'J241982-4 16.5X13', 'PURPLE PURPLE', 46, '', 'gudang'),
(1722, 243, '2025-06-30 11:18:02', 'Rajut 3', 'B2', 'J241982-4 18X14.5', 'PURPLE PURPLE', 30, '', 'gudang'),
(1723, 243, '2025-06-30 11:18:02', 'Rajut 3', 'D3', 'J246892-1 16.5X13', 'PURPLE BEIGE (KANAN)', 23, '', 'gudang'),
(1724, 243, '2025-06-30 11:18:02', 'Rajut 3', 'E3', 'J246892-1 18X14.5', 'PURPLE BEIGE (KANAN)', 15, '', 'gudang'),
(1725, 243, '2025-06-30 11:18:02', 'Rajut 3', 'G4', 'J246902-1 16.5X13', 'PURPLE BEIGE (KIRI)', 23, '', 'gudang'),
(1726, 243, '2025-06-30 11:18:02', 'Rajut 3', 'H4', 'J246902-1 18X14.5', 'PURPLE BEIGE (KIRI)', 15, '', 'gudang'),
(1727, 243, '2025-06-30 11:18:02', 'Rajut 3', 'J5', 'J246922-1 16.5X13', 'PINK OFF WHITE (KANAN)', 23, '', 'gudang'),
(1728, 243, '2025-06-30 11:18:02', 'Rajut 3', 'K5', 'J246922-1 18X14.5', 'PINK OFF WHITE (KANAN)', 15, '', 'gudang'),
(1729, 243, '2025-06-30 11:18:02', 'Rajut 3', 'M6', 'J246932-1 16.5X13', 'PINK OFF WHITE (KIRI)', 23, '', 'gudang'),
(1730, 243, '2025-06-30 11:18:02', 'Rajut 3', 'N6', 'J246932-1 18X14.5', 'PINK OFF WHITE (KIRI)', 15, '', 'gudang'),
(1731, 243, '2025-06-30 11:18:02', 'Rajut 3', 'P7', 'J246942-1 16.5X13', 'YELLOW OFF WHITE', 46, '', 'gudang'),
(1732, 243, '2025-06-30 11:18:02', 'Rajut 3', 'Q7', 'J246942-1 18X14.5', 'YELLOW OFF WHITE', 30, '', 'gudang'),
(1733, 243, '2025-06-30 11:18:02', 'Rajut 3', 'S8', 'J246952-1 16.5X13', 'PURPLE PINK', 46, '', 'gudang'),
(1734, 243, '2025-06-30 11:18:02', 'Rajut 3', 'T8', 'J246952-1 18X14.5', 'PURPLE PINK', 30, '', 'gudang'),
(1735, 243, '2025-06-30 11:18:02', 'Rajut 3', 'S9', 'J246952-2 16.5X13', 'GREEN OFF WHITE', 46, '', 'gudang'),
(1736, 243, '2025-06-30 11:18:02', 'Rajut 3', 'T9', 'J246952-2 18X14.5', 'GREEN OFF WHITE', 30, '', 'gudang'),
(1737, 244, '2025-06-30 11:18:02', 'Rajut 3', 'A1', 'J246572-2 17X6.5', 'NEW BLACK BLACK', 122.5, '', 'gudang'),
(1738, 245, '2025-06-30 11:18:02', 'Rajut 3', 'A1', 'G44915-1 15X13.5', 'LUPINE LPINK', 259.83, '', 'gudang'),
(1739, 245, '2025-06-30 11:18:02', 'Rajut 3', 'B1', 'G44915-1 17X14.5', 'LUPINE LPINK', 378.5, '', 'gudang'),
(1740, 245, '2025-06-30 11:18:02', 'Rajut 3', 'C1', 'G44915-1 19X15.5', 'LUPINE LPINK', 170.33, '', 'gudang'),
(1741, 245, '2025-06-30 11:18:02', 'Rajut 3', 'D2', 'G44925-1 15X13.5', 'ANGEL FALLS WHITE', 259.83, '', 'gudang'),
(1742, 245, '2025-06-30 11:18:02', 'Rajut 3', 'E2', 'G44925-1 17X14.5', 'ANGEL FALLS WHITE', 378.5, '', 'gudang'),
(1743, 245, '2025-06-30 11:18:02', 'Rajut 3', 'F2', 'G44925-1 19X15.5', 'ANGEL FALLS WHITE', 170.33, '', 'gudang'),
(1744, 245, '2025-06-30 11:18:02', 'Rajut 3', 'G3', 'G44935-1 15X13.5', 'PINK LAVENDER WHITE', 259.83, '', 'gudang'),
(1745, 245, '2025-06-30 11:18:02', 'Rajut 3', 'H3', 'G44935-1 17X14.5', 'PINK LAVENDER WHITE', 378.5, '', 'gudang');
INSERT INTO `tabel_anak` (`id_anak`, `id_induk`, `waktu_input`, `area`, `inisial`, `style`, `warna`, `qty_po_inisial`, `keterangan`, `admin`) VALUES
(1746, 245, '2025-06-30 11:18:02', 'Rajut 3', 'I3', 'G44935-1 19X15.5', 'PINK LAVENDER WHITE', 170.33, '', 'gudang'),
(1747, 246, '2025-06-30 11:18:02', 'Rajut 3', 'A1', 'G45085-1 15X13.5', 'LIMOGES BLACK', 721.25, '', 'gudang'),
(1748, 246, '2025-06-30 11:18:02', 'Rajut 3', 'B1', 'G45085-1 17X14.5', 'LIMOGES BLACK', 775.08, '', 'gudang'),
(1749, 246, '2025-06-30 11:18:02', 'Rajut 3', 'C1', 'G45085-1 19X15.5', 'LIMOGES BLACK', 310.33, '', 'gudang'),
(1750, 246, '2025-06-30 11:18:02', 'Rajut 3', 'D2', 'G45095-1 15X13.5', 'HAUTE RED WHITE', 721.25, '', 'gudang'),
(1751, 246, '2025-06-30 11:18:02', 'Rajut 3', 'E2', 'G45095-1 17X14.5', 'HAUTE RED WHITE', 775.08, '', 'gudang'),
(1752, 246, '2025-06-30 11:18:02', 'Rajut 3', 'F2', 'G45095-1 19X15.5', 'HAUTE RED WHITE', 310.33, '', 'gudang'),
(1753, 246, '2025-06-30 11:18:02', 'Rajut 3', 'G3', 'G45105-1 15X13.5', 'D. GREY MELANGE BLACK', 721.25, '', 'gudang'),
(1754, 246, '2025-06-30 11:18:02', 'Rajut 3', 'H3', 'G45105-1 17X14.5', 'D. GREY MELANGE BLACK', 775.08, '', 'gudang'),
(1755, 246, '2025-06-30 11:18:02', 'Rajut 3', 'I3', 'G45105-1 19X15.5', 'D. GREY MELANGE BLACK', 310.33, '', 'gudang'),
(1756, 209, '2025-06-30 11:18:02', 'Rajut 3', 'B1', 'J483234-1 15X58.5', 'L GREY MELANGE BLACK', 129.58, '', 'gudang'),
(1757, 209, '2025-06-30 11:18:02', 'Rajut 3', 'C1', 'J483234-1 17X67.5', 'L GREY MELANGE BLACK', 127.33, '', 'gudang'),
(1758, 209, '2025-06-30 11:18:02', 'Rajut 3', 'D1', 'J483234-1 18X72.5', 'L GREY MELANGE BLACK', 95.58, '', 'gudang'),
(1759, 209, '2025-06-30 11:18:02', 'Rajut 3', 'F2', 'J483244-1 15X58.5', 'D GREY MELANGE BLACK', 129.58, '', 'gudang'),
(1760, 209, '2025-06-30 11:18:02', 'Rajut 3', 'G2', 'J483244-1 17X67.5', 'D GREY MELANGE BLACK', 127.33, '', 'gudang'),
(1761, 209, '2025-06-30 11:18:02', 'Rajut 3', 'H2', 'J483244-1 18X72.5', 'D GREY MELANGE BLACK', 95.58, '', 'gudang'),
(1762, 247, '2025-06-30 11:18:02', 'Rajut 3', 'A1', 'J401514-26 20X6', 'D. GREY MEL RW', 174.42, '', 'gudang'),
(1763, 247, '2025-06-30 11:18:02', 'Rajut 3', 'B1', 'J401514-26 22X6', 'D. GREY MEL RW', 107.92, '', 'gudang'),
(1764, 247, '2025-06-30 11:18:02', 'Rajut 3', 'C2', 'J401524-31 20X6', 'GREY MEL RW', 174.42, '', 'gudang'),
(1765, 247, '2025-06-30 11:18:02', 'Rajut 3', 'D2', 'J401524-31 22X6', 'GREY MEL RW', 107.92, '', 'gudang'),
(1766, 247, '2025-06-30 11:18:02', 'Rajut 3', 'C3', 'J401524-39 20X6', 'L. PEACH RW', 174.42, '', 'gudang'),
(1767, 247, '2025-06-30 11:18:02', 'Rajut 3', 'D3', 'J401524-39 22X6', 'L. PEACH RW', 107.92, '', 'gudang'),
(1768, 247, '2025-06-30 11:18:02', 'Rajut 3', 'E4', 'J425114-3 20X6', 'L. PINK RW', 174.42, '', 'gudang'),
(1769, 247, '2025-06-30 11:18:02', 'Rajut 3', 'F4', 'J425114-3 22X6', 'L. PINK RW', 107.92, '', 'gudang'),
(1770, 247, '2025-06-30 11:18:02', 'Rajut 3', 'G5', 'J474744-1 20X6', 'OFF WHITE GREEN', 348.83, '', 'gudang'),
(1771, 247, '2025-06-30 11:18:02', 'Rajut 3', 'H5', 'J474744-1 22X6', 'OFF WHITE GREEN', 215.83, '', 'gudang'),
(1772, 247, '2025-06-30 11:18:02', 'Rajut 3', 'G6', 'J474744-2 20X6', 'L. GREY MEL GREEN', 174.42, '', 'gudang'),
(1773, 247, '2025-06-30 11:18:02', 'Rajut 3', 'H6', 'J474744-2 22X6', 'L. GREY MEL GREEN', 107.92, '', 'gudang'),
(1774, 248, '2025-06-30 11:18:02', 'Rajut 3', 'A1', 'J476174-2 18X14', 'OFF WHITE BLACK (KANAN)', 0.42, '', 'gudang'),
(1775, 248, '2025-06-30 11:18:02', 'Rajut 3', 'B1', 'J476174-2 20X15', 'OFF WHITE BLACK (KANAN)', 34.5, '', 'gudang'),
(1776, 248, '2025-06-30 11:18:02', 'Rajut 3', 'C1', 'J476174-2 22X16', 'OFF WHITE BLACK (KANAN)', 40.08, '', 'gudang'),
(1777, 248, '2025-06-30 11:18:02', 'Rajut 3', 'D2', 'J476184-2 18X14', 'OFF WHITE BLACK (KIRI)', 0.42, '', 'gudang'),
(1778, 248, '2025-06-30 11:18:02', 'Rajut 3', 'E2', 'J476184-2 20X15', 'OFF WHITE BLACK (KIRI)', 34.5, '', 'gudang'),
(1779, 248, '2025-06-30 11:18:02', 'Rajut 3', 'F2', 'J476184-2 22X16', 'OFF WHITE BLACK (KIRI)', 40.08, '', 'gudang'),
(1780, 249, '2025-06-30 11:18:02', 'Rajut 3', 'A1', 'J476094-1 18X14', 'PEACH BLACK (KANAN)', 0.83, '', 'gudang'),
(1781, 249, '2025-06-30 11:18:02', 'Rajut 3', 'B1', 'J476094-1 20X15', 'PEACH BLACK (KANAN)', 33.63, '', 'gudang'),
(1782, 249, '2025-06-30 11:18:02', 'Rajut 3', 'C1', 'J476094-1 22X16', 'PEACH BLACK (KANAN)', 40.54, '', 'gudang'),
(1783, 249, '2025-06-30 11:18:02', 'Rajut 3', 'D2', 'J476104-1 18X14', 'PEACH BLACK (KIRI)', 0.83, '', 'gudang'),
(1784, 249, '2025-06-30 11:18:02', 'Rajut 3', 'E2', 'J476104-1 20X15', 'PEACH BLACK (KIRI)', 33.63, '', 'gudang'),
(1785, 249, '2025-06-30 11:18:02', 'Rajut 3', 'F2', 'J476104-1 22X16', 'PEACH BLACK (KIRI)', 40.54, '', 'gudang'),
(1786, 250, '2025-06-30 11:18:02', 'Rajut 3', 'A1', 'J474874-1 18X14', 'OFF WHITE BLACK (KANAN)', 0.54, '', 'gudang'),
(1787, 250, '2025-06-30 11:18:02', 'Rajut 3', 'B1', 'J474874-1 20X15', 'OFF WHITE BLACK (KANAN)', 34.29, '', 'gudang'),
(1788, 250, '2025-06-30 11:18:02', 'Rajut 3', 'C1', 'J474874-1 22X16', 'OFF WHITE BLACK (KANAN)', 40.17, '', 'gudang'),
(1789, 250, '2025-06-30 11:18:02', 'Rajut 3', 'D2', 'J474884-1 18X14', 'OFF WHITE BLACK (KIRI)', 0.54, '', 'gudang'),
(1790, 250, '2025-06-30 11:18:02', 'Rajut 3', 'E2', 'J474884-1 20X15', 'OFF WHITE BLACK (KIRI)', 34.29, '', 'gudang'),
(1791, 250, '2025-06-30 11:18:02', 'Rajut 3', 'F2', 'J474884-1 22X16', 'OFF WHITE BLACK (KIRI)', 40.17, '', 'gudang'),
(1792, 210, '2025-06-30 11:18:02', 'Rajut 3', 'B1', 'J294534-46 15X58.5', 'WHITE RW', 73.58, '', 'gudang'),
(1793, 210, '2025-06-30 11:18:02', 'Rajut 3', 'C1', 'J294534-46 17X67.5', 'WHITE RW', 70, '', 'gudang'),
(1794, 210, '2025-06-30 11:18:02', 'Rajut 3', 'D1', 'J294534-46 18X72.5', 'WHITE RW', 33.25, '', 'gudang'),
(1795, 210, '2025-06-30 11:18:02', 'Rajut 3', 'E2', 'J294914-20 20X79.5', 'WHITE RW', 67.92, '', 'gudang'),
(1796, 210, '2025-06-30 11:18:02', 'Rajut 3', 'F2', 'J294914-20 23X88', 'WHITE RW', 50.33, '', 'gudang'),
(1797, 210, '2025-06-30 11:18:02', 'Rajut 3', 'G2', 'J294914-20 24X93', 'WHITE RW', 21, '', 'gudang'),
(1798, 210, '2025-06-30 11:18:02', 'Rajut 3', 'I3', 'J294534-43 15X58.5', 'OATMEL MELANGE RW', 73.58, '', 'gudang'),
(1799, 210, '2025-06-30 11:18:02', 'Rajut 3', 'J3', 'J294534-43 17X67.5', 'OATMEL MELANGE RW', 70, '', 'gudang'),
(1800, 210, '2025-06-30 11:18:02', 'Rajut 3', 'K3', 'J294534-43 18X72.5', 'OATMEL MELANGE RW', 33.25, '', 'gudang'),
(1801, 210, '2025-06-30 11:18:02', 'Rajut 3', 'L4', 'J294914-21 20X79.5', 'OATMEL MELANGE RW', 67.92, '', 'gudang'),
(1802, 210, '2025-06-30 11:18:02', 'Rajut 3', 'M4', 'J294914-21 23X88', 'OATMEL MELANGE RW', 50.33, '', 'gudang'),
(1803, 210, '2025-06-30 11:18:02', 'Rajut 3', 'N4', 'J294914-21 24X93', 'OATMEL MELANGE RW', 21, '', 'gudang'),
(1804, 210, '2025-06-30 11:18:02', 'Rajut 3', 'P5', 'J294534-2 15X58.5', 'L GREY MELANGE RW', 73.58, '', 'gudang'),
(1805, 210, '2025-06-30 11:18:02', 'Rajut 3', 'Q5', 'J294534-2 17X67.5', 'L GREY MELANGE RW', 70, '', 'gudang'),
(1806, 210, '2025-06-30 11:18:02', 'Rajut 3', 'R5', 'J294534-2 18X72.5', 'L GREY MELANGE RW', 33.25, '', 'gudang'),
(1807, 210, '2025-06-30 11:18:02', 'Rajut 3', 'S6', 'J294914-10 20X79.5', 'L GREY MELANGE RW', 67.92, '', 'gudang'),
(1808, 210, '2025-06-30 11:18:02', 'Rajut 3', 'T6', 'J294914-10 23X88', 'L GREY MELANGE RW', 50.33, '', 'gudang'),
(1809, 210, '2025-06-30 11:18:02', 'Rajut 3', 'U6', 'J294914-10 24X93', 'L GREY MELANGE RW', 21, '', 'gudang'),
(1810, 210, '2025-06-30 11:18:02', 'Rajut 3', 'B7', 'J294534-44 15X58.5', 'D GREY MELANGE BLACK', 73.58, '', 'gudang'),
(1811, 210, '2025-06-30 11:18:02', 'Rajut 3', 'C7', 'J294534-44 17X67.5', 'D GREY MELANGE BLACK', 70, '', 'gudang'),
(1812, 210, '2025-06-30 11:18:02', 'Rajut 3', 'D7', 'J294534-44 18X72.5', 'D GREY MELANGE BLACK', 33.25, '', 'gudang'),
(1813, 210, '2025-06-30 11:18:02', 'Rajut 3', 'E8', 'J294914-22 20X79.5', 'D GREY MELANGE BLACK', 67.92, '', 'gudang'),
(1814, 210, '2025-06-30 11:18:02', 'Rajut 3', 'F8', 'J294914-22 23X88', 'D GREY MELANGE BLACK', 50.33, '', 'gudang'),
(1815, 210, '2025-06-30 11:18:02', 'Rajut 3', 'G8', 'J294914-22 24X93', 'D GREY MELANGE BLACK', 21, '', 'gudang'),
(1816, 210, '2025-06-30 11:18:02', 'Rajut 3', 'I9', 'J294534-5 15X58.5', 'BLACK BLACK', 73.58, '', 'gudang'),
(1817, 210, '2025-06-30 11:18:02', 'Rajut 3', 'J9', 'J294534-5 17X67.5', 'BLACK BLACK', 70, '', 'gudang'),
(1818, 210, '2025-06-30 11:18:02', 'Rajut 3', 'K9', 'J294534-5 18X72.5', 'BLACK BLACK', 33.25, '', 'gudang'),
(1819, 210, '2025-06-30 11:18:02', 'Rajut 3', 'L10', 'J294914-3 20X79.5', 'BLACK BLACK', 67.92, '', 'gudang'),
(1820, 210, '2025-06-30 11:18:02', 'Rajut 3', 'M10', 'J294914-3 23X88', 'BLACK BLACK', 50.33, '', 'gudang'),
(1821, 210, '2025-06-30 11:18:02', 'Rajut 3', 'N10', 'J294914-3 24X93', 'BLACK BLACK', 21, '', 'gudang'),
(1822, 211, '2025-06-30 11:18:02', 'Rajut 3', 'B1', 'J483284-1 0X64', 'ROSE SHADOW RW', 28.58, '', 'gudang'),
(1823, 211, '2025-06-30 11:18:02', 'Rajut 3', 'C1', 'J483284-1 0X75', 'ROSE SHADOW RW', 55.58, '', 'gudang'),
(1824, 211, '2025-06-30 11:18:02', 'Rajut 3', 'D1', 'J483284-1 0X81', 'ROSE SHADOW RW', 60, '', 'gudang'),
(1825, 211, '2025-06-30 11:18:02', 'Rajut 3', 'F2', 'J483274-1 0X64', 'SNOW WHITE LILAC', 28.58, '', 'gudang'),
(1826, 211, '2025-06-30 11:18:02', 'Rajut 3', 'G2', 'J483274-1 0X75', 'SNOW WHITE LILAC', 55.58, '', 'gudang'),
(1827, 211, '2025-06-30 11:18:02', 'Rajut 3', 'H2', 'J483274-1 0X81', 'SNOW WHITE LILAC', 60, '', 'gudang'),
(1828, 251, '2025-06-30 11:18:02', 'Rajut 3', 'A1', 'J482974-2 20X25', 'OFF WHITE BLACK (KANAN)', 214.75, '', 'gudang'),
(1829, 251, '2025-06-30 11:18:02', 'Rajut 3', 'B1', 'J482974-2 22X26', 'OFF WHITE BLACK (KANAN)', 221.21, '', 'gudang'),
(1830, 251, '2025-06-30 11:18:02', 'Rajut 3', 'C2', 'J482984-2 20X25', 'OFF WHITE BLACK (KIRI)', 214.75, '', 'gudang'),
(1831, 251, '2025-06-30 11:18:02', 'Rajut 3', 'D2', 'J482984-2 22X26', 'OFF WHITE BLACK (KIRI)', 221.21, '', 'gudang'),
(1832, 251, '2025-06-30 11:18:02', 'Rajut 3', 'E3', 'J483214-2 20X25', 'L. SAND MEL BURGUNDY (KANAN)', 214.75, '', 'gudang'),
(1833, 251, '2025-06-30 11:18:02', 'Rajut 3', 'F3', 'J483214-2 22X26', 'L. SAND MEL BURGUNDY (KANAN)', 221.21, '', 'gudang'),
(1834, 251, '2025-06-30 11:18:02', 'Rajut 3', 'G4', 'J483224-2 20X25', 'L. SAND MEL BURGUNDY (KIRI)', 214.75, '', 'gudang'),
(1835, 251, '2025-06-30 11:18:02', 'Rajut 3', 'H4', 'J483224-2 22X26', 'L. SAND MEL BURGUNDY (KIRI)', 221.21, '', 'gudang'),
(1836, 251, '2025-06-30 11:18:02', 'Rajut 3', 'I5', 'J483884-1 20X25', 'BURGUNDY BURGUNDY', 429.5, '', 'gudang'),
(1837, 251, '2025-06-30 11:18:02', 'Rajut 3', 'J5', 'J483884-1 22X26', 'BURGUNDY BURGUNDY', 442.42, '', 'gudang'),
(1838, 252, '2025-06-30 11:18:02', 'Rajut 3', 'A1', 'J365164-14 22X8', 'BLACK WHITE', 4400, '', 'gudang'),
(1839, 252, '2025-06-30 11:18:02', 'Rajut 3', 'B1', 'J365164-14 24X8', 'BLACK WHITE', 5200, '', 'gudang'),
(1840, 253, '2025-06-30 11:18:02', 'Rajut 3', 'A1', 'J355764-10 22X18', 'UNIVERSAL BLACK GREY', 4870.83, '', 'gudang'),
(1841, 253, '2025-06-30 11:18:02', 'Rajut 3', 'B1', 'J355764-10 24X18', 'UNIVERSAL BLACK GREY', 2741.67, '', 'gudang'),
(1842, 212, '2025-06-30 11:18:02', 'Rajut 3', 'B1', 'J365184-16 24X8', 'L GREY MEL L GREY', 1013.33, '', 'gudang'),
(1843, 212, '2025-06-30 11:18:02', 'Rajut 3', 'B2', 'J365184-17 24X8', 'SILVERGREY MEL L GREY', 1013.33, '', 'gudang'),
(1844, 212, '2025-06-30 11:18:02', 'Rajut 3', 'B3', 'J365184-30 24X8', 'D. ROSA MEL L GREY', 1013.33, '', 'gudang'),
(1845, 212, '2025-06-30 11:18:02', 'Rajut 3', 'B4', 'J365184-31 24X8', 'HEAVENLY PINK L GREY', 1013.33, '', 'gudang'),
(1846, 212, '2025-06-30 11:18:02', 'Rajut 3', 'B5', 'J365184-32 24X8', 'GREYMEL GREY', 1013.33, '', 'gudang'),
(1847, 213, '2025-06-30 11:18:02', 'Rajut 3', 'B1', 'J365184-12 24X8', 'BRIGHT WHITE L GREY', 1680, '', 'gudang'),
(1848, 213, '2025-06-30 11:18:02', 'Rajut 3', 'B2', 'J365184-15 24X8', 'EX L GREY MEL L GREY', 1680, '', 'gudang'),
(1849, 213, '2025-06-30 11:18:02', 'Rajut 3', 'B3', 'J365184-16 24X8', 'L GREY MEL L GREY', 840, '', 'gudang'),
(1850, 213, '2025-06-30 11:18:02', 'Rajut 3', 'B4', 'J365184-18 24X8', 'L BLUE MEL L GREY', 840, '', 'gudang'),
(1851, 213, '2025-06-30 11:18:02', 'Rajut 3', 'B5', 'J365184-19 24X8', 'MARINA L GREY', 840, '', 'gudang'),
(1852, 213, '2025-06-30 11:18:02', 'Rajut 3', 'B6', 'J365184-20 24X8', 'SKY CAPTAIN L GREY', 840, '', 'gudang'),
(1853, 213, '2025-06-30 11:18:02', 'Rajut 3', 'B7', 'J365184-21 24X8', 'SAND MEL L GREY', 1680, '', 'gudang'),
(1854, 214, '2025-06-30 11:18:02', 'Rajut 3', 'B1', 'J365184-12 24X8', 'BRIGHT WHITE L GREY', 13533.33, '', 'gudang'),
(1855, 254, '2025-06-30 11:18:02', 'Rajut 3', 'A1', 'J355764-10 22X18', 'UNIVERSAL BLACK GREY', 11520.83, '', 'gudang'),
(1856, 254, '2025-06-30 11:18:02', 'Rajut 3', 'B1', 'J355764-10 24X18', 'UNIVERSAL BLACK GREY', 14029.17, '', 'gudang'),
(1857, 255, '2025-06-30 11:18:02', 'Rajut 3', 'A1', 'J355764-17 22X18', 'LT GREYMEL GREY', 956.67, '', 'gudang'),
(1858, 255, '2025-06-30 11:18:02', 'Rajut 3', 'B1', 'J355764-17 24X18', 'LT GREYMEL GREY', 1540, '', 'gudang'),
(1859, 255, '2025-06-30 11:18:02', 'Rajut 3', 'A2', 'J355764-20 22X18', 'SILVER GREYMEL GREY', 956.67, '', 'gudang'),
(1860, 255, '2025-06-30 11:18:02', 'Rajut 3', 'B2', 'J355764-20 24X18', 'SILVER GREYMEL GREY', 1540, '', 'gudang'),
(1861, 255, '2025-06-30 11:18:02', 'Rajut 3', 'A3', 'J355764-29 22X18', 'D. ROSAMEL L GREY', 956.67, '', 'gudang'),
(1862, 255, '2025-06-30 11:18:02', 'Rajut 3', 'B3', 'J355764-29 24X18', 'D. ROSAMEL L GREY', 1540, '', 'gudang'),
(1863, 255, '2025-06-30 11:18:02', 'Rajut 3', 'A4', 'J355764-30 22X18', 'HEAVENLY PINK L GREY', 956.67, '', 'gudang'),
(1864, 255, '2025-06-30 11:18:02', 'Rajut 3', 'B4', 'J355764-30 24X18', 'HEAVENLY PINK L GREY', 1540, '', 'gudang'),
(1865, 255, '2025-06-30 11:18:02', 'Rajut 3', 'A5', 'J355764-31 22X18', 'GREY MEL L. GREY', 956.67, '', 'gudang'),
(1866, 255, '2025-06-30 11:18:02', 'Rajut 3', 'B5', 'J355764-31 24X18', 'GREY MEL L. GREY', 1540, '', 'gudang'),
(1867, 256, '2025-06-30 11:18:02', 'Rajut 3', 'A1', 'J355764-11 22X18', 'BRIGHT WHITE GREY', 1306.67, '', 'gudang'),
(1868, 256, '2025-06-30 11:18:02', 'Rajut 3', 'B1', 'J355764-11 24X18', 'BRIGHT WHITE GREY', 1633.33, '', 'gudang'),
(1869, 256, '2025-06-30 11:18:02', 'Rajut 3', 'A2', 'J355764-12 22X18', 'LT BLUEMEL GREY', 653.33, '', 'gudang'),
(1870, 256, '2025-06-30 11:18:02', 'Rajut 3', 'B2', 'J355764-12 24X18', 'LT BLUEMEL GREY', 816.67, '', 'gudang'),
(1871, 256, '2025-06-30 11:18:02', 'Rajut 3', 'A3', 'J355764-13 22X18', 'MARINA GREY', 653.33, '', 'gudang'),
(1872, 256, '2025-06-30 11:18:02', 'Rajut 3', 'B3', 'J355764-13 24X18', 'MARINA GREY', 816.67, '', 'gudang'),
(1873, 256, '2025-06-30 11:18:02', 'Rajut 3', 'A4', 'J355764-14 22X18', 'SKY CAPTAIN GREY', 653.33, '', 'gudang'),
(1874, 256, '2025-06-30 11:18:02', 'Rajut 3', 'B4', 'J355764-14 24X18', 'SKY CAPTAIN GREY', 816.67, '', 'gudang'),
(1875, 256, '2025-06-30 11:18:02', 'Rajut 3', 'A5', 'J355764-15 22X18', 'SESAMMEL GREY', 1306.67, '', 'gudang'),
(1876, 256, '2025-06-30 11:18:02', 'Rajut 3', 'B5', 'J355764-15 24X18', 'SESAMMEL GREY', 1633.33, '', 'gudang'),
(1877, 256, '2025-06-30 11:18:02', 'Rajut 3', 'A6', 'J355764-16 22X18', 'EXT. LT GREYMEL GREY', 1306.67, '', 'gudang'),
(1878, 256, '2025-06-30 11:18:02', 'Rajut 3', 'B6', 'J355764-16 24X18', 'EXT. LT GREYMEL GREY', 1633.33, '', 'gudang'),
(1879, 256, '2025-06-30 11:18:02', 'Rajut 3', 'A7', 'J355764-17 22X18', 'LT GREYMEL GREY', 653.33, '', 'gudang'),
(1880, 256, '2025-06-30 11:18:02', 'Rajut 3', 'B7', 'J355764-17 24X18', 'LT GREYMEL GREY', 816.67, '', 'gudang'),
(1881, 257, '2025-06-30 11:18:02', 'Rajut 3', 'A1', 'J466874-2 19X6', 'UNIVERSAL BLACK BLACK', 1215, '', 'gudang'),
(1882, 257, '2025-06-30 11:18:02', 'Rajut 3', 'B1', 'J466874-2 21X6', 'UNIVERSAL BLACK BLACK', 900, '', 'gudang'),
(1883, 258, '2025-06-30 11:18:02', 'Rajut 3', 'A1', 'J365174-2 22X8', 'BRIGHT WHITE BLACK', 7300, '', 'gudang'),
(1884, 258, '2025-06-30 11:18:02', 'Rajut 3', 'B1', 'J365174-2 24X8', 'BRIGHT WHITE BLACK', 7950, '', 'gudang'),
(1885, 215, '2025-06-30 11:18:02', 'Rajut 3', 'E1', 'J481104-1 22X17.5', 'OFFWHITE GREY (KANAN)', 1.63, '', 'gudang'),
(1886, 215, '2025-06-30 11:18:02', 'Rajut 3', 'J2', 'J481114-1 22X17.5', 'OFFWHITE GREY (KIRI)', 1.63, '', 'gudang'),
(1887, 215, '2025-06-30 11:18:02', 'Rajut 3', 'O3', 'J481124-1 22X17.5', 'L. PINK WHITE AY (KANAN)', 1.63, '', 'gudang'),
(1888, 215, '2025-06-30 11:18:02', 'Rajut 3', 'T4', 'J481134-1 22X17.5', 'L. PINK WHITE AY (KIRI)', 1.63, '', 'gudang'),
(1889, 215, '2025-06-30 11:18:02', 'Rajut 3', 'Y5', 'J481144-1 22X17.5', 'L. PINK BLACK (KANAN)', 1.63, '', 'gudang'),
(1890, 215, '2025-06-30 11:18:02', 'Rajut 3', 'E6', 'J481154-1 22X17.5', 'L. PINK BLACK (KIRI)', 1.63, '', 'gudang'),
(1891, 215, '2025-06-30 11:18:02', 'Rajut 3', 'J7', 'J481174-1 22X17.5', 'GREEN L. PINK AY', 3.25, '', 'gudang'),
(1892, 215, '2025-06-30 11:18:02', 'Rajut 3', 'O8', 'J481234-1 22X17.5', 'OFFWHITE RW AY', 3.25, '', 'gudang'),
(1893, 215, '2025-06-30 11:18:02', 'Rajut 3', 'T9', 'J481244-1 22X17.5', 'GREEN L. GREEN', 3.25, '', 'gudang'),
(1894, 215, '2025-06-30 11:18:02', 'Rajut 3', 'Y10', 'J483184-1 22X17.5', 'L. ORANGE WHITE', 3.25, '', 'gudang'),
(1895, 216, '2025-06-30 11:18:02', 'Rajut 3', 'D1', 'J479984-1 22X18', 'NAVY D. BROWN GREY', 155, '', 'gudang'),
(1896, 216, '2025-06-30 11:18:02', 'Rajut 3', 'H2', 'J479994-1 22X18', 'NAVY BROWN', 155, '', 'gudang'),
(1897, 216, '2025-06-30 11:18:02', 'Rajut 3', 'L3', 'J480004-1 22X18', 'D. BROWN NAVY GREY', 155, '', 'gudang'),
(1898, 216, '2025-06-30 11:18:02', 'Rajut 3', 'P4', 'J480014-1 22X18', 'BLACK L. GREYMEL ROYAL', 104.5, '', 'gudang'),
(1899, 216, '2025-06-30 11:18:02', 'Rajut 3', 'T5', 'J480024-1 22X18', 'L. GREYMEL BLACK', 104.5, '', 'gudang'),
(1900, 216, '2025-06-30 11:18:02', 'Rajut 3', 'X6', 'J480034-1 22X18', 'GREYMEL ROYAL BLACK', 104.5, '', 'gudang'),
(1901, 216, '2025-06-30 11:18:02', 'Rajut 3', 'D7', 'J480044-1 22X18', 'BROWN L GREEN D. BLUE', 85, '', 'gudang'),
(1902, 216, '2025-06-30 11:18:02', 'Rajut 3', 'H8', 'J480054-1 22X18', 'D. BLUE L. GREYMEL GREEN', 85, '', 'gudang'),
(1903, 216, '2025-06-30 11:18:02', 'Rajut 3', 'L9', 'J480064-1 22X18', 'D. BLUE L GREEN L GREY BROWN', 85, '', 'gudang'),
(1904, 216, '2025-06-30 11:18:02', 'Rajut 3', 'P10', 'J480074-1 22X18', 'D. GREEN GREYMEL', 77.5, '', 'gudang'),
(1905, 216, '2025-06-30 11:18:02', 'Rajut 3', 'P11', 'J480074-2 22X18', 'GREYMEL D. GREYMEL', 77.5, '', 'gudang'),
(1906, 216, '2025-06-30 11:18:02', 'Rajut 3', 'P12', 'J480074-3 22X18', 'D. GREYMEL D. GREEN', 77.5, '', 'gudang'),
(1907, 216, '2025-06-30 11:18:02', 'Rajut 3', 'P13', 'J480074-4 22X18', 'D. BLUE BLUE', 105, '', 'gudang'),
(1908, 216, '2025-06-30 11:18:02', 'Rajut 3', 'P14', 'J480074-5 22X18', 'BLUE D. BLUE', 105, '', 'gudang'),
(1909, 216, '2025-06-30 11:18:02', 'Rajut 3', 'P15', 'J480074-6 22X18', 'L. BEIGE D. BLUE', 105, '', 'gudang'),
(1910, 216, '2025-06-30 11:18:02', 'Rajut 3', 'T16', 'J480084-1 22X18', 'L. GREYMEL YELLOW BLACK', 52, '', 'gudang'),
(1911, 216, '2025-06-30 11:18:02', 'Rajut 3', 'X17', 'J480094-1 22X18', 'L. GREYMEL NAVY YELLOW', 52, '', 'gudang'),
(1912, 216, '2025-06-30 11:18:02', 'Rajut 3', 'D18', 'J480104-1 22X18', 'NAVY YELLOW L GREY', 52, '', 'gudang'),
(1913, 259, '2025-06-30 11:18:02', 'Rajut 3', 'A1', 'J484364-1 23X17', 'JET STREAM BEIGE X LUREX GOLD', 152, '', 'gudang'),
(1914, 259, '2025-06-30 11:18:02', 'Rajut 3', 'B1', 'J484364-1 25X17', 'JET STREAM BEIGE X LUREX GOLD', 233.83, '', 'gudang'),
(1915, 259, '2025-06-30 11:18:02', 'Rajut 3', 'C2', 'J485634-1 23X17', 'GREY MEL B WHITE', 152, '', 'gudang'),
(1916, 259, '2025-06-30 11:18:02', 'Rajut 3', 'D2', 'J485634-1 25X17', 'GREY MEL B WHITE', 233.83, '', 'gudang'),
(1917, 259, '2025-06-30 11:18:02', 'Rajut 3', 'E3', 'J486394-1 23X17', 'BLACK IRIS L GREY X LUREX SILV', 152, '', 'gudang'),
(1918, 259, '2025-06-30 11:18:02', 'Rajut 3', 'F3', 'J486394-1 25X17', 'BLACK IRIS L GREY X LUREX SILV', 233.83, '', 'gudang'),
(1919, 219, '2025-06-30 11:18:02', 'Rajut 3', 'C1', 'J484954-1 23X17.5', 'GREEN BLACK (KANAN)', 59.38, '', 'gudang'),
(1920, 219, '2025-06-30 11:18:02', 'Rajut 3', 'D1', 'J484954-1 25X18.5', 'GREEN BLACK (KANAN)', 27.08, '', 'gudang'),
(1921, 219, '2025-06-30 11:18:02', 'Rajut 3', 'G2', 'J486224-1 23X17.5', 'GREEN BLACK (KIRI)', 59.38, '', 'gudang'),
(1922, 219, '2025-06-30 11:18:02', 'Rajut 3', 'H2', 'J486224-1 25X18.5', 'GREEN BLACK (KIRI)', 27.08, '', 'gudang'),
(1923, 219, '2025-06-30 11:18:02', 'Rajut 3', 'K3', 'J484964-1 23X17.5', 'BLUE NAVY', 118.75, '', 'gudang'),
(1924, 219, '2025-06-30 11:18:02', 'Rajut 3', 'L3', 'J484964-1 25X18.5', 'BLUE NAVY', 54.17, '', 'gudang'),
(1925, 219, '2025-06-30 11:18:02', 'Rajut 3', 'O4', 'J484974-1 23X17.5', 'SKY WAY SNOW WHITE (KANAN)', 59.38, '', 'gudang'),
(1926, 219, '2025-06-30 11:18:02', 'Rajut 3', 'P4', 'J484974-1 25X18.5', 'SKY WAY SNOW WHITE (KANAN)', 27.08, '', 'gudang'),
(1927, 219, '2025-06-30 11:18:02', 'Rajut 3', 'S5', 'J484984-1 23X17.5', 'SKY WAY SNOW WHITE (KIRI)', 59.38, '', 'gudang'),
(1928, 219, '2025-06-30 11:18:02', 'Rajut 3', 'T5', 'J484984-1 25X18.5', 'SKY WAY SNOW WHITE (KIRI)', 27.08, '', 'gudang'),
(1929, 219, '2025-06-30 11:18:02', 'Rajut 3', 'W6', 'J484994-1 23X17.5', 'LIGHT TAUPE PINK', 118.75, '', 'gudang'),
(1930, 219, '2025-06-30 11:18:02', 'Rajut 3', 'X6', 'J484994-1 25X18.5', 'LIGHT TAUPE PINK', 54.17, '', 'gudang'),
(1931, 219, '2025-06-30 11:18:02', 'Rajut 3', 'C7', 'J485004-1 23X17.5', 'SNOW WHITE PINK (KANAN)', 59.38, '', 'gudang'),
(1932, 219, '2025-06-30 11:18:02', 'Rajut 3', 'D7', 'J485004-1 25X18.5', 'SNOW WHITE PINK (KANAN)', 27.08, '', 'gudang'),
(1933, 219, '2025-06-30 11:18:02', 'Rajut 3', 'G8', 'J485014-1 23X17.5', 'SNOW WHITE PINK (KIRI)', 59.38, '', 'gudang'),
(1934, 219, '2025-06-30 11:18:02', 'Rajut 3', 'H8', 'J485014-1 25X18.5', 'SNOW WHITE PINK (KIRI)', 27.08, '', 'gudang'),
(1935, 260, '2025-06-30 11:18:02', 'Rajut 3', 'A1', 'J401514-26 20X6', 'D. GREY MEL RW', 388.5, '', 'gudang'),
(1936, 260, '2025-06-30 11:18:02', 'Rajut 3', 'B1', 'J401514-26 22X6', 'D. GREY MEL RW', 248.58, '', 'gudang'),
(1937, 260, '2025-06-30 11:18:02', 'Rajut 3', 'C2', 'J401524-31 20X6', 'GREY MEL RW', 388.5, '', 'gudang'),
(1938, 260, '2025-06-30 11:18:02', 'Rajut 3', 'D2', 'J401524-31 22X6', 'GREY MEL RW', 248.58, '', 'gudang'),
(1939, 260, '2025-06-30 11:18:02', 'Rajut 3', 'C3', 'J401524-39 20X6', 'L. PEACH RW', 388.5, '', 'gudang'),
(1940, 260, '2025-06-30 11:18:02', 'Rajut 3', 'D3', 'J401524-39 22X6', 'L. PEACH RW', 248.58, '', 'gudang'),
(1941, 260, '2025-06-30 11:18:02', 'Rajut 3', 'E4', 'J425114-3 20X6', 'L. PINK RW', 388.5, '', 'gudang'),
(1942, 260, '2025-06-30 11:18:02', 'Rajut 3', 'F4', 'J425114-3 22X6', 'L. PINK RW', 248.58, '', 'gudang'),
(1943, 260, '2025-06-30 11:18:02', 'Rajut 3', 'G5', 'J474744-1 20X6', 'OFF WHITE GREEN', 777, '', 'gudang'),
(1944, 260, '2025-06-30 11:18:02', 'Rajut 3', 'H5', 'J474744-1 22X6', 'OFF WHITE GREEN', 497.17, '', 'gudang'),
(1945, 260, '2025-06-30 11:18:02', 'Rajut 3', 'G6', 'J474744-2 20X6', 'L. GREY MEL GREEN', 388.5, '', 'gudang'),
(1946, 260, '2025-06-30 11:18:02', 'Rajut 3', 'H6', 'J474744-2 22X6', 'L. GREY MEL GREEN', 248.58, '', 'gudang'),
(1947, 220, '2025-06-30 11:18:02', 'Rajut 3', 'C1', 'J484804-1 23X17.5', 'ANGEL FALLS RW', 393.08, '', 'gudang'),
(1948, 220, '2025-06-30 11:18:02', 'Rajut 3', 'F2', 'J484814-1 23X17.5', 'ALLURE NAVY', 393.08, '', 'gudang'),
(1949, 220, '2025-06-30 11:18:02', 'Rajut 3', 'I3', 'J484824-1 23X17.5', 'NAVY RW', 393.08, '', 'gudang'),
(1950, 220, '2025-06-30 11:18:02', 'Rajut 3', 'I4', 'J484824-2 23X17.5', 'PEACH D. GREY', 393.08, '', 'gudang'),
(1951, 220, '2025-06-30 11:18:02', 'Rajut 3', 'L5', 'J484834-1 23X17.5', 'WHITE BEIGEXLUREX GOLD', 393.08, '', 'gudang'),
(1952, 220, '2025-06-30 11:18:02', 'Rajut 3', 'O6', 'J484844-1 23X17.5', 'BLUSHING ROSE RW', 393.08, '', 'gudang'),
(1953, 220, '2025-06-30 11:18:02', 'Rajut 3', 'R7', 'J484854-1 23X17.5', 'ANEMONE L. PINK', 393.08, '', 'gudang'),
(1954, 221, '2025-06-30 11:18:03', 'Rajut 3', 'B1', 'J483254-1 15X58.5', 'BROWN MELANGE D. BEIGE', 38.58, '', 'gudang'),
(1955, 221, '2025-06-30 11:18:03', 'Rajut 3', 'C1', 'J483254-1 17X67.5', 'BROWN MELANGE D. BEIGE', 52, '', 'gudang'),
(1956, 221, '2025-06-30 11:18:03', 'Rajut 3', 'D1', 'J483254-1 18X72.5', 'BROWN MELANGE D. BEIGE', 41.92, '', 'gudang'),
(1957, 221, '2025-06-30 11:18:03', 'Rajut 3', 'E1', 'J484204-1 20X79.5', 'BROWN MELANGE D. BEIGE', 5.42, '', 'gudang'),
(1958, 221, '2025-06-30 11:18:03', 'Rajut 3', 'G2', 'J483264-1 15X58.5', 'OATMEAL MELANGE D. PINK', 38.58, '', 'gudang'),
(1959, 221, '2025-06-30 11:18:03', 'Rajut 3', 'H2', 'J483264-1 17X67.5', 'OATMEAL MELANGE D. PINK', 52, '', 'gudang'),
(1960, 221, '2025-06-30 11:18:03', 'Rajut 3', 'I2', 'J483264-1 18X72.5', 'OATMEAL MELANGE D. PINK', 41.92, '', 'gudang'),
(1961, 221, '2025-06-30 11:18:03', 'Rajut 3', 'J2', 'J484214-1 20X79.5', 'OATMEAL MELANGE D. PINK', 5.42, '', 'gudang'),
(1962, 222, '2025-06-30 11:18:03', 'Rajut 3', 'B1', 'J430144-1 15X58.5', 'OATMEAL MELANGE RW', 538.75, '', 'gudang'),
(1963, 222, '2025-06-30 11:18:03', 'Rajut 3', 'C1', 'J430144-1 17X67.5', 'OATMEAL MELANGE RW', 747.92, '', 'gudang'),
(1964, 222, '2025-06-30 11:18:03', 'Rajut 3', 'D1', 'J430144-1 18X72.5', 'OATMEAL MELANGE RW', 737.08, '', 'gudang'),
(1965, 222, '2025-06-30 11:18:03', 'Rajut 3', 'E1', 'J431104-5 20X79.5', 'OATMEAL MELANGE RW', 236.17, '', 'gudang'),
(1966, 222, '2025-06-30 11:18:03', 'Rajut 3', 'G2', 'J430144-2 15X58.5', 'BROWN MELANGE BEIGE', 538.75, '', 'gudang'),
(1967, 222, '2025-06-30 11:18:03', 'Rajut 3', 'H2', 'J430144-2 17X67.5', 'BROWN MELANGE BEIGE', 747.92, '', 'gudang'),
(1968, 222, '2025-06-30 11:18:03', 'Rajut 3', 'I2', 'J430144-2 18X72.5', 'BROWN MELANGE BEIGE', 737.08, '', 'gudang'),
(1969, 222, '2025-06-30 11:18:03', 'Rajut 3', 'J2', 'J431104-6 20X79.5', 'BROWN MELANGE BEIGE', 236.17, '', 'gudang'),
(1970, 223, '2025-06-30 11:18:03', 'Rajut 3', 'E1', 'J481964-1 23X17.5', 'PASTEL LILAC D GREY (KANAN)', 104.88, '', 'gudang'),
(1971, 223, '2025-06-30 11:18:03', 'Rajut 3', 'F1', 'J481964-1 25X18.5', 'PASTEL LILAC D GREY (KANAN)', 34.92, '', 'gudang'),
(1972, 223, '2025-06-30 11:18:03', 'Rajut 3', 'K2', 'J481974-1 23X17.5', 'PASTEL LILAC D GREY (KIRI)', 104.88, '', 'gudang'),
(1973, 223, '2025-06-30 11:18:03', 'Rajut 3', 'L2', 'J481974-1 25X18.5', 'PASTEL LILAC D GREY (KIRI)', 34.92, '', 'gudang'),
(1974, 223, '2025-06-30 11:18:03', 'Rajut 3', 'Q3', 'J481984-1 23X17.5', 'OPEN AIR BLACK', 209.75, '', 'gudang'),
(1975, 223, '2025-06-30 11:18:03', 'Rajut 3', 'R3', 'J481984-1 25X18.5', 'OPEN AIR BLACK', 69.83, '', 'gudang'),
(1976, 223, '2025-06-30 11:18:03', 'Rajut 3', 'W4', 'J482014-1 23X17.5', 'PASTEL LILAC NAVY', 209.75, '', 'gudang'),
(1977, 223, '2025-06-30 11:18:03', 'Rajut 3', 'X4', 'J482014-1 25X18.5', 'PASTEL LILAC NAVY', 69.83, '', 'gudang'),
(1978, 223, '2025-06-30 11:18:03', 'Rajut 3', 'E5', 'J482004-1 23X17.5', 'BLACK IRIS OPEN AIR', 209.75, '', 'gudang'),
(1979, 223, '2025-06-30 11:18:03', 'Rajut 3', 'F5', 'J482004-1 25X18.5', 'BLACK IRIS OPEN AIR', 69.83, '', 'gudang'),
(1980, 223, '2025-06-30 11:18:03', 'Rajut 3', 'K6', 'J481994-1 23X17.5', 'L BLUE MELANGE RW', 209.75, '', 'gudang'),
(1981, 223, '2025-06-30 11:18:03', 'Rajut 3', 'L6', 'J481994-1 25X18.5', 'L BLUE MELANGE RW', 69.83, '', 'gudang'),
(1982, 224, '2025-06-30 11:18:03', 'Rajut 3', 'E1', 'J484704-1 23X17.5', 'ALLURE RW', 223.08, '', 'gudang'),
(1983, 224, '2025-06-30 11:18:03', 'Rajut 3', 'F1', 'J484704-1 25X18.5', 'ALLURE RW', 81, '', 'gudang'),
(1984, 224, '2025-06-30 11:18:03', 'Rajut 3', 'K2', 'J484714-1 23X17.5', 'BLUSHING BRIDE PURPLE', 223.08, '', 'gudang'),
(1985, 224, '2025-06-30 11:18:03', 'Rajut 3', 'L2', 'J484714-1 25X18.5', 'BLUSHING BRIDE PURPLE', 81, '', 'gudang'),
(1986, 224, '2025-06-30 11:18:03', 'Rajut 3', 'Q3', 'J484724-1 23X17.5', 'BLACK IRIS RW', 223.08, '', 'gudang'),
(1987, 224, '2025-06-30 11:18:03', 'Rajut 3', 'R3', 'J484724-1 25X18.5', 'BLACK IRIS RW', 81, '', 'gudang'),
(1988, 224, '2025-06-30 11:18:03', 'Rajut 3', 'W4', 'J484734-1 23X17.5', 'GREEN PINK', 223.08, '', 'gudang'),
(1989, 224, '2025-06-30 11:18:03', 'Rajut 3', 'X4', 'J484734-1 25X18.5', 'GREEN PINK', 81, '', 'gudang'),
(1990, 224, '2025-06-30 11:18:03', 'Rajut 3', 'E5', 'J484744-1 23X17.5', 'PURPLE PINK', 223.08, '', 'gudang'),
(1991, 224, '2025-06-30 11:18:03', 'Rajut 3', 'F5', 'J484744-1 25X18.5', 'PURPLE PINK', 81, '', 'gudang'),
(1992, 225, '2025-06-30 11:18:03', 'Rajut 3', 'C1', 'J455504-3 21.5X17.5', 'PINK L. PINK AY', 160.42, '', 'gudang'),
(1993, 225, '2025-06-30 11:18:03', 'Rajut 3', 'C2', 'J455504-4 21.5X17.5', 'PURPLE PURPLE', 160.42, '', 'gudang'),
(1994, 225, '2025-06-30 11:18:03', 'Rajut 3', 'F3', 'J467694-1 21.5X17.5', 'PURPLE BEIGE (KANAN)', 80.21, '', 'gudang'),
(1995, 225, '2025-06-30 11:18:03', 'Rajut 3', 'I4', 'J467704-1 21.5X17.5', 'PURPLE BEIGE (KIRI)', 80.21, '', 'gudang'),
(1996, 225, '2025-06-30 11:18:03', 'Rajut 3', 'L5', 'J467714-1 21.5X17.5', 'PINK OFF WHITE (KANAN)', 80.21, '', 'gudang'),
(1997, 225, '2025-06-30 11:18:03', 'Rajut 3', 'O6', 'J467724-1 21.5X17.5', 'PINK OFF WHITE (KIRI)', 80.21, '', 'gudang'),
(1998, 225, '2025-06-30 11:18:03', 'Rajut 3', 'R7', 'J467734-1 21.5X17.5', 'YELLOW OFF WHITE', 160.42, '', 'gudang'),
(1999, 225, '2025-06-30 11:18:03', 'Rajut 3', 'U8', 'J467744-1 21.5X17.5', 'PURPLE PINK', 160.42, '', 'gudang'),
(2000, 225, '2025-06-30 11:18:03', 'Rajut 3', 'U9', 'J467744-2 21.5X17.5', 'GREEN OFF WHITE', 160.42, '', 'gudang'),
(2001, 261, '2025-06-30 11:18:03', 'Rajut 3', 'A1', 'J480304-1 18X14', 'BURGUNDY WHITE (KANAN)', 1.46, '', 'gudang'),
(2002, 261, '2025-06-30 11:18:03', 'Rajut 3', 'B1', 'J480304-1 20X15', 'BURGUNDY WHITE (KANAN)', 12.29, '', 'gudang'),
(2003, 261, '2025-06-30 11:18:03', 'Rajut 3', 'C1', 'J480304-1 22X16', 'BURGUNDY WHITE (KANAN)', 7.08, '', 'gudang'),
(2004, 261, '2025-06-30 11:18:03', 'Rajut 3', 'D2', 'J480314-1 18X14', 'BURGUNDY WHITE (KIRI)', 1.46, '', 'gudang'),
(2005, 261, '2025-06-30 11:18:03', 'Rajut 3', 'E2', 'J480314-1 20X15', 'BURGUNDY WHITE (KIRI)', 12.29, '', 'gudang'),
(2006, 261, '2025-06-30 11:18:03', 'Rajut 3', 'F2', 'J480314-1 22X16', 'BURGUNDY WHITE (KIRI)', 7.08, '', 'gudang'),
(2007, 226, '2025-06-30 11:18:03', 'Rajut 3', 'D1', 'J466054-1 22X8', 'NEW WHITE RW AY', 61.67, '', 'gudang'),
(2008, 227, '2025-06-30 11:18:03', 'Rajut 3', 'D1', 'J466054-1 22X8', 'NEW WHITE RW AY', 28.5, '', 'gudang'),
(2009, 227, '2025-06-30 11:18:03', 'Rajut 3', 'E1', 'J466054-1 23.5X8', 'NEW WHITE RW AY', 97.33, '', 'gudang'),
(2010, 227, '2025-06-30 11:18:03', 'Rajut 3', 'F1', 'J466054-1 25X8.5', 'NEW WHITE RW AY', 181.67, '', 'gudang'),
(2011, 227, '2025-06-30 11:18:03', 'Rajut 3', 'D2', 'J466054-2 22X8', 'L. GREY RW AY', 42.75, '', 'gudang'),
(2012, 227, '2025-06-30 11:18:03', 'Rajut 3', 'E2', 'J466054-2 23.5X8', 'L. GREY RW AY', 146, '', 'gudang'),
(2013, 227, '2025-06-30 11:18:03', 'Rajut 3', 'F2', 'J466054-2 25X8.5', 'L. GREY RW AY', 272.5, '', 'gudang'),
(2014, 227, '2025-06-30 11:18:03', 'Rajut 3', 'J3', 'J466064-1 22X8', 'GREY RW', 28.5, '', 'gudang'),
(2015, 227, '2025-06-30 11:18:03', 'Rajut 3', 'K3', 'J466064-1 23.5X8', 'GREY RW', 97.33, '', 'gudang'),
(2016, 227, '2025-06-30 11:18:03', 'Rajut 3', 'L3', 'J466064-1 25X8.5', 'GREY RW', 181.67, '', 'gudang'),
(2017, 227, '2025-06-30 11:18:03', 'Rajut 3', 'J4', 'J466064-2 22X8', 'NEW BLACK BLACK', 42.75, '', 'gudang'),
(2018, 227, '2025-06-30 11:18:03', 'Rajut 3', 'K4', 'J466064-2 23.5X8', 'NEW BLACK BLACK', 146, '', 'gudang'),
(2019, 227, '2025-06-30 11:18:03', 'Rajut 3', 'L4', 'J466064-2 25X8.5', 'NEW BLACK BLACK', 272.5, '', 'gudang'),
(2020, 262, '2025-06-30 11:18:03', 'Rajut 3', 'A1', 'J435774-10 20X18', 'M. SAND MEL RW AY', 249.92, '', 'gudang'),
(2021, 262, '2025-06-30 11:18:03', 'Rajut 3', 'B1', 'J435774-10 22X19', 'M. SAND MEL RW AY', 295.92, '', 'gudang'),
(2022, 262, '2025-06-30 11:18:03', 'Rajut 3', 'A2', 'J435774-9 20X18', 'OFF WHITE RW AY', 249.92, '', 'gudang'),
(2023, 262, '2025-06-30 11:18:03', 'Rajut 3', 'B2', 'J435774-9 22X19', 'OFF WHITE RW AY', 295.92, '', 'gudang'),
(2024, 262, '2025-06-30 11:18:03', 'Rajut 3', 'C3', 'J435784-6 20X18', 'L. BROWN MEL L. BROWN', 249.92, '', 'gudang'),
(2025, 262, '2025-06-30 11:18:03', 'Rajut 3', 'D3', 'J435784-6 22X19', 'L. BROWN MEL L. BROWN', 295.92, '', 'gudang'),
(2026, 262, '2025-06-30 11:18:03', 'Rajut 3', 'E4', 'J435794-1 20X18', 'PEACH LUREX SILVER', 249.92, '', 'gudang'),
(2027, 262, '2025-06-30 11:18:03', 'Rajut 3', 'F4', 'J435794-1 22X19', 'PEACH LUREX SILVER', 295.92, '', 'gudang'),
(2028, 262, '2025-06-30 11:18:03', 'Rajut 3', 'G5', 'J481584-1 20X18', 'OFF WHITE BEIGE X LUREX SILVER', 499.83, '', 'gudang'),
(2029, 262, '2025-06-30 11:18:03', 'Rajut 3', 'H5', 'J481584-1 22X19', 'OFF WHITE BEIGE X LUREX SILVER', 591.83, '', 'gudang'),
(2030, 262, '2025-06-30 11:18:03', 'Rajut 3', 'I6', 'J481594-1 20X18', 'OFF WHITE BEIGE', 249.92, '', 'gudang'),
(2031, 262, '2025-06-30 11:18:03', 'Rajut 3', 'J6', 'J481594-1 22X19', 'OFF WHITE BEIGE', 295.92, '', 'gudang'),
(2032, 263, '2025-06-30 11:18:03', 'Rajut 3', 'A1', 'J435784-2 20X18', 'NEW BLACK BLACK', 585.75, '', 'gudang'),
(2033, 263, '2025-06-30 11:18:03', 'Rajut 3', 'B1', 'J435784-2 22X19', 'NEW BLACK BLACK', 648.58, '', 'gudang'),
(2034, 263, '2025-06-30 11:18:03', 'Rajut 3', 'A2', 'J435784-7 20X18', 'GREY MEL L. GREY', 585.75, '', 'gudang'),
(2035, 263, '2025-06-30 11:18:03', 'Rajut 3', 'B2', 'J435784-7 22X19', 'GREY MEL L. GREY', 648.58, '', 'gudang'),
(2036, 263, '2025-06-30 11:18:03', 'Rajut 3', 'A3', 'J435784-8 20X18', 'D. GREY MEL BLACK', 585.75, '', 'gudang'),
(2037, 263, '2025-06-30 11:18:03', 'Rajut 3', 'B3', 'J435784-8 22X19', 'D. GREY MEL BLACK', 648.58, '', 'gudang'),
(2038, 263, '2025-06-30 11:18:03', 'Rajut 3', 'C4', 'J435794-2 20X18', 'L. PINK LUREX SILVER', 585.75, '', 'gudang'),
(2039, 263, '2025-06-30 11:18:03', 'Rajut 3', 'D4', 'J435794-2 22X19', 'L. PINK LUREX SILVER', 648.58, '', 'gudang'),
(2040, 263, '2025-06-30 11:18:03', 'Rajut 3', 'E5', 'J439074-2 20X18', 'NEW BLACK LUREX SILVER', 585.75, '', 'gudang'),
(2041, 263, '2025-06-30 11:18:03', 'Rajut 3', 'F5', 'J439074-2 22X19', 'NEW BLACK LUREX SILVER', 648.58, '', 'gudang'),
(2042, 263, '2025-06-30 11:18:03', 'Rajut 3', 'G6', 'J481584-2 20X18', 'OFF WHITE L. BEIGE X LUREX SIL', 1171.5, '', 'gudang'),
(2043, 263, '2025-06-30 11:18:03', 'Rajut 3', 'H6', 'J481584-2 22X19', 'OFF WHITE L. BEIGE X LUREX SIL', 1297.17, '', 'gudang'),
(2044, 264, '2025-06-30 11:18:03', 'Rajut 3', 'A1', 'J480264-1 20X15', 'OFF WHITE BLACK (KANAN)', 37.96, '', 'gudang'),
(2045, 264, '2025-06-30 11:18:03', 'Rajut 3', 'B1', 'J480264-1 22X16', 'OFF WHITE BLACK (KANAN)', 41.75, '', 'gudang'),
(2046, 264, '2025-06-30 11:18:03', 'Rajut 3', 'A2', 'J480264-2 20X15', 'GREY MEL BLACK (KANAN)', 37.96, '', 'gudang'),
(2047, 264, '2025-06-30 11:18:03', 'Rajut 3', 'B2', 'J480264-2 22X16', 'GREY MEL BLACK (KANAN)', 41.75, '', 'gudang'),
(2048, 264, '2025-06-30 11:18:03', 'Rajut 3', 'C3', 'J480274-1 20X15', 'OFF WHITE BLACK (KIRI)', 37.96, '', 'gudang'),
(2049, 264, '2025-06-30 11:18:03', 'Rajut 3', 'D3', 'J480274-1 22X16', 'OFF WHITE BLACK (KIRI)', 41.75, '', 'gudang'),
(2050, 264, '2025-06-30 11:18:03', 'Rajut 3', 'C4', 'J480274-2 20X15', 'GREY MEL BLACK (KIRI)', 37.96, '', 'gudang'),
(2051, 264, '2025-06-30 11:18:03', 'Rajut 3', 'D4', 'J480274-2 22X16', 'GREY MEL BLACK (KIRI)', 41.75, '', 'gudang'),
(2052, 264, '2025-06-30 11:18:03', 'Rajut 3', 'E5', 'J483074-1 20X15', 'BLACK WHITE (KANAN)', 37.96, '', 'gudang'),
(2053, 264, '2025-06-30 11:18:03', 'Rajut 3', 'F5', 'J483074-1 22X16', 'BLACK WHITE (KANAN)', 41.75, '', 'gudang'),
(2054, 264, '2025-06-30 11:18:03', 'Rajut 3', 'G6', 'J483084-1 20X15', 'BLACK WHITE (KIRI)', 37.96, '', 'gudang'),
(2055, 264, '2025-06-30 11:18:03', 'Rajut 3', 'H6', 'J483084-1 22X16', 'BLACK WHITE (KIRI)', 41.75, '', 'gudang'),
(2056, 265, '2025-06-30 11:18:03', 'Rajut 3', 'A1', 'J482974-1 20X25', 'NATURAL WHITE BLACK (KANAN)', 16.46, '', 'gudang'),
(2057, 265, '2025-06-30 11:18:03', 'Rajut 3', 'B1', 'J482974-1 22X26', 'NATURAL WHITE BLACK (KANAN)', 15.92, '', 'gudang'),
(2058, 265, '2025-06-30 11:18:03', 'Rajut 3', 'C2', 'J482984-1 20X25', 'NATURAL WHITE BLACK (KIRI)', 16.46, '', 'gudang'),
(2059, 265, '2025-06-30 11:18:03', 'Rajut 3', 'D2', 'J482984-1 22X26', 'NATURAL WHITE BLACK (KIRI)', 15.92, '', 'gudang'),
(2060, 265, '2025-06-30 11:18:03', 'Rajut 3', 'E3', 'J483214-1 20X25', 'OFF WHITE NEW BLACK (KANAN)', 16.46, '', 'gudang'),
(2061, 265, '2025-06-30 11:18:03', 'Rajut 3', 'F3', 'J483214-1 22X26', 'OFF WHITE NEW BLACK (KANAN)', 15.92, '', 'gudang'),
(2062, 265, '2025-06-30 11:18:03', 'Rajut 3', 'G4', 'J483224-1 20X25', 'OFF WHITE NEW BLACK (KIRI)', 16.46, '', 'gudang'),
(2063, 265, '2025-06-30 11:18:03', 'Rajut 3', 'H4', 'J483224-1 22X26', 'OFF WHITE NEW BLACK (KIRI)', 15.92, '', 'gudang'),
(2064, 265, '2025-06-30 11:18:03', 'Rajut 3', 'I5', 'J483874-1 20X25', 'L. GREY MEL RW AY', 32.92, '', 'gudang'),
(2065, 265, '2025-06-30 11:18:03', 'Rajut 3', 'J5', 'J483874-1 22X26', 'L. GREY MEL RW AY', 31.83, '', 'gudang'),
(2066, 228, '2025-06-30 11:18:03', 'Rajut 3', 'E1', 'J481104-1 22X17.5', 'OFFWHITE GREY (KANAN)', 0.29, '', 'gudang'),
(2067, 228, '2025-06-30 11:18:03', 'Rajut 3', 'J2', 'J481114-1 22X17.5', 'OFFWHITE GREY (KIRI)', 0.29, '', 'gudang'),
(2068, 228, '2025-06-30 11:18:03', 'Rajut 3', 'O3', 'J481124-1 22X17.5', 'L. PINK WHITE AY (KANAN)', 0.29, '', 'gudang'),
(2069, 228, '2025-06-30 11:18:03', 'Rajut 3', 'T4', 'J481134-1 22X17.5', 'L. PINK WHITE AY (KIRI)', 0.29, '', 'gudang'),
(2070, 228, '2025-06-30 11:18:03', 'Rajut 3', 'Y5', 'J481144-1 22X17.5', 'L. PINK BLACK (KANAN)', 0.29, '', 'gudang'),
(2071, 228, '2025-06-30 11:18:03', 'Rajut 3', 'E6', 'J481154-1 22X17.5', 'L. PINK BLACK (KIRI)', 0.29, '', 'gudang'),
(2072, 228, '2025-06-30 11:18:03', 'Rajut 3', 'J7', 'J481174-1 22X17.5', 'GREEN L. PINK AY', 0.58, '', 'gudang'),
(2073, 228, '2025-06-30 11:18:03', 'Rajut 3', 'O8', 'J481234-1 22X17.5', 'OFFWHITE RW AY', 0.58, '', 'gudang'),
(2074, 228, '2025-06-30 11:18:03', 'Rajut 3', 'T9', 'J481244-1 22X17.5', 'GREEN L. GREEN', 0.58, '', 'gudang'),
(2075, 228, '2025-06-30 11:18:03', 'Rajut 3', 'Y10', 'J483184-1 22X17.5', 'L. ORANGE WHITE', 0.58, '', 'gudang'),
(2076, 266, '2025-06-30 11:18:03', 'Rajut 3', 'A1', 'J435784-2 20X18', 'NEW BLACK BLACK', 167.42, '', 'gudang'),
(2077, 266, '2025-06-30 11:18:03', 'Rajut 3', 'B1', 'J435784-2 22X19', 'NEW BLACK BLACK', 190.92, '', 'gudang'),
(2078, 266, '2025-06-30 11:18:03', 'Rajut 3', 'A2', 'J435784-7 20X18', 'GREY MEL L. GREY', 167.42, '', 'gudang'),
(2079, 266, '2025-06-30 11:18:03', 'Rajut 3', 'B2', 'J435784-7 22X19', 'GREY MEL L. GREY', 190.92, '', 'gudang'),
(2080, 266, '2025-06-30 11:18:03', 'Rajut 3', 'A3', 'J435784-8 20X18', 'D. GREY MEL BLACK', 167.42, '', 'gudang'),
(2081, 266, '2025-06-30 11:18:03', 'Rajut 3', 'B3', 'J435784-8 22X19', 'D. GREY MEL BLACK', 190.92, '', 'gudang'),
(2082, 266, '2025-06-30 11:18:03', 'Rajut 3', 'C4', 'J435794-2 20X18', 'L. PINK LUREX SILVER', 167.42, '', 'gudang'),
(2083, 266, '2025-06-30 11:18:03', 'Rajut 3', 'D4', 'J435794-2 22X19', 'L. PINK LUREX SILVER', 190.92, '', 'gudang'),
(2084, 266, '2025-06-30 11:18:03', 'Rajut 3', 'E5', 'J439074-2 20X18', 'NEW BLACK LUREX SILVER', 167.42, '', 'gudang'),
(2085, 266, '2025-06-30 11:18:03', 'Rajut 3', 'F5', 'J439074-2 22X19', 'NEW BLACK LUREX SILVER', 190.92, '', 'gudang'),
(2086, 266, '2025-06-30 11:18:03', 'Rajut 3', 'G6', 'J481584-2 20X18', 'OFF WHITE L. BEIGE X LUREX SIL', 334.83, '', 'gudang'),
(2087, 266, '2025-06-30 11:18:03', 'Rajut 3', 'H6', 'J481584-2 22X19', 'OFF WHITE L. BEIGE X LUREX SIL', 381.83, '', 'gudang'),
(2088, 267, '2025-06-30 11:18:03', 'Rajut 3', 'A1', 'J435774-10 20X18', 'M. SAND MEL RW AY', 70.58, '', 'gudang'),
(2089, 267, '2025-06-30 11:18:03', 'Rajut 3', 'B1', 'J435774-10 22X19', 'M. SAND MEL RW AY', 80.5, '', 'gudang'),
(2090, 267, '2025-06-30 11:18:03', 'Rajut 3', 'A2', 'J435774-9 20X18', 'OFF WHITE RW AY', 70.58, '', 'gudang'),
(2091, 267, '2025-06-30 11:18:03', 'Rajut 3', 'B2', 'J435774-9 22X19', 'OFF WHITE RW AY', 80.5, '', 'gudang'),
(2092, 267, '2025-06-30 11:18:03', 'Rajut 3', 'C3', 'J435784-6 20X18', 'L. BROWN MEL L. BROWN', 70.58, '', 'gudang'),
(2093, 267, '2025-06-30 11:18:03', 'Rajut 3', 'D3', 'J435784-6 22X19', 'L. BROWN MEL L. BROWN', 80.5, '', 'gudang'),
(2094, 267, '2025-06-30 11:18:03', 'Rajut 3', 'E4', 'J435794-1 20X18', 'PEACH LUREX SILVER', 70.58, '', 'gudang'),
(2095, 267, '2025-06-30 11:18:03', 'Rajut 3', 'F4', 'J435794-1 22X19', 'PEACH LUREX SILVER', 80.5, '', 'gudang'),
(2096, 267, '2025-06-30 11:18:03', 'Rajut 3', 'G5', 'J481584-1 20X18', 'OFF WHITE BEIGE X LUREX SILVER', 141.17, '', 'gudang'),
(2097, 267, '2025-06-30 11:18:03', 'Rajut 3', 'H5', 'J481584-1 22X19', 'OFF WHITE BEIGE X LUREX SILVER', 161, '', 'gudang'),
(2098, 267, '2025-06-30 11:18:03', 'Rajut 3', 'I6', 'J481594-1 20X18', 'OFF WHITE BEIGE', 70.58, '', 'gudang'),
(2099, 267, '2025-06-30 11:18:03', 'Rajut 3', 'J6', 'J481594-1 22X19', 'OFF WHITE BEIGE', 80.5, '', 'gudang'),
(2100, 229, '2025-06-30 11:18:03', 'Rajut 3', 'B1', 'J233444-1 20.5X19.5', 'BLACK RW', 438.33, '', 'gudang'),
(2101, 229, '2025-06-30 11:18:03', 'Rajut 3', 'C1', 'J233444-1 22.5X21.5', 'BLACK RW', 438.33, '', 'gudang'),
(2102, 229, '2025-06-30 11:18:03', 'Rajut 3', 'E2', 'J233444-2 20.5X19.5', 'NAVY RW', 263, '', 'gudang'),
(2103, 229, '2025-06-30 11:18:03', 'Rajut 3', 'F2', 'J233444-2 22.5X21.5', 'NAVY RW', 263, '', 'gudang'),
(2104, 229, '2025-06-30 11:18:03', 'Rajut 3', 'H3', 'J233444-3 20.5X19.5', 'GREY MEL RW', 175.33, '', 'gudang'),
(2105, 229, '2025-06-30 11:18:03', 'Rajut 3', 'I3', 'J233444-3 22.5X21.5', 'GREY MEL RW', 175.33, '', 'gudang'),
(2106, 230, '2025-06-30 11:18:03', 'Rajut 3', 'B1', 'J233924-1 20.5X8', 'WHITE BLACK', 285.83, '', 'gudang'),
(2107, 230, '2025-06-30 11:18:03', 'Rajut 3', 'C1', 'J233924-1 22.5X8', 'WHITE BLACK', 307.08, '', 'gudang'),
(2108, 230, '2025-06-30 11:18:03', 'Rajut 3', 'D2', 'J233924-2 20.5X8', 'BLACK RW', 285.83, '', 'gudang'),
(2109, 230, '2025-06-30 11:18:03', 'Rajut 3', 'E2', 'J233924-2 22.5X8', 'BLACK RW', 285.83, '', 'gudang'),
(2110, 231, '2025-06-30 11:18:03', 'Rajut 3', 'B1', 'J365184-12 24X8', 'BRIGHT WHITE L GREY', 920, '', 'gudang'),
(2111, 231, '2025-06-30 11:18:03', 'Rajut 3', 'B2', 'J365184-15 24X8', 'EX L GREY MEL L GREY', 920, '', 'gudang'),
(2112, 231, '2025-06-30 11:18:03', 'Rajut 3', 'B3', 'J365184-16 24X8', 'L GREY MEL L GREY', 460, '', 'gudang'),
(2113, 231, '2025-06-30 11:18:03', 'Rajut 3', 'B4', 'J365184-18 24X8', 'L BLUE MEL L GREY', 460, '', 'gudang'),
(2114, 231, '2025-06-30 11:18:03', 'Rajut 3', 'B5', 'J365184-19 24X8', 'MARINA L GREY', 460, '', 'gudang'),
(2115, 231, '2025-06-30 11:18:03', 'Rajut 3', 'B6', 'J365184-20 24X8', 'SKY CAPTAIN L GREY', 460, '', 'gudang'),
(2116, 231, '2025-06-30 11:18:03', 'Rajut 3', 'B7', 'J365184-21 24X8', 'SAND MEL L GREY', 920, '', 'gudang'),
(2117, 268, '2025-06-30 11:18:03', 'Rajut 3', 'A1', 'J355764-11 22X18', 'BRIGHT WHITE GREY', 1435, '', 'gudang'),
(2118, 268, '2025-06-30 11:18:03', 'Rajut 3', 'B1', 'J355764-11 24X18', 'BRIGHT WHITE GREY', 1703.33, '', 'gudang'),
(2119, 268, '2025-06-30 11:18:03', 'Rajut 3', 'A2', 'J355764-12 22X18', 'LT BLUEMEL GREY', 717.5, '', 'gudang'),
(2120, 268, '2025-06-30 11:18:03', 'Rajut 3', 'B2', 'J355764-12 24X18', 'LT BLUEMEL GREY', 851.67, '', 'gudang'),
(2121, 268, '2025-06-30 11:18:03', 'Rajut 3', 'A3', 'J355764-13 22X18', 'MARINA GREY', 717.5, '', 'gudang'),
(2122, 268, '2025-06-30 11:18:03', 'Rajut 3', 'B3', 'J355764-13 24X18', 'MARINA GREY', 851.67, '', 'gudang'),
(2123, 268, '2025-06-30 11:18:03', 'Rajut 3', 'A4', 'J355764-14 22X18', 'SKY CAPTAIN GREY', 717.5, '', 'gudang'),
(2124, 268, '2025-06-30 11:18:03', 'Rajut 3', 'B4', 'J355764-14 24X18', 'SKY CAPTAIN GREY', 851.67, '', 'gudang'),
(2125, 268, '2025-06-30 11:18:03', 'Rajut 3', 'A5', 'J355764-15 22X18', 'SESAMMEL GREY', 1435, '', 'gudang'),
(2126, 268, '2025-06-30 11:18:03', 'Rajut 3', 'B5', 'J355764-15 24X18', 'SESAMMEL GREY', 1703.33, '', 'gudang'),
(2127, 268, '2025-06-30 11:18:03', 'Rajut 3', 'A6', 'J355764-16 22X18', 'EXT. LT GREYMEL GREY', 1435, '', 'gudang'),
(2128, 268, '2025-06-30 11:18:03', 'Rajut 3', 'B6', 'J355764-16 24X18', 'EXT. LT GREYMEL GREY', 1703.33, '', 'gudang'),
(2129, 268, '2025-06-30 11:18:03', 'Rajut 3', 'A7', 'J355764-17 22X18', 'LT GREYMEL GREY', 717.5, '', 'gudang'),
(2130, 268, '2025-06-30 11:18:03', 'Rajut 3', 'B7', 'J355764-17 24X18', 'LT GREYMEL GREY', 851.67, '', 'gudang'),
(2131, 232, '2025-06-30 11:18:03', 'Rajut 3', 'B1', 'J365184-12 24X8', 'BRIGHT WHITE L GREY', 8600, '', 'gudang'),
(2132, 233, '2025-06-30 11:18:03', 'Rajut 3', 'B1', 'J365184-16 24X8', 'L GREY MEL L GREY', 733.33, '', 'gudang'),
(2133, 233, '2025-06-30 11:18:03', 'Rajut 3', 'B2', 'J365184-17 24X8', 'SILVERGREY MEL L GREY', 733.33, '', 'gudang'),
(2134, 233, '2025-06-30 11:18:03', 'Rajut 3', 'B3', 'J365184-30 24X8', 'D. ROSA MEL L GREY', 733.33, '', 'gudang'),
(2135, 233, '2025-06-30 11:18:03', 'Rajut 3', 'B4', 'J365184-31 24X8', 'HEAVENLY PINK L GREY', 733.33, '', 'gudang'),
(2136, 233, '2025-06-30 11:18:03', 'Rajut 3', 'B5', 'J365184-32 24X8', 'GREYMEL GREY', 733.33, '', 'gudang'),
(2137, 269, '2025-06-30 11:18:03', 'Rajut 3', 'A1', 'J401514-30 20X6', 'M. GREEN RW', 433.25, '', 'gudang'),
(2138, 269, '2025-06-30 11:18:03', 'Rajut 3', 'B1', 'J401514-30 22X6', 'M. GREEN RW', 340.25, '', 'gudang'),
(2139, 269, '2025-06-30 11:18:03', 'Rajut 3', 'A2', 'J401514-31 20X6', 'D. GREEN RW', 433.25, '', 'gudang'),
(2140, 269, '2025-06-30 11:18:03', 'Rajut 3', 'B2', 'J401514-31 22X6', 'D. GREEN RW', 340.25, '', 'gudang'),
(2141, 269, '2025-06-30 11:18:03', 'Rajut 3', 'C3', 'J401524-18 20X6', 'OFF WHITE RW', 433.25, '', 'gudang'),
(2142, 269, '2025-06-30 11:18:03', 'Rajut 3', 'D3', 'J401524-18 22X6', 'OFF WHITE RW', 340.25, '', 'gudang'),
(2143, 269, '2025-06-30 11:18:03', 'Rajut 3', 'C4', 'J401524-7 20X6', 'L. SAND MEL RW', 433.25, '', 'gudang'),
(2144, 269, '2025-06-30 11:18:03', 'Rajut 3', 'D4', 'J401524-7 22X6', 'L. SAND MEL RW', 340.25, '', 'gudang'),
(2145, 269, '2025-06-30 11:18:03', 'Rajut 3', 'E5', 'J425114-4 20X6', 'M. SAND MEL RW', 433.25, '', 'gudang'),
(2146, 269, '2025-06-30 11:18:03', 'Rajut 3', 'F5', 'J425114-4 22X6', 'M. SAND MEL RW', 340.25, '', 'gudang'),
(2147, 269, '2025-06-30 11:18:03', 'Rajut 3', 'E6', 'J425114-5 20X6', 'L. GREEN RW', 866.5, '', 'gudang'),
(2148, 269, '2025-06-30 11:18:03', 'Rajut 3', 'F6', 'J425114-5 22X6', 'L. GREEN RW', 680.5, '', 'gudang'),
(2149, 235, '2025-06-30 11:18:03', 'Rajut 3', 'C1', 'J484754-1 23X17.5', 'L GREY MELANGE ROYAL', 59.33, '', 'gudang'),
(2150, 235, '2025-06-30 11:18:03', 'Rajut 3', 'D1', 'J484754-1 25X18.5', 'L GREY MELANGE ROYAL', 39, '', 'gudang'),
(2151, 235, '2025-06-30 11:18:03', 'Rajut 3', 'G2', 'J484764-1 23X17.5', 'L GREY MELANGE BLACK', 59.33, '', 'gudang'),
(2152, 235, '2025-06-30 11:18:03', 'Rajut 3', 'H2', 'J484764-1 25X18.5', 'L GREY MELANGE BLACK', 39, '', 'gudang'),
(2153, 235, '2025-06-30 11:18:03', 'Rajut 3', 'K3', 'J484784-1 23X17.5', 'D GREY MEL ROYAL', 59.33, '', 'gudang'),
(2154, 235, '2025-06-30 11:18:03', 'Rajut 3', 'L3', 'J484784-1 25X18.5', 'D GREY MEL ROYAL', 39, '', 'gudang'),
(2155, 235, '2025-06-30 11:18:03', 'Rajut 3', 'O4', 'J484794-1 23X17.5', 'BLACK RED', 59.33, '', 'gudang'),
(2156, 235, '2025-06-30 11:18:03', 'Rajut 3', 'P4', 'J484794-1 25X18.5', 'BLACK RED', 39, '', 'gudang'),
(2157, 235, '2025-06-30 11:18:03', 'Rajut 3', 'S5', 'J484764-2 23X17.5', 'BLUE LOLITE BLACK', 59.33, '', 'gudang'),
(2158, 235, '2025-06-30 11:18:03', 'Rajut 3', 'T5', 'J484764-2 25X18.5', 'BLUE LOLITE BLACK', 39, '', 'gudang'),
(2159, 235, '2025-06-30 11:18:03', 'Rajut 3', 'W6', 'J484774-1 23X17.5', 'BLACK RED', 59.33, '', 'gudang'),
(2160, 235, '2025-06-30 11:18:03', 'Rajut 3', 'X6', 'J484774-1 25X18.5', 'BLACK RED', 39, '', 'gudang'),
(2161, 235, '2025-06-30 11:18:03', 'Rajut 3', 'C7', 'J484874-1 23X17.5', 'D GREY MEL BLACK', 59.33, '', 'gudang'),
(2162, 235, '2025-06-30 11:18:03', 'Rajut 3', 'D7', 'J484874-1 25X18.5', 'D GREY MEL BLACK', 39, '', 'gudang'),
(2163, 270, '2025-06-30 11:18:03', 'Rajut 3', 'A1', 'J297944-1 21X18.5', 'BLACK RW', 1505.67, '', 'gudang'),
(2164, 270, '2025-06-30 11:18:03', 'Rajut 3', 'B1', 'J297944-1 23X19.5', 'BLACK RW', 3220, '', 'gudang'),
(2165, 270, '2025-06-30 11:18:03', 'Rajut 3', 'C1', 'J297944-1 25X20.5', 'BLACK RW', 2660, '', 'gudang'),
(2166, 270, '2025-06-30 11:18:03', 'Rajut 3', 'A2', 'J297944-2 21X18.5', 'WHITE BLACK', 596.33, '', 'gudang'),
(2167, 270, '2025-06-30 11:18:03', 'Rajut 3', 'B2', 'J297944-2 23X19.5', 'WHITE BLACK', 735, '', 'gudang'),
(2168, 270, '2025-06-30 11:18:03', 'Rajut 3', 'C2', 'J297944-2 25X20.5', 'WHITE BLACK', 420, '', 'gudang'),
(2169, 270, '2025-06-30 11:18:03', 'Rajut 3', 'A3', 'J297944-3 21X18.5', 'GREY MEL RW', 228.67, '', 'gudang'),
(2170, 270, '2025-06-30 11:18:03', 'Rajut 3', 'B3', 'J297944-3 23X19.5', 'GREY MEL RW', 1016.33, '', 'gudang'),
(2171, 270, '2025-06-30 11:18:03', 'Rajut 3', 'C3', 'J297944-3 25X20.5', 'GREY MEL RW', 806.33, '', 'gudang'),
(2172, 271, '2025-06-30 11:18:03', 'Rajut 3', 'A1', 'J297934-1 21X6', 'WHITE BLACK', 1330, '', 'gudang'),
(2173, 271, '2025-06-30 11:18:03', 'Rajut 3', 'B1', 'J297934-1 23X6.5', 'WHITE BLACK', 1714, '', 'gudang'),
(2174, 271, '2025-06-30 11:18:03', 'Rajut 3', 'C1', 'J297934-1 25X7', 'WHITE BLACK', 840, '', 'gudang'),
(2175, 271, '2025-06-30 11:18:03', 'Rajut 3', 'A2', 'J297934-2 21X6', 'BLACK RW', 420, '', 'gudang'),
(2176, 271, '2025-06-30 11:18:03', 'Rajut 3', 'B2', 'J297934-2 23X6.5', 'BLACK RW', 420, '', 'gudang'),
(2177, 271, '2025-06-30 11:18:03', 'Rajut 3', 'C2', 'J297934-2 25X7', 'BLACK RW', 420, '', 'gudang'),
(2178, 272, '2025-06-30 11:18:03', 'Rajut 3', 'A1', 'J365174-2 22X8', 'BRIGHT WHITE BLACK', 3100, '', 'gudang'),
(2179, 272, '2025-06-30 11:18:03', 'Rajut 3', 'B1', 'J365174-2 24X8', 'BRIGHT WHITE BLACK', 2750, '', 'gudang'),
(2180, 273, '2025-06-30 11:18:03', 'Rajut 3', 'A1', 'J365164-14 22X8', 'BLACK WHITE RW', 1750, '', 'gudang'),
(2181, 273, '2025-06-30 11:18:03', 'Rajut 3', 'B1', 'J365164-14 24X8', 'BLACK WHITE RW', 2000, '', 'gudang'),
(2182, 274, '2025-06-30 11:18:03', 'Rajut 3', 'A1', 'J365164-15 22X8', 'SAND MEL GREY', 220, '', 'gudang'),
(2183, 274, '2025-06-30 11:18:03', 'Rajut 3', 'B1', 'J365164-15 24X8', 'SAND MEL GREY', 120, '', 'gudang'),
(2184, 274, '2025-06-30 11:18:03', 'Rajut 3', 'A2', 'J365164-16 22X8', 'WHITECAP GREY GREY', 220, '', 'gudang'),
(2185, 274, '2025-06-30 11:18:03', 'Rajut 3', 'B2', 'J365164-16 24X8', 'WHITECAP GREY GREY', 120, '', 'gudang'),
(2186, 274, '2025-06-30 11:18:03', 'Rajut 3', 'A3', 'J365164-17 22X8', 'BLUE MEL GREY', 220, '', 'gudang');
INSERT INTO `tabel_anak` (`id_anak`, `id_induk`, `waktu_input`, `area`, `inisial`, `style`, `warna`, `qty_po_inisial`, `keterangan`, `admin`) VALUES
(2187, 274, '2025-06-30 11:18:03', 'Rajut 3', 'B3', 'J365164-17 24X8', 'BLUE MEL GREY', 120, '', 'gudang'),
(2188, 274, '2025-06-30 11:18:03', 'Rajut 3', 'A4', 'J365164-18 22X8', 'L BLUE MEL GREY', 220, '', 'gudang'),
(2189, 274, '2025-06-30 11:18:03', 'Rajut 3', 'B4', 'J365164-18 24X8', 'L BLUE MEL GREY', 120, '', 'gudang'),
(2190, 274, '2025-06-30 11:18:03', 'Rajut 3', 'A5', 'J365164-19 22X8', 'SKY CAPTAIN WHITE', 220, '', 'gudang'),
(2191, 274, '2025-06-30 11:18:03', 'Rajut 3', 'B5', 'J365164-19 24X8', 'SKY CAPTAIN WHITE', 120, '', 'gudang'),
(2192, 275, '2025-06-30 11:18:03', 'Rajut 3', 'A1', 'J365164-12 22X8', 'L GREY MEL GREY', 150, '', 'gudang'),
(2193, 275, '2025-06-30 11:18:03', 'Rajut 3', 'B1', 'J365164-12 24X8', 'L GREY MEL GREY', 55, '', 'gudang'),
(2194, 275, '2025-06-30 11:18:03', 'Rajut 3', 'A2', 'J365164-13 22X8', 'SILVERGREY MEL GREY', 150, '', 'gudang'),
(2195, 275, '2025-06-30 11:18:03', 'Rajut 3', 'B2', 'J365164-13 24X8', 'SILVERGREY MEL GREY', 55, '', 'gudang'),
(2196, 275, '2025-06-30 11:18:03', 'Rajut 3', 'A3', 'J365164-20 22X8', 'ROSA MEL GREY', 150, '', 'gudang'),
(2197, 275, '2025-06-30 11:18:03', 'Rajut 3', 'B3', 'J365164-20 24X8', 'ROSA MEL GREY', 55, '', 'gudang'),
(2198, 275, '2025-06-30 11:18:03', 'Rajut 3', 'A4', 'J365164-21 22X8', 'WINTERSORBET MEL GREY', 150, '', 'gudang'),
(2199, 275, '2025-06-30 11:18:03', 'Rajut 3', 'B4', 'J365164-21 24X8', 'WINTERSORBET MEL GREY', 55, '', 'gudang'),
(2200, 275, '2025-06-30 11:18:03', 'Rajut 3', 'A5', 'J365164-22 22X8', 'CINDER MEL GREY', 150, '', 'gudang'),
(2201, 275, '2025-06-30 11:18:03', 'Rajut 3', 'B5', 'J365164-22 24X8', 'CINDER MEL GREY', 55, '', 'gudang'),
(2202, 276, '2025-06-30 11:18:03', 'Rajut 3', 'A1', 'J365164-11 22X8', 'EX L GREY MEL GREY', 340, '', 'gudang'),
(2203, 276, '2025-06-30 11:18:03', 'Rajut 3', 'B1', 'J365164-11 24X8', 'EX L GREY MEL GREY', 300, '', 'gudang'),
(2204, 276, '2025-06-30 11:18:03', 'Rajut 3', 'A2', 'J365164-12 22X8', 'L GREY MEL GREY', 340, '', 'gudang'),
(2205, 276, '2025-06-30 11:18:03', 'Rajut 3', 'B2', 'J365164-12 24X8', 'L GREY MEL GREY', 300, '', 'gudang'),
(2206, 276, '2025-06-30 11:18:03', 'Rajut 3', 'A3', 'J365164-13 22X8', 'SILVERGREY MEL GREY', 340, '', 'gudang'),
(2207, 276, '2025-06-30 11:18:03', 'Rajut 3', 'B3', 'J365164-13 24X8', 'SILVERGREY MEL GREY', 300, '', 'gudang'),
(2208, 276, '2025-06-30 11:18:03', 'Rajut 3', 'A4', 'J365164-14 22X8', 'BLACK WHITE', 340, '', 'gudang'),
(2209, 276, '2025-06-30 11:18:03', 'Rajut 3', 'B4', 'J365164-14 24X8', 'BLACK WHITE', 300, '', 'gudang'),
(2210, 276, '2025-06-30 11:18:03', 'Rajut 3', 'C5', 'J365174-2 22X8', 'BRIGHT WHITE BLACK', 340, '', 'gudang'),
(2211, 276, '2025-06-30 11:18:03', 'Rajut 3', 'D5', 'J365174-2 24X8', 'BRIGHT WHITE BLACK', 300, '', 'gudang'),
(2212, 239, '2025-06-30 11:18:03', 'Rajut 3', 'E1', 'J480654-1 22X8', 'L. PINK BLUE (KANAN)', 36.21, '', 'gudang'),
(2213, 239, '2025-06-30 11:18:03', 'Rajut 3', 'E2', 'J480654-2 22X8', 'L. PINK NAT WHITE (KANAN)', 36.21, '', 'gudang'),
(2214, 239, '2025-06-30 11:18:03', 'Rajut 3', 'J3', 'J480664-1 22X8', 'L. PINK BLUE (KIRI)', 36.21, '', 'gudang'),
(2215, 239, '2025-06-30 11:18:03', 'Rajut 3', 'J4', 'J480664-2 22X8', 'L. PINK NAT WHITE (KIRI)', 36.21, '', 'gudang'),
(2216, 239, '2025-06-30 11:18:03', 'Rajut 3', 'O5', 'J480674-1 22X8', 'L. PINK BLACK (KANAN)', 36.21, '', 'gudang'),
(2217, 239, '2025-06-30 11:18:03', 'Rajut 3', 'T6', 'J480684-1 22X8', 'L. PINK BLACK (KIRI)', 36.21, '', 'gudang'),
(2218, 239, '2025-06-30 11:18:03', 'Rajut 3', 'Y7', 'J480694-1 22X8', 'YELLOW BLACK (KANAN)', 36.21, '', 'gudang'),
(2219, 239, '2025-06-30 11:18:03', 'Rajut 3', 'E8', 'J480704-1 22X8', 'YELLOW BLACK (KIRI)', 36.21, '', 'gudang'),
(2220, 239, '2025-06-30 11:18:03', 'Rajut 3', 'J9', 'J480714-1 22X8', 'GREEN BLACK (KANAN)', 36.21, '', 'gudang'),
(2221, 239, '2025-06-30 11:18:03', 'Rajut 3', 'O10', 'J480724-1 22X8', 'GREEN BLACK (KIRI)', 36.21, '', 'gudang'),
(2222, 239, '2025-06-30 11:18:03', 'Rajut 3', 'T11', 'J480734-1 22X8', 'D. PINK BLACK (KANAN)', 36.21, '', 'gudang'),
(2223, 239, '2025-06-30 11:18:03', 'Rajut 3', 'Y12', 'J480744-1 22X8', 'D. PINK BLACK (KIRI)', 36.21, '', 'gudang'),
(2224, 239, '2025-06-30 11:18:03', 'Rajut 3', 'E13', 'J480754-1 22X8', 'L. PINK PURPLE (KANAN)', 36.21, '', 'gudang'),
(2225, 239, '2025-06-30 11:18:03', 'Rajut 3', 'J14', 'J480764-1 22X8', 'L. PINK PURPLE (KIRI)', 36.21, '', 'gudang'),
(2226, 240, '2025-06-30 11:18:03', 'Rajut 3', 'E1', 'J466054-10 22X8', 'L. PINK RW AY', 101.42, '', 'gudang'),
(2227, 240, '2025-06-30 11:18:03', 'Rajut 3', 'E2', 'J466054-9 22X8', 'L. GREEN RW AY', 101.42, '', 'gudang'),
(2228, 240, '2025-06-30 11:18:03', 'Rajut 3', 'J3', 'J479184-1 22X8', 'PINK BLACK', 101.42, '', 'gudang'),
(2229, 240, '2025-06-30 11:18:03', 'Rajut 3', 'J4', 'J479184-2 22X8', 'YELLOW BLACK', 101.42, '', 'gudang'),
(2230, 240, '2025-06-30 11:18:03', 'Rajut 3', 'O5', 'J479194-1 22X8', 'YELLOW BLACK', 101.42, '', 'gudang'),
(2231, 240, '2025-06-30 11:18:03', 'Rajut 3', 'O6', 'J479194-2 22X8', 'PURPLE BLACK', 101.42, '', 'gudang'),
(2232, 240, '2025-06-30 11:18:03', 'Rajut 3', 'T7', 'J479664-1 22X8', 'OFFWHITE BLACK', 101.42, '', 'gudang'),
(2233, 277, '2025-06-30 11:18:03', 'Rajut 3', 'A1', 'J401514-30 20X6', 'M. GREEN RW', 117, '', 'gudang'),
(2234, 277, '2025-06-30 11:18:03', 'Rajut 3', 'B1', 'J401514-30 22X6', 'M. GREEN RW', 71.67, '', 'gudang'),
(2235, 277, '2025-06-30 11:18:03', 'Rajut 3', 'A2', 'J401514-31 20X6', 'D. GREEN RW', 117, '', 'gudang'),
(2236, 277, '2025-06-30 11:18:03', 'Rajut 3', 'B2', 'J401514-31 22X6', 'D. GREEN RW', 71.67, '', 'gudang'),
(2237, 277, '2025-06-30 11:18:03', 'Rajut 3', 'C3', 'J401524-18 20X6', 'OFF WHITE RW', 117, '', 'gudang'),
(2238, 277, '2025-06-30 11:18:03', 'Rajut 3', 'D3', 'J401524-18 22X6', 'OFF WHITE RW', 71.67, '', 'gudang'),
(2239, 277, '2025-06-30 11:18:03', 'Rajut 3', 'C4', 'J401524-7 20X6', 'L. SAND MEL RW', 117, '', 'gudang'),
(2240, 277, '2025-06-30 11:18:03', 'Rajut 3', 'D4', 'J401524-7 22X6', 'L. SAND MEL RW', 71.67, '', 'gudang'),
(2241, 277, '2025-06-30 11:18:03', 'Rajut 3', 'E5', 'J425114-4 20X6', 'M. SAND MEL RW', 117, '', 'gudang'),
(2242, 277, '2025-06-30 11:18:03', 'Rajut 3', 'F5', 'J425114-4 22X6', 'M. SAND MEL RW', 71.67, '', 'gudang'),
(2243, 277, '2025-06-30 11:18:03', 'Rajut 3', 'E6', 'J425114-5 20X6', 'L. GREEN RW', 234, '', 'gudang'),
(2244, 277, '2025-06-30 11:18:03', 'Rajut 3', 'F6', 'J425114-5 22X6', 'L. GREEN RW', 143.33, '', 'gudang'),
(2245, 278, '2025-06-30 11:18:03', 'Rajut 3', 'A1', 'J435774-10 20X18', 'M. SAND MEL RW AY', 315.58, '', 'gudang'),
(2246, 278, '2025-06-30 11:18:03', 'Rajut 3', 'B1', 'J435774-10 22X19', 'M. SAND MEL RW AY', 359.33, '', 'gudang'),
(2247, 278, '2025-06-30 11:18:03', 'Rajut 3', 'A2', 'J435774-9 20X18', 'OFF WHITE RW AY', 315.58, '', 'gudang'),
(2248, 278, '2025-06-30 11:18:03', 'Rajut 3', 'B2', 'J435774-9 22X19', 'OFF WHITE RW AY', 359.33, '', 'gudang'),
(2249, 278, '2025-06-30 11:18:03', 'Rajut 3', 'C3', 'J435784-6 20X18', 'L. BROWN MEL L. BROWN', 315.58, '', 'gudang'),
(2250, 278, '2025-06-30 11:18:03', 'Rajut 3', 'D3', 'J435784-6 22X19', 'L. BROWN MEL L. BROWN', 359.33, '', 'gudang'),
(2251, 278, '2025-06-30 11:18:03', 'Rajut 3', 'E4', 'J435794-1 20X18', 'PEACH LUREX SILVER', 315.58, '', 'gudang'),
(2252, 278, '2025-06-30 11:18:03', 'Rajut 3', 'F4', 'J435794-1 22X19', 'PEACH LUREX SILVER', 359.33, '', 'gudang'),
(2253, 278, '2025-06-30 11:18:03', 'Rajut 3', 'G5', 'J481584-1 20X18', 'OFF WHITE BEIGE X LUREX SILVER', 631.17, '', 'gudang'),
(2254, 278, '2025-06-30 11:18:03', 'Rajut 3', 'H5', 'J481584-1 22X19', 'OFF WHITE BEIGE X LUREX SILVER', 718.67, '', 'gudang'),
(2255, 278, '2025-06-30 11:18:03', 'Rajut 3', 'I6', 'J481594-1 20X18', 'OFF WHITE BEIGE', 315.58, '', 'gudang'),
(2256, 278, '2025-06-30 11:18:03', 'Rajut 3', 'J6', 'J481594-1 22X19', 'OFF WHITE BEIGE', 359.33, '', 'gudang'),
(2257, 279, '2025-06-30 11:18:03', 'Rajut 3', 'A1', 'J365164-14 22X8', 'BLACK WHITE RW', 1575, '', 'gudang'),
(2258, 279, '2025-06-30 11:18:03', 'Rajut 3', 'B1', 'J365164-14 24X8', 'BLACK WHITE RW', 2175, '', 'gudang'),
(2259, 280, '2025-06-30 11:18:03', 'Rajut 3', 'A1', 'J365174-2 22X8', 'BRIGHT WHITE BLACK', 1175, '', 'gudang'),
(2260, 280, '2025-06-30 11:18:03', 'Rajut 3', 'B1', 'J365174-2 24X8', 'BRIGHT WHITE BLACK', 1025, '', 'gudang'),
(2261, 281, '2025-06-30 11:18:03', 'Rajut 3', 'A1', 'J365164-15 22X8', 'SAND MEL GREY', 80, '', 'gudang'),
(2262, 281, '2025-06-30 11:18:03', 'Rajut 3', 'B1', 'J365164-15 24X8', 'SAND MEL GREY', 60, '', 'gudang'),
(2263, 281, '2025-06-30 11:18:03', 'Rajut 3', 'A2', 'J365164-16 22X8', 'WHITECAP GREY GREY', 80, '', 'gudang'),
(2264, 281, '2025-06-30 11:18:03', 'Rajut 3', 'B2', 'J365164-16 24X8', 'WHITECAP GREY GREY', 60, '', 'gudang'),
(2265, 281, '2025-06-30 11:18:03', 'Rajut 3', 'A3', 'J365164-17 22X8', 'BLUE MEL GREY', 80, '', 'gudang'),
(2266, 281, '2025-06-30 11:18:03', 'Rajut 3', 'B3', 'J365164-17 24X8', 'BLUE MEL GREY', 60, '', 'gudang'),
(2267, 281, '2025-06-30 11:18:03', 'Rajut 3', 'A4', 'J365164-18 22X8', 'L BLUE MEL GREY', 80, '', 'gudang'),
(2268, 281, '2025-06-30 11:18:03', 'Rajut 3', 'B4', 'J365164-18 24X8', 'L BLUE MEL GREY', 60, '', 'gudang'),
(2269, 281, '2025-06-30 11:18:03', 'Rajut 3', 'A5', 'J365164-19 22X8', 'SKY CAPTAIN WHITE', 80, '', 'gudang'),
(2270, 281, '2025-06-30 11:18:03', 'Rajut 3', 'B5', 'J365164-19 24X8', 'SKY CAPTAIN WHITE', 60, '', 'gudang'),
(2271, 282, '2025-06-30 11:18:03', 'Rajut 3', 'A1', 'J365164-12 22X8', 'L GREY MEL GREY', 100, '', 'gudang'),
(2272, 282, '2025-06-30 11:18:03', 'Rajut 3', 'B1', 'J365164-12 24X8', 'L GREY MEL GREY', 75, '', 'gudang'),
(2273, 282, '2025-06-30 11:18:03', 'Rajut 3', 'A2', 'J365164-13 22X8', 'SILVERGREY MEL GREY', 100, '', 'gudang'),
(2274, 282, '2025-06-30 11:18:03', 'Rajut 3', 'B2', 'J365164-13 24X8', 'SILVERGREY MEL GREY', 75, '', 'gudang'),
(2275, 282, '2025-06-30 11:18:03', 'Rajut 3', 'A3', 'J365164-20 22X8', 'ROSA MEL GREY', 100, '', 'gudang'),
(2276, 282, '2025-06-30 11:18:03', 'Rajut 3', 'B3', 'J365164-20 24X8', 'ROSA MEL GREY', 75, '', 'gudang'),
(2277, 282, '2025-06-30 11:18:03', 'Rajut 3', 'A4', 'J365164-21 22X8', 'WINTERSORBET MEL GREY', 100, '', 'gudang'),
(2278, 282, '2025-06-30 11:18:03', 'Rajut 3', 'B4', 'J365164-21 24X8', 'WINTERSORBET MEL GREY', 75, '', 'gudang'),
(2279, 282, '2025-06-30 11:18:03', 'Rajut 3', 'A5', 'J365164-22 22X8', 'CINDER MEL GREY', 100, '', 'gudang'),
(2280, 282, '2025-06-30 11:18:03', 'Rajut 3', 'B5', 'J365164-22 24X8', 'CINDER MEL GREY', 75, '', 'gudang'),
(2281, 283, '2025-06-30 11:18:03', 'Rajut 3', 'A1', 'J365164-11 22X8', 'EX L GREY MEL GREY', 155, '', 'gudang'),
(2282, 283, '2025-06-30 11:18:03', 'Rajut 3', 'B1', 'J365164-11 24X8', 'EX L GREY MEL GREY', 155, '', 'gudang'),
(2283, 283, '2025-06-30 11:18:03', 'Rajut 3', 'A2', 'J365164-12 22X8', 'L GREY MEL GREY', 155, '', 'gudang'),
(2284, 283, '2025-06-30 11:18:03', 'Rajut 3', 'B2', 'J365164-12 24X8', 'L GREY MEL GREY', 155, '', 'gudang'),
(2285, 283, '2025-06-30 11:18:03', 'Rajut 3', 'A3', 'J365164-13 22X8', 'SILVERGREY MEL GREY', 155, '', 'gudang'),
(2286, 283, '2025-06-30 11:18:03', 'Rajut 3', 'B3', 'J365164-13 24X8', 'SILVERGREY MEL GREY', 155, '', 'gudang'),
(2287, 283, '2025-06-30 11:18:03', 'Rajut 3', 'A4', 'J365164-14 22X8', 'BLACK WHITE', 155, '', 'gudang'),
(2288, 283, '2025-06-30 11:18:03', 'Rajut 3', 'B4', 'J365164-14 24X8', 'BLACK WHITE', 155, '', 'gudang'),
(2289, 283, '2025-06-30 11:18:03', 'Rajut 3', 'C5', 'J365174-2 22X8', 'BRIGHT WHITE BLACK', 155, '', 'gudang'),
(2290, 283, '2025-06-30 11:18:03', 'Rajut 3', 'D5', 'J365174-2 24X8', 'BRIGHT WHITE BLACK', 155, '', 'gudang'),
(2291, 284, '2025-06-30 11:18:03', 'Rajut 3', 'A1', 'J355764-11 22X18', 'BRIGHT WHITE GREY', 1073.33, '', 'gudang'),
(2292, 284, '2025-06-30 11:18:03', 'Rajut 3', 'B1', 'J355764-11 24X18', 'BRIGHT WHITE GREY', 1190, '', 'gudang'),
(2293, 284, '2025-06-30 11:18:03', 'Rajut 3', 'A2', 'J355764-12 22X18', 'LT BLUEMEL GREY', 536.67, '', 'gudang'),
(2294, 284, '2025-06-30 11:18:03', 'Rajut 3', 'B2', 'J355764-12 24X18', 'LT BLUEMEL GREY', 595, '', 'gudang'),
(2295, 284, '2025-06-30 11:18:03', 'Rajut 3', 'A3', 'J355764-13 22X18', 'MARINA GREY', 536.67, '', 'gudang'),
(2296, 284, '2025-06-30 11:18:03', 'Rajut 3', 'B3', 'J355764-13 24X18', 'MARINA GREY', 595, '', 'gudang'),
(2297, 284, '2025-06-30 11:18:03', 'Rajut 3', 'A4', 'J355764-14 22X18', 'SKY CAPTAIN GREY', 536.67, '', 'gudang'),
(2298, 284, '2025-06-30 11:18:03', 'Rajut 3', 'B4', 'J355764-14 24X18', 'SKY CAPTAIN GREY', 595, '', 'gudang'),
(2299, 284, '2025-06-30 11:18:03', 'Rajut 3', 'A5', 'J355764-15 22X18', 'SESAMMEL GREY', 1073.33, '', 'gudang'),
(2300, 284, '2025-06-30 11:18:03', 'Rajut 3', 'B5', 'J355764-15 24X18', 'SESAMMEL GREY', 1190, '', 'gudang'),
(2301, 284, '2025-06-30 11:18:03', 'Rajut 3', 'A6', 'J355764-16 22X18', 'EXT. LT GREYMEL GREY', 1073.33, '', 'gudang'),
(2302, 284, '2025-06-30 11:18:03', 'Rajut 3', 'B6', 'J355764-16 24X18', 'EXT. LT GREYMEL GREY', 1190, '', 'gudang'),
(2303, 284, '2025-06-30 11:18:03', 'Rajut 3', 'A7', 'J355764-17 22X18', 'LT GREYMEL GREY', 536.67, '', 'gudang'),
(2304, 284, '2025-06-30 11:18:03', 'Rajut 3', 'B7', 'J355764-17 24X18', 'LT GREYMEL GREY', 595, '', 'gudang'),
(2305, 236, '2025-06-30 11:18:03', 'Rajut 3', 'B1', 'J365184-12 24X8', 'BRIGHT WHITE L GREY', 5633.33, '', 'gudang'),
(2306, 237, '2025-06-30 11:18:03', 'Rajut 3', 'B1', 'J365184-12 24X8', 'BRIGHT WHITE L GREY', 600, '', 'gudang'),
(2307, 237, '2025-06-30 11:18:03', 'Rajut 3', 'B2', 'J365184-15 24X8', 'EX L GREY MEL L GREY', 600, '', 'gudang'),
(2308, 237, '2025-06-30 11:18:03', 'Rajut 3', 'B3', 'J365184-16 24X8', 'L GREY MEL L GREY', 300, '', 'gudang'),
(2309, 237, '2025-06-30 11:18:03', 'Rajut 3', 'B4', 'J365184-18 24X8', 'L BLUE MEL L GREY', 300, '', 'gudang'),
(2310, 237, '2025-06-30 11:18:03', 'Rajut 3', 'B5', 'J365184-19 24X8', 'MARINA L GREY', 300, '', 'gudang'),
(2311, 237, '2025-06-30 11:18:03', 'Rajut 3', 'B6', 'J365184-20 24X8', 'SKY CAPTAIN L GREY', 300, '', 'gudang'),
(2312, 237, '2025-06-30 11:18:03', 'Rajut 3', 'B7', 'J365184-21 24X8', 'SAND MEL L GREY', 600, '', 'gudang'),
(2313, 238, '2025-06-30 11:18:03', 'Rajut 3', 'B1', 'J365184-16 24X8', 'L GREY MEL L GREY', 526.67, '', 'gudang'),
(2314, 238, '2025-06-30 11:18:03', 'Rajut 3', 'B2', 'J365184-17 24X8', 'SILVERGREY MEL L GREY', 526.67, '', 'gudang'),
(2315, 238, '2025-06-30 11:18:03', 'Rajut 3', 'B3', 'J365184-30 24X8', 'D. ROSA MEL L GREY', 526.67, '', 'gudang'),
(2316, 238, '2025-06-30 11:18:03', 'Rajut 3', 'B4', 'J365184-31 24X8', 'HEAVENLY PINK L GREY', 526.67, '', 'gudang'),
(2317, 238, '2025-06-30 11:18:03', 'Rajut 3', 'B5', 'J365184-32 24X8', 'GREYMEL GREY', 526.67, '', 'gudang'),
(2318, 285, '2025-06-30 11:18:03', 'Rajut 3', 'A1', 'J355764-10 22X18', 'UNIVERSAL BLACK GREY', 11170.83, '', 'gudang'),
(2319, 285, '2025-06-30 11:18:03', 'Rajut 3', 'B1', 'J355764-10 24X18', 'UNIVERSAL BLACK GREY', 13183.33, '', 'gudang'),
(2320, 286, '2025-06-30 11:18:03', 'Rajut 3', 'A1', 'J475674-1 21.5X20', 'BLACK CREAM WHITE', 6883.33, '', 'gudang'),
(2321, 286, '2025-06-30 11:18:03', 'Rajut 3', 'B1', 'J475674-1 23.5X22', 'BLACK CREAM WHITE', 9650, '', 'gudang'),
(2322, 286, '2025-06-30 11:18:03', 'Rajut 3', 'C2', 'J475684-1 21.5X20', 'BLACK CREAM WHITE', 833.33, '', 'gudang'),
(2323, 286, '2025-06-30 11:18:03', 'Rajut 3', 'D2', 'J475684-1 23.5X22', 'BLACK CREAM WHITE', 1383.33, '', 'gudang'),
(2324, 286, '2025-06-30 11:18:03', 'Rajut 3', 'E3', 'J475694-1 21.5X20', 'BLACK VIBRANT GREEN', 833.33, '', 'gudang'),
(2325, 286, '2025-06-30 11:18:03', 'Rajut 3', 'F3', 'J475694-1 23.5X22', 'BLACK VIBRANT GREEN', 1383.33, '', 'gudang'),
(2326, 286, '2025-06-30 11:18:03', 'Rajut 3', 'G4', 'J475704-1 21.5X20', 'BLACK LAVENDULA', 833.33, '', 'gudang'),
(2327, 286, '2025-06-30 11:18:03', 'Rajut 3', 'H4', 'J475704-1 23.5X22', 'BLACK LAVENDULA', 1383.33, '', 'gudang'),
(2328, 286, '2025-06-30 11:18:03', 'Rajut 3', 'I5', 'J475714-1 21.5X20', 'BLACK PINKESQUE', 833.33, '', 'gudang'),
(2329, 286, '2025-06-30 11:18:03', 'Rajut 3', 'J5', 'J475714-1 23.5X22', 'BLACK PINKESQUE', 1383.33, '', 'gudang'),
(2330, 286, '2025-06-30 11:18:03', 'Rajut 3', 'K6', 'J475724-1 21.5X20', 'BLACK FLAME SCARLET', 833.33, '', 'gudang'),
(2331, 286, '2025-06-30 11:18:03', 'Rajut 3', 'L6', 'J475724-1 23.5X22', 'BLACK FLAME SCARLET', 1383.33, '', 'gudang'),
(2332, 241, '2025-06-30 11:18:03', 'Rajut 3', 'B1', 'J466054-1 22X8', 'NEW WHITE RW AY', 2.17, '', 'gudang'),
(2333, 241, '2025-06-30 11:18:03', 'Rajut 3', 'C1', 'J466054-1 23.5X8', 'NEW WHITE RW AY', 26.33, '', 'gudang'),
(2334, 241, '2025-06-30 11:18:03', 'Rajut 3', 'B2', 'J466054-2 22X8', 'L. GREY RW AY', 3.25, '', 'gudang'),
(2335, 241, '2025-06-30 11:18:03', 'Rajut 3', 'C2', 'J466054-2 23.5X8', 'L. GREY RW AY', 39.5, '', 'gudang'),
(2336, 241, '2025-06-30 11:18:03', 'Rajut 3', 'E3', 'J466064-1 22X8', 'GREY RW', 2.17, '', 'gudang'),
(2337, 241, '2025-06-30 11:18:03', 'Rajut 3', 'F3', 'J466064-1 23.5X8', 'GREY RW', 26.33, '', 'gudang'),
(2338, 241, '2025-06-30 11:18:03', 'Rajut 3', 'E4', 'J466064-2 22X8', 'NEW BLACK BLACK', 3.25, '', 'gudang'),
(2339, 241, '2025-06-30 11:18:03', 'Rajut 3', 'F4', 'J466064-2 23.5X8', 'NEW BLACK BLACK', 39.5, '', 'gudang'),
(2340, 243, '2025-06-30 11:18:03', 'Rajut 3', 'C1', 'J455504-3 21.5X17.5', 'PINK L. PINK AY', 42.5, '', 'gudang'),
(2341, 243, '2025-06-30 11:18:03', 'Rajut 3', 'C2', 'J455504-4 21.5X17.5', 'PURPLE PURPLE', 42.5, '', 'gudang'),
(2342, 243, '2025-06-30 11:18:03', 'Rajut 3', 'F3', 'J467694-1 21.5X17.5', 'PURPLE BEIGE (KANAN)', 21.25, '', 'gudang'),
(2343, 243, '2025-06-30 11:18:03', 'Rajut 3', 'I4', 'J467704-1 21.5X17.5', 'PURPLE BEIGE (KIRI)', 21.25, '', 'gudang'),
(2344, 243, '2025-06-30 11:18:03', 'Rajut 3', 'L5', 'J467714-1 21.5X17.5', 'PINK OFF WHITE (KANAN)', 21.25, '', 'gudang'),
(2345, 243, '2025-06-30 11:18:03', 'Rajut 3', 'O6', 'J467724-1 21.5X17.5', 'PINK OFF WHITE (KIRI)', 21.25, '', 'gudang'),
(2346, 243, '2025-06-30 11:18:03', 'Rajut 3', 'R7', 'J467734-1 21.5X17.5', 'YELLOW OFF WHITE', 42.5, '', 'gudang'),
(2347, 243, '2025-06-30 11:18:03', 'Rajut 3', 'U8', 'J467744-1 21.5X17.5', 'PURPLE PINK', 42.5, '', 'gudang'),
(2348, 243, '2025-06-30 11:18:03', 'Rajut 3', 'U9', 'J467744-2 21.5X17.5', 'GREEN OFF WHITE', 42.5, '', 'gudang'),
(2349, 244, '2025-06-30 11:18:03', 'Rajut 3', 'B1', 'J466064-2 22X8', 'NEW BLACK BLACK', 308.33, '', 'gudang'),
(2350, 287, '2025-06-30 11:18:03', 'Rajut 3', 'A1', 'J475834-5 22X16', 'OFF WHITE NEW BLACK', 224.17, '', 'gudang'),
(2351, 287, '2025-06-30 11:18:03', 'Rajut 3', 'A2', 'J475834-6 22X16', 'L. GREY MEL NEW BLACK', 112.08, '', 'gudang'),
(2352, 287, '2025-06-30 11:18:03', 'Rajut 3', 'B3', 'J475844-1 22X16', 'BLACK OFF WHITE', 112.08, '', 'gudang'),
(2353, 287, '2025-06-30 11:18:03', 'Rajut 3', 'C4', 'J475844-2 20X15', 'GREY MEL BLACK', 142.83, '', 'gudang'),
(2354, 287, '2025-06-30 11:18:03', 'Rajut 3', 'D4', 'J475844-2 22X16', 'GREY MEL BLACK', 112.08, '', 'gudang'),
(2355, 288, '2025-06-30 11:18:03', 'Rajut 3', 'A1', 'J466874-3 19X6', 'BRIGHT WHITE RW', 990, '', 'gudang'),
(2356, 288, '2025-06-30 11:18:03', 'Rajut 3', 'B1', 'J466874-3 21X6', 'BRIGHT WHITE RW', 810, '', 'gudang'),
(2357, 289, '2025-06-30 11:18:03', 'Rajut 3', 'A1', 'J466874-2 19X6', 'UNIVERSAL BLACK BLACK', 427.5, '', 'gudang'),
(2358, 289, '2025-06-30 11:18:03', 'Rajut 3', 'B1', 'J466874-2 21X6', 'UNIVERSAL BLACK BLACK', 450, '', 'gudang'),
(2359, 290, '2025-06-30 11:18:03', 'Rajut 3', 'A1', 'J466874-3 19X6', 'BRIGHT WHITE RW', 427.5, '', 'gudang'),
(2360, 290, '2025-06-30 11:18:03', 'Rajut 3', 'B1', 'J466874-3 21X6', 'BRIGHT WHITE RW', 360, '', 'gudang'),
(2361, 291, '2025-06-30 11:18:03', 'Rajut 3', 'A1', 'J465284-1 21.5X18', 'DARK GREY MELANGE BLACK', 460, '', 'gudang'),
(2362, 291, '2025-06-30 11:18:03', 'Rajut 3', 'B1', 'J465284-1 23.5X20', 'DARK GREY MELANGE BLACK', 1926.67, '', 'gudang'),
(2363, 291, '2025-06-30 11:18:03', 'Rajut 3', 'A2', 'J465284-2 21.5X18', 'NAVY BLACK', 1046.67, '', 'gudang'),
(2364, 291, '2025-06-30 11:18:03', 'Rajut 3', 'B2', 'J465284-2 23.5X20', 'NAVY BLACK', 2086.67, '', 'gudang'),
(2365, 291, '2025-06-30 11:18:04', 'Rajut 3', 'A3', 'J465284-3 21.5X18', 'BLACK BLACK', 5446.67, '', 'gudang'),
(2366, 291, '2025-06-30 11:18:04', 'Rajut 3', 'B3', 'J465284-3 23.5X20', 'BLACK BLACK', 6346.67, '', 'gudang'),
(2367, 291, '2025-06-30 11:18:04', 'Rajut 3', 'A4', 'J465284-4 21.5X18', 'WHITE RW', 2446.67, '', 'gudang'),
(2368, 291, '2025-06-30 11:18:04', 'Rajut 3', 'B4', 'J465284-4 23.5X20', 'WHITE RW', 2613.33, '', 'gudang'),
(2369, 292, '2025-06-30 11:18:04', 'Rajut 3', 'A1', 'J478614-1 21.5X20', 'BLACK BLACK', 1059, '', 'gudang'),
(2370, 292, '2025-06-30 11:18:04', 'Rajut 3', 'B1', 'J478614-1 23.5X22', 'BLACK BLACK', 1261.33, '', 'gudang'),
(2371, 292, '2025-06-30 11:18:04', 'Rajut 3', 'C2', 'J465154-1 21.5X20', 'BLACK BLACK', 1059, '', 'gudang'),
(2372, 292, '2025-06-30 11:18:04', 'Rajut 3', 'D2', 'J465154-1 23.5X22', 'BLACK BLACK', 1261.33, '', 'gudang'),
(2373, 292, '2025-06-30 11:18:04', 'Rajut 3', 'C3', 'J465154-2 21.5X20', 'DARK GREY MELANGE BLACK', 942.33, '', 'gudang'),
(2374, 292, '2025-06-30 11:18:04', 'Rajut 3', 'D3', 'J465154-2 23.5X22', 'DARK GREY MELANGE BLACK', 898, '', 'gudang'),
(2375, 292, '2025-06-30 11:18:04', 'Rajut 3', 'C4', 'J465154-3 21.5X20', 'LIGHT ROSE RW', 1462.33, '', 'gudang'),
(2376, 292, '2025-06-30 11:18:04', 'Rajut 3', 'D4', 'J465154-3 23.5X22', 'LIGHT ROSE RW', 1094, '', 'gudang'),
(2377, 292, '2025-06-30 11:18:04', 'Rajut 3', 'E5', 'J478624-1 21.5X20', 'WHITE BLACK', 1059, '', 'gudang'),
(2378, 292, '2025-06-30 11:18:04', 'Rajut 3', 'F5', 'J478624-1 23.5X22', 'WHITE BLACK', 1261.33, '', 'gudang'),
(2379, 292, '2025-06-30 11:18:04', 'Rajut 3', 'G6', 'J478634-1 21.5X20', 'MID GREY MELANGE DARK GREY MEL', 942.33, '', 'gudang'),
(2380, 292, '2025-06-30 11:18:04', 'Rajut 3', 'H6', 'J478634-1 23.5X22', 'MID GREY MELANGE DARK GREY MEL', 898, '', 'gudang'),
(2381, 292, '2025-06-30 11:18:04', 'Rajut 3', 'I7', 'J465414-1 21.5X20', 'MID GREY MELANGE RW', 942.33, '', 'gudang'),
(2382, 292, '2025-06-30 11:18:04', 'Rajut 3', 'J7', 'J465414-1 23.5X22', 'MID GREY MELANGE RW', 898, '', 'gudang'),
(2383, 292, '2025-06-30 11:18:04', 'Rajut 3', 'I8', 'J465414-2 21.5X20', 'MID ROSE RW', 1462.33, '', 'gudang'),
(2384, 292, '2025-06-30 11:18:04', 'Rajut 3', 'J8', 'J465414-2 23.5X22', 'MID ROSE RW', 1094, '', 'gudang'),
(2385, 292, '2025-06-30 11:18:04', 'Rajut 3', 'I9', 'J465414-3 21.5X20', 'DARK ROSE MELANGE RW', 1462.33, '', 'gudang'),
(2386, 292, '2025-06-30 11:18:04', 'Rajut 3', 'J9', 'J465414-3 23.5X22', 'DARK ROSE MELANGE RW', 1094, '', 'gudang'),
(2387, 293, '2025-06-30 11:18:04', 'Rajut 4', 'A1', 'Y82699-2 25X25', 'GREYMEL BLK', 152.5, '', 'gudang'),
(2388, 293, '2025-06-30 11:18:04', 'Rajut 4', 'B1', 'Y82699-2 27X27', 'GREYMEL BLK', 230.83, '', 'gudang'),
(2389, 293, '2025-06-30 11:18:04', 'Rajut 4', 'C2', 'Y85019-1 25X25', 'GREYMEL L\'GREYMEL', 152.5, '', 'gudang'),
(2390, 293, '2025-06-30 11:18:04', 'Rajut 4', 'D2', 'Y85019-1 27X27', 'GREYMEL L\'GREYMEL', 230.83, '', 'gudang'),
(2391, 293, '2025-06-30 11:18:04', 'Rajut 4', 'E3', 'Y85029-1 25X25', 'BLACK GREYMEL', 152.5, '', 'gudang'),
(2392, 293, '2025-06-30 11:18:04', 'Rajut 4', 'F3', 'Y85029-1 27X27', 'BLACK GREYMEL', 230.83, '', 'gudang'),
(2393, 294, '2025-06-30 11:18:04', 'Rajut 4', 'A1', 'Y86019-1 25X25', 'BLK IRIS BOTANICALGARDEN WHTCA', 225.42, '', 'gudang'),
(2394, 294, '2025-06-30 11:18:04', 'Rajut 4', 'B1', 'Y86019-1 27X27', 'BLK IRIS BOTANICALGARDEN WHTCA', 344.58, '', 'gudang'),
(2395, 294, '2025-06-30 11:18:04', 'Rajut 4', 'C2', 'Y86029-1 25X25', 'BLK IRIS BOTANICALGARDEN BIKIN', 225.42, '', 'gudang'),
(2396, 294, '2025-06-30 11:18:04', 'Rajut 4', 'D2', 'Y86029-1 27X27', 'BLK IRIS BOTANICALGARDEN BIKIN', 344.58, '', 'gudang'),
(2397, 294, '2025-06-30 11:18:04', 'Rajut 4', 'E3', 'Y86149-2 25X25', 'BLK IRIS MGREYMEL BIKINGRED', 225.42, '', 'gudang'),
(2398, 294, '2025-06-30 11:18:04', 'Rajut 4', 'F3', 'Y86149-2 27X27', 'BLK IRIS MGREYMEL BIKINGRED', 344.58, '', 'gudang'),
(2399, 152, '2025-06-30 11:18:04', 'Rajut 4', 'B2', 'Y86059-1 26X26.5', 'MID GREY MELANGE BLACK NAVY', 0, '', 'gudang'),
(2400, 152, '2025-06-30 11:18:04', 'Rajut 4', 'B3', 'Y86049-2 26X26.5', 'MID GREY MELANGE BLACK RW', 0, '', 'gudang'),
(2401, 152, '2025-06-30 11:18:04', 'Rajut 4', 'B4', 'Y86049-3 26X26.5', 'DARK GREY MELANGE', 0, '', 'gudang'),
(2402, 152, '2025-06-30 11:18:04', 'Rajut 4', 'B5', 'Y86049-4 26X26.5', 'ANTHRA MELANGE', 0, '', 'gudang'),
(2403, 152, '2025-06-30 11:18:04', 'Rajut 4', 'B6', 'Y86049-5 26X26.5', 'NAVY/RW/BLACK', 0, '', 'gudang'),
(2404, 295, '2025-06-30 11:18:04', 'Rajut 4', 'A1', 'Y71049-1 22X21', 'OFF WHITE', 82.5, '', 'gudang'),
(2405, 295, '2025-06-30 11:18:04', 'Rajut 4', 'B1', 'Y71049-1 24X22', 'OFF WHITE', 80.17, '', 'gudang'),
(2406, 295, '2025-06-30 11:18:04', 'Rajut 4', 'C2', 'Y71059-1 22X21', 'BLACK', 100, '', 'gudang'),
(2407, 295, '2025-06-30 11:18:04', 'Rajut 4', 'D2', 'Y71059-1 24X22', 'BLACK', 92.99, '', 'gudang'),
(2408, 296, '2025-06-30 11:18:04', 'Rajut 4', 'A1', 'Y71049-1 22X21', 'OFF WHITE', 24.17, '', 'gudang'),
(2409, 296, '2025-06-30 11:18:04', 'Rajut 4', 'B1', 'Y71049-1 24X22', 'OFF WHITE', 24.17, '', 'gudang'),
(2410, 296, '2025-06-30 11:18:04', 'Rajut 4', 'C2', 'Y71059-1 22X21', 'BLACK', 24.17, '', 'gudang'),
(2411, 296, '2025-06-30 11:18:04', 'Rajut 4', 'D2', 'Y71059-1 24X22', 'BLACK', 24.17, '', 'gudang'),
(2412, 297, '2025-06-30 11:18:04', 'Rajut 4', 'B1', 'Y82109-1 26X26.5', 'BLACK RW', 0, '', 'gudang'),
(2413, 297, '2025-06-30 11:18:04', 'Rajut 4', 'D2', 'Y82489-1 26X26.5', 'MID GREY MEL RW', 0, '', 'gudang'),
(2414, 297, '2025-06-30 11:18:04', 'Rajut 4', 'F3', 'Y82109-2 26X26.5', 'DARK GREY MEL RW', 0, '', 'gudang'),
(2415, 297, '2025-06-30 11:18:04', 'Rajut 4', 'F4', 'Y82109-3 26X26.5', 'PHANTOM RW', 0, '', 'gudang'),
(2416, 297, '2025-06-30 11:18:04', 'Rajut 4', 'F5', 'Y82109-4 26X26.5', 'VINTAGE INDIGO RW', 0, '', 'gudang'),
(2417, 297, '2025-06-30 11:18:04', 'Rajut 4', 'F6', 'Y82109-5 26X26.5', 'BLUE HORIZON RW', 0, '', 'gudang'),
(2418, 297, '2025-06-30 11:18:04', 'Rajut 4', 'F7', 'Y82109-6 26X26.5', 'NAVY RW', 0, '', 'gudang'),
(2419, 152, '2025-06-30 11:18:04', 'Rajut 4', 'A1', 'J484034-1 23.5X24', 'BLACK/RW/BLACK', 0, '', 'gudang'),
(2420, 152, '2025-06-30 11:18:04', 'Rajut 4', 'A2', 'J484044-1 23.5X24', 'MID GREY MELANGE BLACK NAVY', 0, '', 'gudang'),
(2421, 152, '2025-06-30 11:18:04', 'Rajut 4', 'A3', 'J484034-2 23.5X24', 'MID GREY MELANGE BLACK RW', 0, '', 'gudang'),
(2422, 152, '2025-06-30 11:18:04', 'Rajut 4', 'A4', 'J484034-3 23.5X24', 'DARK GREY MELANGE', 0, '', 'gudang'),
(2423, 152, '2025-06-30 11:18:04', 'Rajut 4', 'A5', 'J484034-4 23.5X24', 'ANTHRA MELANGE', 0, '', 'gudang'),
(2424, 152, '2025-06-30 11:18:04', 'Rajut 4', 'A6', 'J484034-5 23.5X24', 'NAVY/RW/BLACK', 0, '', 'gudang'),
(2425, 297, '2025-06-30 11:18:04', 'Rajut 4', 'A1', 'J464924-1 23.5X24', 'BLACK RW', 0, '', 'gudang'),
(2426, 297, '2025-06-30 11:18:04', 'Rajut 4', 'C2', 'J466964-1 23.5X24', 'MID GREY MEL RW', 0, '', 'gudang'),
(2427, 297, '2025-06-30 11:18:04', 'Rajut 4', 'E3', 'J464924-2 23.5X24', 'DARK GREY MEL RW', 0, '', 'gudang'),
(2428, 297, '2025-06-30 11:18:04', 'Rajut 4', 'E4', 'J464924-3 23.5X24', 'PHANTOM RW', 0, '', 'gudang'),
(2429, 297, '2025-06-30 11:18:04', 'Rajut 4', 'E5', 'J464924-4 23.5X24', 'VINTAGE INDIGO RW', 0, '', 'gudang'),
(2430, 297, '2025-06-30 11:18:04', 'Rajut 4', 'E6', 'J464924-5 23.5X24', 'BLUE HORIZON RW', 0, '', 'gudang'),
(2431, 297, '2025-06-30 11:18:04', 'Rajut 4', 'E7', 'J464924-6 23.5X24', 'NAVY RW', 0, '', 'gudang'),
(2432, 298, '2025-06-30 11:18:04', 'Rajut 4', 'A1', 'R23612-1 23X39.5', 'JET BLACK BLACK RW', 112.5, '', 'gudang'),
(2433, 298, '2025-06-30 11:18:04', 'Rajut 4', 'B1', 'R23612-1 25X39.5', 'JET BLACK BLACK RW', 162.5, '', 'gudang'),
(2434, 298, '2025-06-30 11:18:04', 'Rajut 4', 'C2', 'R24812-1 23X39.5', 'JET BLACK BLACK RW', 112.5, '', 'gudang'),
(2435, 298, '2025-06-30 11:18:04', 'Rajut 4', 'D2', 'R24812-1 25X39.5', 'JET BLACK BLACK RW', 162.5, '', 'gudang'),
(2436, 299, '2025-06-30 11:18:04', 'Rajut 4', 'A1', 'H58847-2 25X25', 'MIDNIGHT NAVY NAVY MEL BLACK', 46.67, '', 'gudang'),
(2437, 299, '2025-06-30 11:18:04', 'Rajut 4', 'B1', 'H58847-2 27X27', 'MIDNIGHT NAVY NAVY MEL BLACK', 81.67, '', 'gudang'),
(2438, 299, '2025-06-30 11:18:04', 'Rajut 4', 'C2', 'H58857-2 25X25', 'MIDNIGHT NAVY NAVY MEL BLACK', 46.67, '', 'gudang'),
(2439, 299, '2025-06-30 11:18:04', 'Rajut 4', 'D2', 'H58857-2 27X27', 'MIDNIGHT NAVY NAVY MEL BLACK', 81.67, '', 'gudang'),
(2440, 299, '2025-06-30 11:18:04', 'Rajut 4', 'E3', 'H58867-2 25X25', 'NAVY MEL MIDNIGHT NAVY BLACK', 46.67, '', 'gudang'),
(2441, 299, '2025-06-30 11:18:04', 'Rajut 4', 'F3', 'H58867-2 27X27', 'NAVY MEL MIDNIGHT NAVY BLACK', 81.67, '', 'gudang'),
(2442, 300, '2025-06-30 11:18:04', 'Rajut 4', 'A1', 'J484264-1 21.5X20', 'CREAM BEIGE MEL BLACK OFF WHIT', 0, '', 'gudang'),
(2443, 300, '2025-06-30 11:18:04', 'Rajut 4', 'B1', 'J484264-1 23.5X22', 'CREAM BEIGE MEL BLACK OFF WHIT', 0, '', 'gudang'),
(2444, 300, '2025-06-30 11:18:04', 'Rajut 4', 'C2', 'J484274-1 21.5X20', 'L BEIGE MEL BLACK RW', 0, '', 'gudang'),
(2445, 300, '2025-06-30 11:18:04', 'Rajut 4', 'D2', 'J484274-1 23.5X22', 'L BEIGE MEL BLACK RW', 0, '', 'gudang'),
(2446, 300, '2025-06-30 11:18:04', 'Rajut 4', 'C3', 'J484274-2 21.5X20', 'CREAM BEIGE MEL BLACK RW', 0, '', 'gudang'),
(2447, 300, '2025-06-30 11:18:04', 'Rajut 4', 'D3', 'J484274-2 23.5X22', 'CREAM BEIGE MEL BLACK RW', 0, '', 'gudang'),
(2448, 300, '2025-06-30 11:18:04', 'Rajut 4', 'C4', 'J484274-3 21.5X20', 'D BROWN MEL RW BLACK', 0, '', 'gudang'),
(2449, 300, '2025-06-30 11:18:04', 'Rajut 4', 'D4', 'J484274-3 23.5X22', 'D BROWN MEL RW BLACK', 0, '', 'gudang'),
(2450, 300, '2025-06-30 11:18:04', 'Rajut 4', 'C5', 'J484274-4 21.5X20', 'BLACK RW BLACK', 0, '', 'gudang'),
(2451, 300, '2025-06-30 11:18:04', 'Rajut 4', 'D5', 'J484274-4 23.5X22', 'BLACK RW BLACK', 0, '', 'gudang'),
(2452, 300, '2025-06-30 11:18:04', 'Rajut 4', 'E6', 'J484284-1 21.5X20', 'D BROWN MEL RW BLACK (M)', 0, '', 'gudang'),
(2453, 300, '2025-06-30 11:18:04', 'Rajut 4', 'F6', 'J484284-1 23.5X22', 'D BROWN MEL RW BLACK (M)', 0, '', 'gudang'),
(2454, 300, '2025-06-30 11:18:04', 'Rajut 4', 'G7', 'J484294-1 21.5X20', 'MID BEIGE MEL BLACK RW', 0, '', 'gudang'),
(2455, 300, '2025-06-30 11:18:04', 'Rajut 4', 'H7', 'J484294-1 23.5X22', 'MID BEIGE MEL BLACK RW', 0, '', 'gudang'),
(2456, 300, '2025-06-30 11:18:04', 'Rajut 4', 'G8', 'J484294-2 21.5X20', 'WHITE BLACK RW', 0, '', 'gudang'),
(2457, 300, '2025-06-30 11:18:04', 'Rajut 4', 'H8', 'J484294-2 23.5X22', 'WHITE BLACK RW', 0, '', 'gudang'),
(2458, 300, '2025-06-30 11:18:04', 'Rajut 4', 'G9', 'J484294-3 21.5X20', 'L BEIGE MEL BLACK RW', 0, '', 'gudang'),
(2459, 300, '2025-06-30 11:18:04', 'Rajut 4', 'H9', 'J484294-3 23.5X22', 'L BEIGE MEL BLACK RW', 0, '', 'gudang'),
(2460, 300, '2025-06-30 11:18:04', 'Rajut 4', 'G10', 'J484294-4 21.5X20', 'D BROWN MEL RW BLACK', 0, '', 'gudang'),
(2461, 300, '2025-06-30 11:18:04', 'Rajut 4', 'H10', 'J484294-4 23.5X22', 'D BROWN MEL RW BLACK', 0, '', 'gudang'),
(2462, 300, '2025-06-30 11:18:04', 'Rajut 4', 'I11', 'J484384-1 21.5X20', 'L BEIGE MEL BLACK RW (M)', 0, '', 'gudang'),
(2463, 300, '2025-06-30 11:18:04', 'Rajut 4', 'J11', 'J484384-1 23.5X22', 'L BEIGE MEL BLACK RW (M)', 0, '', 'gudang'),
(2464, 301, '2025-06-30 11:18:04', 'Rajut 4', 'A1', 'J466874-3 19X6', 'BRIGHT WHITE RW', 0, '', 'gudang'),
(2465, 301, '2025-06-30 11:18:04', 'Rajut 4', 'B1', 'J466874-3 21X6', 'BRIGHT WHITE RW', 0, '', 'gudang'),
(2466, 302, '2025-06-30 11:18:04', 'Rajut 4', 'A1', 'STC2032-1 21.5X15.5', 'BLACK L GREY BLACK (KANAN)', 9.83, '', 'gudang'),
(2467, 302, '2025-06-30 11:18:04', 'Rajut 4', 'B1', 'STC2032-1 23.5X16.5', 'BLACK L GREY BLACK (KANAN)', 23.96, '', 'gudang'),
(2468, 302, '2025-06-30 11:18:04', 'Rajut 4', 'C1', 'STC2032-1 25.5X17.5', 'BLACK L GREY BLACK (KANAN)', 20.38, '', 'gudang'),
(2469, 302, '2025-06-30 11:18:04', 'Rajut 4', 'A2', 'STC2033-1 21.5X15.5', 'BLACK L GREY BLACK (KIRI)', 9.83, '', 'gudang'),
(2470, 302, '2025-06-30 11:18:04', 'Rajut 4', 'B2', 'STC2033-1 23.5X16.5', 'BLACK L GREY BLACK (KIRI)', 23.96, '', 'gudang'),
(2471, 302, '2025-06-30 11:18:04', 'Rajut 4', 'C2', 'STC2033-1 25.5X17.5', 'BLACK L GREY BLACK (KIRI)', 20.38, '', 'gudang'),
(2472, 302, '2025-06-30 11:18:04', 'Rajut 4', 'D3', 'STC2032-2 21.5X15.5', 'IRONE GATE GREY L GREY (KANAN)', 9.83, '', 'gudang'),
(2473, 302, '2025-06-30 11:18:04', 'Rajut 4', 'E3', 'STC2032-2 23.5X16.5', 'IRONE GATE GREY L GREY (KANAN)', 23.96, '', 'gudang'),
(2474, 302, '2025-06-30 11:18:04', 'Rajut 4', 'F3', 'STC2032-2 25.5X17.5', 'IRONE GATE GREY L GREY (KANAN)', 20.38, '', 'gudang'),
(2475, 302, '2025-06-30 11:18:04', 'Rajut 4', 'D4', 'STC2033-2 21.5X15.5', 'IRONE GATE GREY L GREY (KIRI)', 9.83, '', 'gudang'),
(2476, 302, '2025-06-30 11:18:04', 'Rajut 4', 'E4', 'STC2033-2 23.5X16.5', 'IRONE GATE GREY L GREY (KIRI)', 23.96, '', 'gudang'),
(2477, 302, '2025-06-30 11:18:04', 'Rajut 4', 'F4', 'STC2033-2 25.5X17.5', 'IRONE GATE GREY L GREY (KIRI)', 20.38, '', 'gudang'),
(2478, 303, '2025-06-30 11:18:04', 'Rajut 4', 'A1', 'STC4108-1 21.5X22.5', 'BLACK L GREY BLACK (KANAN)', 13.96, '', 'gudang'),
(2479, 303, '2025-06-30 11:18:04', 'Rajut 4', 'B1', 'STC4108-1 23.5X23.5', 'BLACK L GREY BLACK (KANAN)', 28.46, '', 'gudang'),
(2480, 303, '2025-06-30 11:18:04', 'Rajut 4', 'C1', 'STC4108-1 25.5X24.5', 'BLACK L GREY BLACK (KANAN)', 11.75, '', 'gudang'),
(2481, 303, '2025-06-30 11:18:04', 'Rajut 4', 'A2', 'STC4109-1 21.5X22.5', 'BLACK L GREY BLACK (KIRI)', 13.96, '', 'gudang'),
(2482, 303, '2025-06-30 11:18:04', 'Rajut 4', 'B2', 'STC4109-1 23.5X23.5', 'BLACK L GREY BLACK (KIRI)', 28.46, '', 'gudang'),
(2483, 303, '2025-06-30 11:18:04', 'Rajut 4', 'C2', 'STC4109-1 25.5X24.5', 'BLACK L GREY BLACK (KIRI)', 11.75, '', 'gudang'),
(2484, 303, '2025-06-30 11:18:04', 'Rajut 4', 'D3', 'STC4108-2 21.5X22.5', 'IRONE GATE L GREY GREY (KANAN)', 13.96, '', 'gudang'),
(2485, 303, '2025-06-30 11:18:04', 'Rajut 4', 'E3', 'STC4108-2 23.5X23.5', 'IRONE GATE L GREY GREY (KANAN)', 28.46, '', 'gudang'),
(2486, 303, '2025-06-30 11:18:04', 'Rajut 4', 'F3', 'STC4108-2 25.5X24.5', 'IRONE GATE L GREY GREY (KANAN)', 11.75, '', 'gudang'),
(2487, 303, '2025-06-30 11:18:04', 'Rajut 4', 'D4', 'STC4109-2 21.5X22.5', 'IRONE GATE L GREY GREY (KIRI)', 13.96, '', 'gudang'),
(2488, 303, '2025-06-30 11:18:04', 'Rajut 4', 'E4', 'STC4109-2 23.5X23.5', 'IRONE GATE L GREY GREY (KIRI)', 28.46, '', 'gudang'),
(2489, 303, '2025-06-30 11:18:04', 'Rajut 4', 'F4', 'STC4109-2 25.5X24.5', 'IRONE GATE L GREY GREY (KIRI)', 11.75, '', 'gudang'),
(2490, 304, '2025-06-30 11:18:04', 'Rajut 4', 'A1', 'J466874-2 19X6', 'UNIVERSAL BLACK BLACK RW', 0, '', 'gudang'),
(2491, 304, '2025-06-30 11:18:04', 'Rajut 4', 'B1', 'J466874-2 21X6', 'UNIVERSAL BLACK BLACK RW', 990, '', 'gudang');

-- --------------------------------------------------------

--
-- Table structure for table `tabel_induk`
--

CREATE TABLE `tabel_induk` (
  `id_induk` int(11) UNSIGNED NOT NULL,
  `no_order` varchar(30) NOT NULL,
  `no_model` varchar(30) NOT NULL,
  `kode_buyer` varchar(30) NOT NULL,
  `smv` double NOT NULL,
  `qty_po_model` double NOT NULL,
  `ratarata_produksi` double NOT NULL,
  `delivery` date NOT NULL,
  `keterangan` text NOT NULL,
  `admin` varchar(30) NOT NULL
) ENGINE=InnoDB DEFAULT CHARSET=utf8mb4 COLLATE=utf8mb4_general_ci;

--
-- Dumping data for table `tabel_induk`
--

INSERT INTO `tabel_induk` (`id_induk`, `no_order`, `no_model`, `kode_buyer`, `smv`, `qty_po_model`, `ratarata_produksi`, `delivery`, `keterangan`, `admin`) VALUES
(1, '95165785002-AU25', 'LS0287', 'S61', 0, 0, 0, '2025-06-09', '', 'gudang'),
(2, '41942718001_CH', 'L25086', 'A61', 0, 0, 0, '2025-06-09', '', 'gudang'),
(3, '405820-4214', 'GP0587', 'S76', 0, 0, 0, '2025-06-06', '', 'gudang'),
(4, '0900892803', 'DA2541', 'A31', 0, 0, 0, '2025-07-01', '', 'gudang'),
(5, '0901000037', 'DA2555', 'A39', 0, 0, 0, '2025-06-09', '', 'gudang'),
(6, '422252-4214', 'GP0604', 'S76', 0, 0, 0, '2025-06-25', '', 'gudang'),
(7, '422254-4214', 'GP0605', 'S76', 0, 0, 0, '2025-07-09', '', 'gudang'),
(8, '422255-4214', 'GP0611', 'S76', 0, 0, 0, '2025-07-02', '', 'gudang'),
(9, '440134-4214', 'GP0649', 'S76', 0, 0, 0, '2025-07-23', '', 'gudang'),
(10, '426254-4214', 'GP0610', 'S76', 0, 0, 0, '2025-07-02', '', 'gudang'),
(11, '437212-4214', 'GP0644', 'S76', 0, 0, 0, '2025-07-16', '', 'gudang'),
(12, '443493-4214', 'GP0660', 'S76', 0, 0, 0, '2025-07-30', '', 'gudang'),
(13, '41828800_002', 'L25097', 'S61', 0, 0, 0, '2025-07-19', '', 'gudang'),
(14, '95165784004-AU25', 'LS0351', 'S61', 0, 0, 0, '2025-07-18', '', 'gudang'),
(15, '95165785003-AU25', 'LS0352', 'S61', 0, 0, 0, '2025-07-18', '', 'gudang'),
(16, '41828801001', 'L25107', 'S61', 0, 0, 0, '2025-07-28', '', 'gudang'),
(17, 'S651003L-103INTE', 'NA2523', 'ROYCE TOO', 0, 0, 0, '2025-06-03', '', 'gudang'),
(18, 'S651003L-032INTE', 'NA2524', 'ROYCE TOO', 0, 0, 0, '2025-06-03', '', 'gudang'),
(19, 'S655013L-013', 'NA2538', 'ROYCE TOO', 0, 0, 0, '2025-06-03', '', 'gudang'),
(20, 'S655013L-071', 'NA2539', 'ROYCE TOO', 0, 0, 0, '2025-06-03', '', 'gudang'),
(21, 'S651003L-815INTE', 'NA2525', 'ROYCE TOO', 0, 0, 0, '2025-06-03', '', 'gudang'),
(22, 'S651004L-020BND2', 'NA2533', 'ROYCE TOO', 0, 0, 0, '2025-06-03', '', 'gudang'),
(23, 'S651004L-020INTE', 'NA2534', 'ROYCE TOO', 0, 0, 0, '2025-06-03', '', 'gudang'),
(24, '5413', 'AK5413', 'A2F', 0, 0, 0, '2025-07-21', '', 'gudang'),
(25, '900900201', 'DA2518', 'A32', 0, 0, 0, '2025-09-01', '', 'gudang'),
(26, '900891856', 'DA2521', 'A31', 0, 0, 0, '2025-07-01', '', 'gudang'),
(27, '900891766', 'DA2522', 'A31', 0, 0, 0, '2025-08-01', '', 'gudang'),
(28, '900891792', 'DA2524', 'A32', 0, 0, 0, '2025-07-01', '', 'gudang'),
(29, '900887251', 'DA2528', 'A31', 0, 0, 0, '2025-06-23', '', 'gudang'),
(30, '900892717', 'DA2535', 'A31', 0, 0, 0, '2025-07-24', '', 'gudang'),
(31, '900892954', 'DA2538', 'A31', 0, 0, 0, '2025-08-01', '', 'gudang'),
(32, '900900292', 'DA2540', 'A32', 0, 0, 0, '2025-07-17', '', 'gudang'),
(33, '900946280', 'DA2545', 'A32', 0, 0, 0, '2025-09-01', '', 'gudang'),
(34, '900990142', 'DA2547', 'A34', 0, 0, 0, '2025-06-23', '', 'gudang'),
(35, '900946317', 'DA2548', 'A32', 0, 0, 0, '2025-08-16', '', 'gudang'),
(36, '900997956', 'DA2552', 'A34', 0, 0, 0, '2025-06-09', '', 'gudang'),
(37, '900994235', 'DA2554', 'A32', 0, 0, 0, '2025-07-17', '', 'gudang'),
(38, '901049395', 'DA2556', 'A39', 0, 0, 0, '2025-07-01', '', 'gudang'),
(39, '901050015', 'DA2557', 'A34', 0, 0, 0, '2025-07-01', '', 'gudang'),
(40, '901081081', 'DA2559', 'A44', 0, 0, 0, '2025-08-01', '', 'gudang'),
(41, '901081082', 'DA2560', 'A44', 0, 0, 0, '2025-08-01', '', 'gudang'),
(42, '901164342', 'DA2562', 'A31', 0, 0, 0, '2025-08-01', '', 'gudang'),
(43, '901160364', 'DA2563', 'A34', 0, 0, 0, '2025-08-01', '', 'gudang'),
(44, 'S62009L-INTE', 'NA2520', 'ROYCE TOO', 0, 0, 0, '2025-06-03', '', 'gudang'),
(45, 'S62009L-BND2', 'NA2521', 'ROYCE TOO', 0, 0, 0, '2025-06-03', '', 'gudang'),
(46, 'S62009L-BND3', 'NA2522', 'ROYCE TOO', 0, 0, 0, '2025-06-03', '', 'gudang'),
(47, 'S651004L-001INTE', 'NA2529', 'ROYCE TOO', 0, 0, 0, '2025-06-03', '', 'gudang'),
(48, 'S651004L-001BND2', 'NA2530', 'ROYCE TOO', 0, 0, 0, '2025-06-03', '', 'gudang'),
(49, 'S62009-001INTE40298', 'NA2540', 'ROYCE TOO', 0, 0, 0, '2025-06-24', '', 'gudang'),
(50, 'S62009-001BND2402498', 'NA2541', 'ROYCE TOO', 0, 0, 0, '2025-06-24', '', 'gudang'),
(51, 'S62009-001BND3402498', 'NA2542', 'ROYCE TOO', 0, 0, 0, '2025-06-24', '', 'gudang'),
(52, 'S651003-001INTE402498', 'NA2545', 'ROYCE TOO', 0, 0, 0, '2025-06-24', '', 'gudang'),
(53, 'S651003-004INTE402498', 'NA2546', 'ROYCE TOO', 0, 0, 0, '2025-06-24', '', 'gudang'),
(54, 'S621012-020INTE402498', 'NA2548', 'ROYCE TOO', 0, 0, 0, '2025-06-24', '', 'gudang'),
(55, 'S82004-011INTE402498', 'NA2550', 'ROYCE TOO', 0, 0, 0, '2025-06-24', '', 'gudang'),
(56, 'S651004-020INTE402498', 'NA2552', 'ROYCE TOO', 0, 0, 0, '2025-06-24', '', 'gudang'),
(57, 'S655013-013INTE402498', 'NA2553', 'ROYCE TOO', 0, 0, 0, '2025-06-24', '', 'gudang'),
(58, 'S62009-001INTE402570', 'NA2555', 'ROYCE TOO', 0, 0, 0, '2025-07-14', '', 'gudang'),
(59, 'S62009-072INTE402570', 'NA2556', 'ROYCE TOO', 0, 0, 0, '2025-07-14', '', 'gudang'),
(60, 'S62009-001BND2402570', 'NA2557', 'ROYCE TOO', 0, 0, 0, '2025-07-14', '', 'gudang'),
(61, 'S62009-072BND2402570', 'NA2558', 'ROYCE TOO', 0, 0, 0, '2025-07-14', '', 'gudang'),
(62, 'S62009-100INTE402570', 'NA2559', 'ROYCE TOO', 0, 0, 0, '2025-07-14', '', 'gudang'),
(63, 'S82004-002INTE402570', 'NA2560', 'ROYCE TOO', 0, 0, 0, '2025-07-14', '', 'gudang'),
(64, 'E08680-001INTE402570', 'NA2561', 'ROYCE TOO', 0, 0, 0, '2025-07-14', '', 'gudang'),
(65, 'E08680-032INTE402570', 'NA2562', 'ROYCE TOO', 0, 0, 0, '2025-07-14', '', 'gudang'),
(66, 'S82004-904INTE402570A', 'NA2563', 'ROYCE TOO', 0, 0, 0, '2025-07-14', '', 'gudang'),
(67, 'S82004-904INTE402570', 'NA2564', 'ROYCE TOO', 0, 0, 0, '2025-07-14', '', 'gudang'),
(68, 'S82004-905INTE402570', 'NA2565', 'ROYCE TOO', 0, 0, 0, '2025-07-14', '', 'gudang'),
(69, 'S82004-002BND2402570', 'NA2567', 'ROYCE TOO', 0, 0, 0, '2025-07-14', '', 'gudang'),
(70, 'S82004-904BND2402570', 'NA2568', 'ROYCE TOO', 0, 0, 0, '2025-07-14', '', 'gudang'),
(71, 'S82004-905BND2402570', 'NA2569', 'ROYCE TOO', 0, 0, 0, '2025-07-14', '', 'gudang'),
(72, 'E08680-001BND2402570', 'NA2570', 'ROYCE TOO', 0, 0, 0, '2025-07-14', '', 'gudang'),
(73, 'S82004-011INTE402570', 'NA2572', 'ROYCE TOO', 0, 0, 0, '2025-07-14', '', 'gudang'),
(74, 'S82004-001INTE402570', 'NA2573', 'ROYCE TOO', 0, 0, 0, '2025-07-14', '', 'gudang'),
(75, 'S82004-039INTE402570', 'NA2574', 'ROYCE TOO', 0, 0, 0, '2025-07-14', '', 'gudang'),
(76, 'S82004-001BND2402570', 'NA2575', 'ROYCE TOO', 0, 0, 0, '2025-07-14', '', 'gudang'),
(77, 'S651004-001INTE402570', 'NA2576', 'ROYCE TOO', 0, 0, 0, '2025-07-14', '', 'gudang'),
(78, 'S651004-001BND2402570', 'NA2577', 'ROYCE TOO', 0, 0, 0, '2025-07-14', '', 'gudang'),
(79, 'S62009-001INTE402580', 'NA2581', 'ROYCE TOO', 0, 0, 0, '2025-07-21', '', 'gudang'),
(80, 'S62009-072INTE402580', 'NA2582', 'ROYCE TOO', 0, 0, 0, '2025-07-21', '', 'gudang'),
(81, 'S62009-001BND2402580', 'NA2583', 'ROYCE TOO', 0, 0, 0, '2025-07-21', '', 'gudang'),
(82, 'E08680L-001INTE402580', 'NA2585', 'ROYCE TOO', 0, 0, 0, '2025-07-21', '', 'gudang'),
(83, 'E08680L-032INTE402580', 'NA2586', 'ROYCE TOO', 0, 0, 0, '2025-07-21', '', 'gudang'),
(84, 'E08680XL-001INTE402580', 'NA2589', 'ROYCE TOO', 0, 0, 0, '2025-07-21', '', 'gudang'),
(85, 'E08680XL-032INTE402580', 'NA2590', 'ROYCE TOO', 0, 0, 0, '2025-07-21', '', 'gudang'),
(86, 'S62009-001INTU402580', 'NA2591', 'ROYCE TOO', 0, 0, 0, '2025-07-21', '', 'gudang'),
(87, 'S62009XL-001INTE402580', 'NA2593', 'ROYCE TOO', 0, 0, 0, '2025-07-21', '', 'gudang'),
(88, 'E08680M-001INTU402580', 'NA2595', 'ROYCE TOO', 0, 0, 0, '2025-07-21', '', 'gudang'),
(89, 'E08680M-032INTU402580', 'NA2596', 'ROYCE TOO', 0, 0, 0, '2025-07-21', '', 'gudang'),
(90, 'S62009G-001INTE402580', 'NA2598', 'ROYCE TOO', 0, 0, 0, '2025-07-21', '', 'gudang'),
(91, 'E08680L-032BND2402580', 'NA25110', 'ROYCE TOO', 0, 0, 0, '2025-07-21', '', 'gudang'),
(92, 'S62009G-001INTE402580', 'NA25122', 'ROYCE TOO', 0, 0, 0, '2025-07-21', '', 'gudang'),
(93, 'E08680G-001INTE402580', 'NA25124', 'ROYCE TOO', 0, 0, 0, '2025-07-21', '', 'gudang'),
(94, 'E08680G-032INTE402580', 'NA25125', 'ROYCE TOO', 0, 0, 0, '2025-07-21', '', 'gudang'),
(95, 'S62009XL-001BND2402580', 'NA25132', 'ROYCE TOO', 0, 0, 0, '2025-07-21', '', 'gudang'),
(96, 'S62009M-001BND2402580', 'NA25133', 'ROYCE TOO', 0, 0, 0, '2025-07-21', '', 'gudang'),
(97, '910011007004', 'AK5145', 'A2K', 0, 0, 0, '2025-06-20', '', 'gudang'),
(98, '900887447', 'DA2519', 'A31', 0, 0, 0, '2025-06-16', '', 'gudang'),
(99, '900898606', 'DA2520', 'A32', 0, 0, 0, '2025-06-23', '', 'gudang'),
(100, '900888994', 'DA2536', 'A31', 0, 0, 0, '2025-07-24', '', 'gudang'),
(101, '900890881', 'DA2537', 'A31', 0, 0, 0, '2025-07-24', '', 'gudang'),
(102, '900890936', 'DA2539', 'A31', 0, 0, 0, '2025-08-01', '', 'gudang'),
(103, '900900249', 'DA2544', 'A32', 0, 0, 0, '2025-06-16', '', 'gudang'),
(104, '900946342', 'DA2546', 'A32', 0, 0, 0, '2025-09-01', '', 'gudang'),
(105, '900994154', 'DA2551', 'A32', 0, 0, 0, '2025-07-17', '', 'gudang'),
(106, '900990750', 'DA2553', 'A31', 0, 0, 0, '2025-06-02', '', 'gudang'),
(107, '901050925', 'DA2558', 'A34', 0, 0, 0, '2025-07-17', '', 'gudang'),
(108, '494493', 'DB2503', 'S4Z', 0, 0, 0, '2025-11-07', '', 'gudang'),
(109, '495765-2504', 'H25004', 'S4Z', 0, 0, 0, '2025-11-21', '', 'gudang'),
(110, '530644-2504', 'H25005', 'S4Y', 0, 0, 0, '2025-11-21', '', 'gudang'),
(111, '95102782004-AU25', 'LS0290', 'S61', 0, 0, 0, '2025-06-02', '', 'gudang'),
(112, '95102783003-AU25', 'LS0291', 'S61', 0, 0, 0, '2025-06-02', '', 'gudang'),
(113, '95102784003-AU25', 'LS0292', 'S61', 0, 0, 0, '2025-06-02', '', 'gudang'),
(114, '95102785004-AU25', 'LS0293', 'S61', 0, 0, 0, '2025-06-02', '', 'gudang'),
(115, '95102786004-AU25', 'LS0294', 'S61', 0, 0, 0, '2025-06-02', '', 'gudang'),
(116, '95102789003-AU25', 'LS0295', 'S61', 0, 0, 0, '2025-06-02', '', 'gudang'),
(117, '22420700001-AU25', 'LN2253', 'S61', 0, 0, 0, '2025-06-10', '', 'gudang'),
(118, '22420703001-AU25', 'LN2351', 'S61', 0, 0, 0, '2025-06-10', '', 'gudang'),
(119, '95102910003-AU25', 'LS0298', 'S61', 0, 0, 0, '2025-06-13', '', 'gudang'),
(120, '95102904005-AU25', 'LS0316', 'S61', 0, 0, 0, '2025-06-13', '', 'gudang'),
(121, '95102909005-AU25', 'LS0317', 'S61', 0, 0, 0, '2025-06-13', '', 'gudang'),
(122, '100388-7188', 'MM4879', 'S76', 0, 0, 0, '2025-06-06', '', 'gudang'),
(123, '95102911004-AU25', 'LS0318', 'S61', 0, 0, 0, '2025-06-13', '', 'gudang'),
(124, '393839-7188', 'MM4872', 'S76', 0, 0, 0, '2025-06-06', '', 'gudang'),
(125, '415476-7188', 'MM4894', 'S76', 0, 0, 0, '2025-06-18', '', 'gudang'),
(126, '339840-7188', 'MM4950', 'S76', 0, 0, 0, '2025-07-30', '', 'gudang'),
(127, '434715-7188', 'MM4959', 'S76', 0, 0, 0, '2025-07-16', '', 'gudang'),
(128, 'HU-049', 'GP0627', 'A5A', 0, 0, 0, '2025-07-05', '', 'gudang'),
(129, 'HU-050', 'GP0628', 'A5A', 0, 0, 0, '2025-07-05', '', 'gudang'),
(130, 'HU-035', 'GP0629', 'A5A', 0, 0, 0, '2025-07-05', '', 'gudang'),
(131, 'HU-036', 'GP0630', 'A5A', 0, 0, 0, '2025-07-05', '', 'gudang'),
(132, 'HU-039', 'GP0631', 'A5A', 0, 0, 0, '2025-07-05', '', 'gudang'),
(133, 'HU-040', 'GP0632', 'A5A', 0, 0, 0, '2025-07-05', '', 'gudang'),
(134, 'HU-037', 'GP0633', 'A5A', 0, 0, 0, '2025-07-05', '', 'gudang'),
(135, 'HU-038', 'GP0634', 'A5A', 0, 0, 0, '2025-07-05', '', 'gudang'),
(136, 'HU-047', 'GP0635', 'A5A', 0, 0, 0, '2025-07-05', '', 'gudang'),
(137, 'HU-048', 'GP0636', 'A5A', 0, 0, 0, '2025-07-05', '', 'gudang'),
(138, 'HU-041', 'GP0637', 'A5A', 0, 0, 0, '2025-07-05', '', 'gudang'),
(139, 'HU-042', 'GP0638', 'A5A', 0, 0, 0, '2025-07-05', '', 'gudang'),
(140, 'HU-043', 'GP0639', 'A5A', 0, 0, 0, '2025-07-05', '', 'gudang'),
(141, 'HU-044', 'GP0640', 'A5A', 0, 0, 0, '2025-07-05', '', 'gudang'),
(142, 'HU-045', 'GP0641', 'A5A', 0, 0, 0, '2025-07-05', '', 'gudang'),
(143, 'HU-046', 'GP0642', 'A5A', 0, 0, 0, '2025-07-05', '', 'gudang'),
(144, '900887220', 'DA2533', 'A31', 0, 0, 0, '2025-08-01', '', 'gudang'),
(145, '900891051', 'DA2525', 'A31', 0, 0, 0, '2025-07-09', '', 'gudang'),
(146, '900893593', 'DA2526', 'A32', 0, 0, 0, '2025-07-01', '', 'gudang'),
(147, '900892908', 'DA2527', 'A31', 0, 0, 0, '2025-07-01', '', 'gudang'),
(148, '900893070', 'DA2530', 'A31', 0, 0, 0, '2025-08-01', '', 'gudang'),
(149, '900890987', 'DA2531', 'A31', 0, 0, 0, '2025-08-01', '', 'gudang'),
(150, '900890696', 'DA2532', 'A31', 0, 0, 0, '2025-06-02', '', 'gudang'),
(151, '901164448', 'DA2561', 'A31', 0, 0, 0, '2025-08-01', '', 'gudang'),
(152, '485682-2501', 'H25001', 'S4Z', 0, 0, 0, '2025-07-04', '', 'gudang'),
(153, '100398-7188', 'MM4923', 'S76', 0, 0, 0, '2025-06-04', '', 'gudang'),
(154, '100405-7188', 'MM4965', 'S76', 0, 0, 0, '2025-06-25', '', 'gudang'),
(155, '100408-7188', 'MM4987', 'S76', 0, 0, 0, '2025-07-16', '', 'gudang'),
(156, '95102904007-AU25', 'LS0322', 'S61', 0, 0, 0, '2025-07-13', '', 'gudang'),
(157, '95102910004-AU25', 'LS0323', 'S61', 0, 0, 0, '2025-07-13', '', 'gudang'),
(158, '95102911006-AU25', 'LS0324', 'S61', 0, 0, 0, '2025-07-13', '', 'gudang'),
(159, '95102904BLK01-WI25', 'LS0339', 'S61', 0, 0, 0, '2025-08-13', '', 'gudang'),
(160, '95102909ANT01-WI25', 'LS0340', 'S61', 0, 0, 0, '2025-08-13', '', 'gudang'),
(161, '95102910BLU01-WI25', 'LS0341', 'S61', 0, 0, 0, '2025-08-13', '', 'gudang'),
(162, '95102911BEG01-WI25', 'LS0342', 'S61', 0, 0, 0, '2025-08-13', '', 'gudang'),
(163, '95102791004-AU25', 'LS0353', 'S61', 0, 0, 0, '2025-07-18', '', 'gudang'),
(164, '95102911BEG02-WI25', 'LS0359', 'S61', 0, 0, 0, '2025-08-13', '', 'gudang'),
(165, '484138', 'DB2502', 'S4Z', 0, 0, 0, '2025-07-11', '', 'gudang'),
(166, 'AK-KKSS-050', 'AK5408', 'S95', 0, 0, 0, '2025-06-20', '', 'gudang'),
(167, '051106-7921', 'GP0594', 'S76', 0, 0, 0, '2025-06-06', '', 'gudang'),
(168, '051107-7921', 'GP0600', 'S76', 0, 0, 0, '2025-06-18', '', 'gudang'),
(169, '41953712003_CH', 'L25080', 'S61', 0, 0, 0, '2025-06-23', '', 'gudang'),
(170, '41947711001/2241880', 'L25081', 'S61', 0, 0, 0, '2025-06-02', '', 'gudang'),
(171, '41947711003_SK', 'L25082', 'S61', 0, 0, 0, '2025-06-30', '', 'gudang'),
(172, '41947502004_CH', 'L25089', 'S61', 0, 0, 0, '2025-06-09', '', 'gudang'),
(173, '2245725_41832726001', 'L25091', 'S61', 0, 0, 0, '2025-07-08', '', 'gudang'),
(174, '2245750_41832801001', 'L25096', 'S61', 0, 0, 0, '2025-07-21', '', 'gudang'),
(175, '2242167_41808801001', 'L25104', 'S61', 0, 0, 0, '2025-07-28', '', 'gudang'),
(176, '31814711002_OL', 'T25012', 'S61', 0, 0, 0, '2025-06-21', '', 'gudang'),
(177, '41946800_002', 'L25102', 'S61', 0, 0, 0, '2025-07-21', '', 'gudang'),
(178, 'AK-KKLM-055', 'AK5404', 'S95', 0, 0, 0, '2025-06-20', '', 'gudang'),
(179, 'AK-KKMN-020', 'AK5409', 'S95', 0, 0, 0, '2025-06-23', '', 'gudang'),
(180, '22411953005-AU25', 'LN2382', 'S61', 0, 0, 0, '2025-06-13', '', 'gudang'),
(181, '22411958005-AU25', 'LN2383', 'S61', 0, 0, 0, '2025-06-13', '', 'gudang'),
(182, '22411952006-AU25', 'LN2384', 'S61', 0, 0, 0, '2025-06-13', '', 'gudang'),
(183, 'S651003L-004BND2', 'NA2526', 'RC', 0, 0, 0, '2025-06-03', '', 'gudang'),
(184, 'S621012L-001', 'NA2527', 'RC', 0, 0, 0, '2025-06-03', '', 'gudang'),
(185, 'S621012L-020', 'NA2528', 'RC', 0, 0, 0, '2025-06-03', '', 'gudang'),
(186, 'S651004L-100BND2 US', 'NA2531', 'RC', 0, 0, 0, '2025-06-03', '', 'gudang'),
(187, 'S651004L-100INTE', 'NA2532', 'RC', 0, 0, 0, '2025-06-03', '', 'gudang'),
(188, 'S621012L-001', 'NA2535', 'RC', 0, 0, 0, '2025-06-03', '', 'gudang'),
(189, 'S621012L-071', 'NA2536', 'RC', 0, 0, 0, '2025-06-03', '', 'gudang'),
(190, 'S621012L-905', 'NA2537', 'RC', 0, 0, 0, '2025-06-03', '', 'gudang'),
(191, 'S62009-100INTE402498', 'NA2543', 'RC', 0, 0, 0, '2025-06-24', '', 'gudang'),
(192, 'S62009-100BND3402498', 'NA2544', 'RC', 0, 0, 0, '2025-06-24', '', 'gudang'),
(193, 'S821015-905INTE402498', 'NA2547', 'RC', 0, 0, 0, '2025-06-24', '', 'gudang'),
(194, 'S82004-100INTE402498', 'NA2549', 'RC', 0, 0, 0, '2025-06-24', '', 'gudang'),
(195, 'S651004-100INTE402498', 'NA2551', 'RC', 0, 0, 0, '2025-06-24', '', 'gudang'),
(196, 'E08680-103INTE402570', 'NA2554', 'RC', 0, 0, 0, '2025-07-14', '', 'gudang'),
(197, 'S82004-101INTE402570', 'NA2566', 'RC', 0, 0, 0, '2025-07-14', '', 'gudang'),
(198, 'S82004-100INTE402570', 'NA2571', 'RC', 0, 0, 0, '2025-07-14', '', 'gudang'),
(199, 'S62009-100INTU402580', 'NA2592', 'RC', 0, 0, 0, '2025-07-21', '', 'gudang'),
(200, 'S62009-100INTE402580', 'NA2594', 'RC', 0, 0, 0, '2025-07-21', '', 'gudang'),
(201, 'S62009G-100INTE402580', 'NA2599', 'RC', 0, 0, 0, '2025-07-21', '', 'gudang'),
(202, '485676', 'SL2501', 'S4Z', 0, 0, 0, '2025-06-13', '', 'gudang'),
(203, '95102781003-AU25', 'LS0289', 'S61', 0, 0, 0, '2025-06-02', '', 'gudang'),
(204, '22420706001-AU25', 'LN2287', 'S61', 0, 0, 0, '2025-06-10', '', 'gudang'),
(205, '22420701001-AU25', 'LN2349', 'S61', 0, 0, 0, '2025-06-10', '', 'gudang'),
(206, '22420707001-AU25', 'LN2350', 'S61', 0, 0, 0, '2025-06-10', '', 'gudang'),
(207, '304092-7188', 'MM4858', 'S76', 0, 0, 0, '2025-07-04', '', 'gudang'),
(208, '304095-7188', 'MM4854', 'S76', 0, 0, 0, '2025-07-04', '', 'gudang'),
(209, '41959710001_OL', 'L25087', 'S61', 0, 0, 0, '2025-06-28', '', 'gudang'),
(210, '2245724_41832728002', 'L25090', 'S61', 0, 0, 0, '2025-06-30', '', 'gudang'),
(211, '2245727_41832729002', 'L25092', 'S61', 0, 0, 0, '2025-06-30', '', 'gudang'),
(212, '22431907005-AU25', 'LN2393', 'S61', 0, 0, 0, '2025-06-13', '', 'gudang'),
(213, '22431906005-AU25', 'LN2392', 'S61', 0, 0, 0, '2025-06-13', '', 'gudang'),
(214, '22431901005-AU25', 'LN2391', 'S61', 0, 0, 0, '2025-06-13', '', 'gudang'),
(215, '405799-7921', 'GP0586', 'S76', 0, 0, 0, '2025-06-06', '', 'gudang'),
(216, '954527-1', 'ER1199', 'S2D', 0, 0, 0, '2025-06-14', '', 'gudang'),
(217, '41801716007_A', 'L25100', 'S61', 0, 0, 0, '2025-07-21', '', 'gudang'),
(218, '41825800001_OL', 'L25101', 'S61', 0, 0, 0, '2025-07-21', '', 'gudang'),
(219, '41812800001_B', 'L25098', 'S61', 0, 0, 0, '2025-07-21', '', 'gudang'),
(220, '41800800001_E', 'L25099', 'S61', 0, 0, 0, '2025-07-21', '', 'gudang'),
(221, '2245751_41832802002', 'L25095', 'S61', 0, 0, 0, '2025-07-21', '', 'gudang'),
(222, '2242169_41832800001', 'L25094', 'S61', 0, 0, 0, '2025-07-21', '', 'gudang'),
(223, '41825710005_B', 'L25103', 'S61', 0, 0, 0, '2025-07-28', '', 'gudang'),
(224, '41812802001_E', 'L25105', 'S61', 0, 0, 0, '2025-07-28', '', 'gudang'),
(225, '051405-7921', 'GP0601', 'S76', 0, 0, 0, '2025-06-18', '', 'gudang'),
(226, '051206-7921', 'GP0607', 'S76', 0, 0, 0, '2025-06-11', '', 'gudang'),
(227, '051306-7921', 'GP0608', 'S76', 0, 0, 0, '2025-06-25', '', 'gudang'),
(228, '426828-7921', 'GP0609', 'S76', 0, 0, 0, '2025-07-02', '', 'gudang'),
(229, '5403130002', 'Y25002', 'SI9', 0, 0, 0, '2025-07-09', '', 'gudang'),
(230, '5403140002', 'Y25001', 'SI9', 0, 0, 0, '2025-07-09', '', 'gudang'),
(231, '22431906007-AU25', 'LN2427', 'S61', 0, 0, 0, '2025-07-13', '', 'gudang'),
(232, '22431901007-AU25', 'LN2426', 'S61', 0, 0, 0, '2025-07-13', '', 'gudang'),
(233, '22431907007-AU25', 'LN2428', 'S61', 0, 0, 0, '2025-07-13', '', 'gudang'),
(234, '41942800001_E', 'L25108', 'S61', 0, 0, 0, '2025-08-04', '', 'gudang'),
(235, '41947801002_OL', 'L25109', 'S61', 0, 0, 0, '2025-08-04', '', 'gudang'),
(236, '22431901WHT01-WI25', 'LN2445', 'S61', 0, 0, 0, '2025-08-13', '', 'gudang'),
(237, '22431906BLUE01-WI25', 'LN2446', 'S61', 0, 0, 0, '2025-08-13', '', 'gudang'),
(238, '22431907ROSA01-WI25', 'LN2447', 'S61', 0, 0, 0, '2025-08-13', '', 'gudang'),
(239, '336074-7921', 'GP0618', 'S76', 0, 0, 0, '2025-07-30', '', 'gudang'),
(240, '339452-7921', 'GP0623', 'S76', 0, 0, 0, '2025-08-06', '', 'gudang'),
(241, '051307-7921', 'GP0653', 'S76', 0, 0, 0, '2025-07-02', '', 'gudang'),
(242, '051207-7921', 'GP0652', 'S76', 0, 0, 0, '2025-07-02', '', 'gudang'),
(243, '051406-7921', 'GP0651', 'S76', 0, 0, 0, '2025-07-16', '', 'gudang'),
(244, '051108-7921', 'GP0650', 'S76', 0, 0, 0, '2025-07-09', '', 'gudang'),
(245, '41810800001_A', 'L25093', 'S61', 0, 0, 0, '2025-07-28', '', 'gudang'),
(246, '41945800001_CH', 'L25106', 'S61', 0, 0, 0, '2025-07-28', '', 'gudang'),
(247, '297767-3611', 'MF4844', 'S76', 0, 0, 0, '2025-06-13', '', 'gudang'),
(248, '303684-3610', 'MF4853', 'S76', 0, 0, 0, '2025-06-20', '', 'gudang'),
(249, '303719-3610', 'MF4860', 'S76', 0, 0, 0, '2025-06-20', '', 'gudang'),
(250, '303704-3610', 'MF4855', 'S76', 0, 0, 0, '2025-06-20', '', 'gudang'),
(251, '400232-3610', 'MF4865', 'S76', 0, 0, 0, '2025-06-06', '', 'gudang'),
(252, '22411950005-AU25', 'LN2380', 'S61', 0, 0, 0, '2025-06-13', '', 'gudang'),
(253, '22430902BLK2-AU25', 'LN2385', 'S61', 0, 0, 0, '2025-06-13', '', 'gudang'),
(254, '22430902007-AU25', 'LN2388', 'S61', 0, 0, 0, '2025-06-13', '', 'gudang'),
(255, '22430907004-AU25', 'LN2387', 'S61', 0, 0, 0, '2025-06-13', '', 'gudang'),
(256, '22430906005-AU25', 'LN2386', 'S61', 0, 0, 0, '2025-06-13', '', 'gudang'),
(257, '22432900005-AU25', 'LN2394', 'S61', 0, 0, 0, '2025-06-13', '', 'gudang'),
(258, '22411951007-AU25', 'LN2381', 'S61', 0, 0, 0, '2025-06-13', '', 'gudang'),
(259, '22430802003-WI25', 'LN2401', 'S61', 0, 0, 0, '2025-07-17', '', 'gudang'),
(260, '331460-3611', 'MF4896', 'S76', 0, 0, 0, '2025-07-09', '', 'gudang'),
(261, '418497-3610', 'MF4909', 'S76', 0, 0, 0, '2025-06-18', '', 'gudang'),
(262, '418376-3611', 'MF4906', 'S76', 0, 0, 0, '2025-06-25', '', 'gudang'),
(263, '414256-3611', 'MF4915', 'S76', 0, 0, 0, '2025-07-09', '', 'gudang'),
(264, '423921-3610', 'MF4921', 'S76', 0, 0, 0, '2025-06-25', '', 'gudang'),
(265, '425289-3610', 'MF4926', 'S76', 0, 0, 0, '2025-06-25', '', 'gudang'),
(266, '419151-3611', 'MF4934', 'S76', 0, 0, 0, '2025-07-09', '', 'gudang'),
(267, '409012-3611', 'MF4933', 'S76', 0, 0, 0, '2025-07-09', '', 'gudang'),
(268, '22430906007-AU25', 'LN2422', 'S61', 0, 0, 0, '2025-07-13', '', 'gudang'),
(269, '331084-3611', 'MF4931', 'S76', 0, 0, 0, '2025-07-30', '', 'gudang'),
(270, '5403000002', 'Y25003', 'SI9', 0, 0, 0, '2025-07-09', '', 'gudang'),
(271, '5403100001', 'Y25004', 'SI9', 0, 0, 0, '2025-07-09', '', 'gudang'),
(272, '22411951009-AU25', 'LN2417', 'S61', 0, 0, 0, '2025-07-13', '', 'gudang'),
(273, '22411950007-AU25', 'LN2416', 'S61', 0, 0, 0, '2025-07-13', '', 'gudang'),
(274, '22411953007-AU25', 'LN2418', 'S61', 0, 0, 0, '2025-07-13', '', 'gudang'),
(275, '22411958006-AU25', 'LN2419', 'S61', 0, 0, 0, '2025-07-13', '', 'gudang'),
(276, '22411952008-AU25', 'LN2420', 'S61', 0, 0, 0, '2025-07-13', '', 'gudang'),
(277, '341015-3611', 'MF4962', 'S76', 0, 0, 0, '2025-08-27', '', 'gudang'),
(278, '419026-3611', 'MF4968', 'S76', 0, 0, 0, '2025-07-23', '', 'gudang'),
(279, '22411950BLK01-WI25', 'LN2435', 'S61', 0, 0, 0, '2025-08-13', '', 'gudang'),
(280, '22411951WHT01-WI25', 'LN2436', 'S61', 0, 0, 0, '2025-08-13', '', 'gudang'),
(281, '22411953SND01-WI25', 'LN2437', 'S61', 0, 0, 0, '2025-08-13', '', 'gudang'),
(282, '22411958SRB01-WI25', 'LN2438', 'S61', 0, 0, 0, '2025-08-13', '', 'gudang'),
(283, '22411952SLV01-WI25', 'LN2439', 'S61', 0, 0, 0, '2025-08-13', '', 'gudang'),
(284, '22430906BLUE01-WI25', 'LN2441', 'S61', 0, 0, 0, '2025-08-13', '', 'gudang'),
(285, '22430902BLK01-WI25', 'LN2440', 'S61', 0, 0, 0, '2025-08-13', '', 'gudang'),
(286, '505451', 'DB2504', 'S4Z', 0, 0, 0, '2025-09-05', '', 'gudang'),
(287, '342688-3611', 'MF4975', 'S76', 0, 0, 0, '2025-08-27', '', 'gudang'),
(288, '22432901007-AU25', 'LN2430', 'S61', 0, 0, 0, '2025-07-13', '', 'gudang'),
(289, '22432900BLK01-WI25', 'LN2448', 'S61', 0, 0, 0, '2025-08-13', '', 'gudang'),
(290, '22432901WHT01-WI25', 'LN2449', 'S61', 0, 0, 0, '2025-08-13', '', 'gudang'),
(291, '493843-2504', 'H25003', 'S4Z', 0, 0, 0, '2025-09-05', '', 'gudang'),
(292, '493850', 'SL2502', 'S4Z', 0, 0, 0, '2025-09-05', '', 'gudang'),
(293, '95102780004-AU25', 'LS0288', 'S61', 0, 0, 0, '2025-06-02', '', 'gudang'),
(294, '95102802002-WI25', 'LS0283', 'S61', 0, 0, 0, '2025-06-26', '', 'gudang'),
(295, '415491-6190', 'GP0596', 'S8C', 0, 0, 0, '2025-06-18', '', 'gudang'),
(296, '420105-6190', 'GP0599', 'S8C', 0, 0, 0, '2025-06-25', '', 'gudang'),
(297, '493814', 'DB2506', 'S4Z', 0, 0, 0, '2025-09-05', '', 'gudang'),
(298, '22420708002-AU25', 'LN2327', 'S61', 0, 0, 0, '2025-06-02', '', 'gudang'),
(299, '95165783003-AU25', 'LS0314', 'S61', 0, 0, 0, '2025-06-23', '', 'gudang'),
(300, '484137_2501', 'G25002', 'S4Z', 0, 0, 0, '2025-07-11', '', 'gudang'),
(301, '22432901005-AU25', 'LN2395', 'S61', 0, 0, 0, '2025-06-13', '', 'gudang'),
(302, '910011098004', 'AK5146', 'A2K', 0, 0, 0, '2025-06-09', '', 'gudang'),
(303, '910011100004', 'AK5147', 'A2K', 0, 0, 0, '2025-06-20', '', 'gudang'),
(304, '22432900007-AU25', 'LN2429', 'S61', 0, 0, 0, '2025-07-13', '', 'gudang');

-- --------------------------------------------------------

--
-- Table structure for table `user`
--

CREATE TABLE `user` (
  `id_user` int(11) UNSIGNED NOT NULL,
  `username` varchar(30) NOT NULL,
  `nama` varchar(30) NOT NULL,
  `password` varchar(50) NOT NULL,
  `role` enum('user','monitoring','gudang','packing') NOT NULL DEFAULT 'user'
) ENGINE=InnoDB DEFAULT CHARSET=utf8mb4 COLLATE=utf8mb4_general_ci;

--
-- Dumping data for table `user`
--

INSERT INTO `user` (`id_user`, `username`, `nama`, `password`, `role`) VALUES
(1, 'gudang', 'GUDANG', 'gudang', 'gudang'),
(2, 'packing', 'PACKING', 'packing', 'packing'),
(3, 'mon', 'MONITORING', 'mon', 'monitoring'),
(4, 'manajemengd', 'MANAJEMEN GD', 'manajemengd', 'user');

--
-- Indexes for dumped tables
--

--
-- Indexes for table `layout`
--
ALTER TABLE `layout`
  ADD PRIMARY KEY (`jalur`);

--
-- Indexes for table `migrations`
--
ALTER TABLE `migrations`
  ADD PRIMARY KEY (`id`);

--
-- Indexes for table `pemasukan`
--
ALTER TABLE `pemasukan`
  ADD PRIMARY KEY (`id_masuk`),
  ADD KEY `pemasukan_id_anak_foreign` (`id_anak`);

--
-- Indexes for table `pengeluaran`
--
ALTER TABLE `pengeluaran`
  ADD PRIMARY KEY (`id_keluar`),
  ADD KEY `pengeluaran_id_anak_foreign` (`id_anak`),
  ADD KEY `pengeluaran_jalur_foreign` (`jalur`);

--
-- Indexes for table `permintaan`
--
ALTER TABLE `permintaan`
  ADD PRIMARY KEY (`id_minta`),
  ADD KEY `permintaan_id_anak_foreign` (`id_anak`);

--
-- Indexes for table `pesan`
--
ALTER TABLE `pesan`
  ADD PRIMARY KEY (`id_pesan`);

--
-- Indexes for table `stock`
--
ALTER TABLE `stock`
  ADD PRIMARY KEY (`id_stock`),
  ADD KEY `stock_id_anak_foreign` (`id_anak`),
  ADD KEY `stock_jalur_foreign` (`jalur`);

--
-- Indexes for table `tabel_anak`
--
ALTER TABLE `tabel_anak`
  ADD PRIMARY KEY (`id_anak`),
  ADD KEY `tabel_anak_id_induk_foreign` (`id_induk`);

--
-- Indexes for table `tabel_induk`
--
ALTER TABLE `tabel_induk`
  ADD PRIMARY KEY (`id_induk`);

--
-- Indexes for table `user`
--
ALTER TABLE `user`
  ADD PRIMARY KEY (`id_user`);

--
-- AUTO_INCREMENT for dumped tables
--

--
-- AUTO_INCREMENT for table `migrations`
--
ALTER TABLE `migrations`
  MODIFY `id` bigint(20) UNSIGNED NOT NULL AUTO_INCREMENT, AUTO_INCREMENT=10;

--
-- AUTO_INCREMENT for table `pemasukan`
--
ALTER TABLE `pemasukan`
  MODIFY `id_masuk` int(11) UNSIGNED NOT NULL AUTO_INCREMENT, AUTO_INCREMENT=554;

--
-- AUTO_INCREMENT for table `pengeluaran`
--
ALTER TABLE `pengeluaran`
  MODIFY `id_keluar` int(11) UNSIGNED NOT NULL AUTO_INCREMENT;

--
-- AUTO_INCREMENT for table `permintaan`
--
ALTER TABLE `permintaan`
  MODIFY `id_minta` int(11) UNSIGNED NOT NULL AUTO_INCREMENT;

--
-- AUTO_INCREMENT for table `pesan`
--
ALTER TABLE `pesan`
  MODIFY `id_pesan` int(11) UNSIGNED NOT NULL AUTO_INCREMENT;

--
-- AUTO_INCREMENT for table `stock`
--
ALTER TABLE `stock`
  MODIFY `id_stock` int(11) UNSIGNED NOT NULL AUTO_INCREMENT, AUTO_INCREMENT=98;

--
-- AUTO_INCREMENT for table `tabel_anak`
--
ALTER TABLE `tabel_anak`
  MODIFY `id_anak` int(11) UNSIGNED NOT NULL AUTO_INCREMENT, AUTO_INCREMENT=2492;

--
-- AUTO_INCREMENT for table `tabel_induk`
--
ALTER TABLE `tabel_induk`
  MODIFY `id_induk` int(11) UNSIGNED NOT NULL AUTO_INCREMENT, AUTO_INCREMENT=305;

--
-- AUTO_INCREMENT for table `user`
--
ALTER TABLE `user`
  MODIFY `id_user` int(11) UNSIGNED NOT NULL AUTO_INCREMENT, AUTO_INCREMENT=5;

--
-- Constraints for dumped tables
--

--
-- Constraints for table `pemasukan`
--
ALTER TABLE `pemasukan`
  ADD CONSTRAINT `pemasukan_id_anak_foreign` FOREIGN KEY (`id_anak`) REFERENCES `tabel_anak` (`id_anak`) ON DELETE CASCADE;

--
-- Constraints for table `pengeluaran`
--
ALTER TABLE `pengeluaran`
  ADD CONSTRAINT `pengeluaran_id_anak_foreign` FOREIGN KEY (`id_anak`) REFERENCES `tabel_anak` (`id_anak`) ON DELETE CASCADE,
  ADD CONSTRAINT `pengeluaran_jalur_foreign` FOREIGN KEY (`jalur`) REFERENCES `layout` (`jalur`) ON DELETE CASCADE;

--
-- Constraints for table `permintaan`
--
ALTER TABLE `permintaan`
  ADD CONSTRAINT `permintaan_id_anak_foreign` FOREIGN KEY (`id_anak`) REFERENCES `tabel_anak` (`id_anak`) ON DELETE CASCADE;

--
-- Constraints for table `stock`
--
ALTER TABLE `stock`
  ADD CONSTRAINT `stock_id_anak_foreign` FOREIGN KEY (`id_anak`) REFERENCES `tabel_anak` (`id_anak`) ON DELETE CASCADE,
  ADD CONSTRAINT `stock_jalur_foreign` FOREIGN KEY (`jalur`) REFERENCES `layout` (`jalur`) ON DELETE CASCADE;

--
-- Constraints for table `tabel_anak`
--
ALTER TABLE `tabel_anak`
  ADD CONSTRAINT `tabel_anak_id_induk_foreign` FOREIGN KEY (`id_induk`) REFERENCES `tabel_induk` (`id_induk`) ON DELETE CASCADE;
COMMIT;

/*!40101 SET CHARACTER_SET_CLIENT=@OLD_CHARACTER_SET_CLIENT */;
/*!40101 SET CHARACTER_SET_RESULTS=@OLD_CHARACTER_SET_RESULTS */;
/*!40101 SET COLLATION_CONNECTION=@OLD_COLLATION_CONNECTION */;
